Customer_ID,Age,Gender,Annual_Income,Occupation,City,Membership_Level,Spending_Score,Purchase_Frequency,Average_Order_Value,Days_Since_Last_Purchase,Preferred_Category,Online_Visits,Discount_Usage,Returns_Count,Tenure_Years,Total_Spending,Payment_Method,Satisfaction_Score
1,56,Female,32205,Teacher,Houston,Platinum,97,14,487.7,39,Home,6,10,6,9,7451.78,Net Banking,5
2,69,Male,71677,Business,New York,Silver,19,39,67.11,145,Toys,16,4,3,10,2752.17,Credit Card,2
3,46,Female,47930,Retired,Dallas,Silver,91,39,388.8,97,Toys,1,27,1,15,17537.91,Credit Card,8
4,32,Male,88313,Student,Boston,Gold,37,9,190.43,247,Toys,22,1,4,0,1568.64,Debit Card,6
5,60,Male,128153,Retired,Dallas,Gold,63,23,433.98,11,Toys,46,13,7,4,10110.53,Cash,6
6,25,Female,33316,Business,San Francisco,Gold,29,12,46.34,23,Fashion,62,27,1,1,540.58,Credit Card,3
7,38,Female,111058,Freelancer,New York,Platinum,60,29,193.61,224,Home,23,12,8,15,6073.14,Debit Card,1
8,56,Female,102876,Business,Houston,Silver,92,38,174.37,244,Fashion,21,13,4,10,6348.07,Cash,8
9,36,Male,100366,Student,Miami,Platinum,34,39,496.65,170,Beauty,51,27,5,13,22413.13,UPI,7
10,40,Female,28403,Freelancer,Boston,Gold,1,22,492.92,31,Sports,95,2,6,7,10802.73,Net Banking,1
11,28,Male,95052,Freelancer,Dallas,Bronze,48,4,103.0,113,Sports,38,7,12,12,417.93,Cash,8
12,28,Female,88495,Other,Los Angeles,Silver,89,48,318.67,208,Home,28,12,8,6,15255.74,Credit Card,10
13,41,Female,111090,Student,Houston,Silver,21,7,272.4,302,Fashion,44,21,6,10,2000.34,Debit Card,2
14,70,Female,51701,Freelancer,Dallas,Platinum,34,40,85.64,34,Sports,91,11,3,5,3439.85,Debit Card,8
15,53,Male,149457,Engineer,Houston,Bronze,26,8,92.21,204,Toys,39,17,4,1,866.75,UPI,5
16,57,Female,72241,Teacher,Boston,Silver,36,35,494.73,265,Beauty,42,17,11,2,14760.62,Debit Card,8
17,41,Female,80030,Retired,San Francisco,Bronze,99,9,231.84,64,Toys,42,16,2,8,1680.45,Credit Card,6
18,20,Male,120185,Engineer,Chicago,Bronze,23,13,71.64,97,Home,60,6,0,8,939.44,Cash,2
19,39,Male,51404,Engineer,Dallas,Bronze,81,39,115.25,184,Electronics,57,21,2,6,4970.53,UPI,7
20,70,Female,70182,Student,Houston,Silver,47,20,141.49,237,Grocery,77,12,12,1,2997.55,Net Banking,6
21,19,Female,47991,Other,Chicago,Gold,76,21,260.35,265,Books,96,12,0,13,6479.32,Net Banking,4
22,41,Female,119601,Student,Chicago,Bronze,44,47,174.42,231,Sports,7,5,4,12,7155.9,Credit Card,9
23,61,Male,80886,Retired,Los Angeles,Silver,20,19,232.96,108,Fashion,51,20,6,11,4769.69,UPI,4
24,47,Male,137002,Teacher,Chicago,Bronze,27,2,91.58,177,Sports,97,18,8,11,206.3,UPI,1
25,55,Male,98848,Business,Boston,Bronze,61,44,170.1,248,Fashion,77,23,3,11,8718.02,Credit Card,3
26,19,Male,72692,Engineer,New York,Silver,37,40,44.46,323,Home,32,18,9,12,1798.71,UPI,8
27,38,Female,52500,Freelancer,Chicago,Bronze,84,30,445.96,359,Home,7,20,13,6,12646.21,Debit Card,3
28,50,Male,48785,Teacher,Miami,Silver,52,23,107.39,4,Grocery,76,23,9,15,2919.86,Debit Card,7
29,29,Male,99146,Engineer,Houston,Bronze,75,40,380.88,156,Toys,40,29,15,0,17011.45,Credit Card,1
30,39,Male,62997,Business,Chicago,Bronze,92,13,181.28,229,Sports,15,27,0,8,2329.16,Credit Card,4
31,61,Female,22170,Other,Seattle,Silver,62,33,242.45,115,Grocery,59,15,6,13,8484.63,Debit Card,4
32,42,Female,86743,Freelancer,New York,Silver,66,32,152.72,260,Fashion,85,2,2,13,4454.2,Cash,9
33,66,Male,50187,Engineer,Phoenix,Bronze,24,28,351.26,315,Beauty,12,13,0,8,10287.08,Credit Card,1
34,44,Male,147965,Doctor,New York,Silver,80,24,423.83,320,Beauty,77,20,3,5,10334.79,Debit Card,9
35,59,Female,53090,Retired,San Francisco,Gold,12,42,150.27,126,Books,42,26,13,9,5148.1,Cash,10
36,45,Female,74412,Teacher,Phoenix,Gold,16,28,128.69,27,Electronics,39,5,15,13,4130.48,Cash,8
37,33,Female,71030,Retired,Los Angeles,Bronze,36,30,343.91,338,Fashion,63,16,15,0,10276.82,Debit Card,10
38,32,Female,32509,Student,New York,Silver,2,41,105.62,227,Fashion,2,15,10,7,4295.32,Debit Card,6
39,64,Female,83653,Engineer,San Francisco,Silver,89,29,323.52,128,Toys,29,1,8,5,8569.33,UPI,4
40,68,Female,144626,Freelancer,New York,Bronze,62,34,56.27,28,Fashion,61,22,14,8,1680.83,Cash,6
41,61,Female,19042,Freelancer,Chicago,Gold,64,22,313.87,178,Home,29,8,5,8,6328.9,Net Banking,6
42,69,Female,52201,Teacher,Dallas,Platinum,29,25,261.57,163,Home,100,12,5,14,6931.55,UPI,2
43,20,Male,29016,Teacher,Dallas,Gold,92,14,65.81,159,Beauty,38,13,6,6,773.06,UPI,7
44,54,Male,40022,Retired,San Francisco,Gold,74,10,328.06,319,Beauty,7,25,0,3,3061.28,Cash,9
45,68,Male,42938,Freelancer,New York,Gold,87,10,228.81,287,Books,30,19,4,10,2726.26,Cash,8
46,24,Male,133171,Freelancer,San Francisco,Silver,96,8,116.39,264,Books,87,20,3,0,846.03,Cash,3
47,38,Male,76720,Freelancer,Los Angeles,Silver,31,14,183.16,296,Beauty,92,11,3,2,3042.89,Credit Card,8
48,26,Male,120514,Engineer,Dallas,Gold,83,45,251.13,24,Sports,56,19,6,5,9514.46,Debit Card,4
49,56,Female,148058,Freelancer,Seattle,Silver,15,38,54.86,144,Sports,87,10,1,14,2329.83,Debit Card,10
50,35,Female,91478,Student,Phoenix,Bronze,55,32,479.23,174,Beauty,36,18,4,0,14965.71,Debit Card,1
51,21,Male,142101,Freelancer,Boston,Bronze,33,45,336.13,7,Grocery,42,9,6,3,13279.39,Cash,3
52,42,Male,109699,Student,Chicago,Gold,81,32,60.24,313,Sports,93,17,2,7,2149.3,UPI,1
53,31,Female,114273,Engineer,Seattle,Bronze,52,3,413.2,108,Home,4,29,13,11,995.14,Cash,5
54,67,Female,78745,Teacher,Seattle,Silver,100,20,168.05,128,Sports,84,2,15,7,3155.5,Cash,10
55,26,Female,147283,Other,Houston,Platinum,20,13,302.43,1,Sports,5,15,1,5,4096.49,UPI,9
56,43,Male,146301,Student,Seattle,Gold,73,23,145.8,9,Sports,46,30,15,13,2992.53,Net Banking,7
57,70,Female,133972,Engineer,Phoenix,Platinum,38,19,369.37,346,Books,75,17,11,5,6547.92,Credit Card,3
58,19,Male,116489,Other,Phoenix,Silver,3,16,364.27,116,Books,2,13,0,2,4875.86,Net Banking,7
59,37,Male,46819,Other,Chicago,Bronze,54,36,280.5,318,Electronics,54,23,4,6,11524.7,Cash,8
60,45,Female,62779,Freelancer,San Francisco,Gold,66,35,128.05,10,Sports,88,16,11,14,4342.22,Debit Card,4
61,64,Female,107244,Engineer,Miami,Bronze,18,47,134.31,95,Grocery,59,4,11,11,5416.93,Debit Card,3
62,24,Male,80584,Other,Miami,Silver,87,47,197.6,92,Books,33,16,4,7,8169.37,UPI,2
63,61,Female,73032,Freelancer,New York,Bronze,83,50,81.06,101,Electronics,22,20,3,14,3688.5,Cash,8
64,25,Female,130074,Retired,New York,Bronze,7,7,175.45,97,Home,47,13,7,1,1095.25,UPI,3
65,64,Male,114273,Engineer,Boston,Silver,35,37,345.33,281,Home,6,2,15,12,12794.11,UPI,7
66,52,Female,43036,Other,Phoenix,Bronze,84,8,417.11,294,Sports,24,30,1,14,3877.75,Credit Card,2
67,31,Male,86356,Teacher,New York,Silver,84,25,172.97,347,Fashion,93,24,14,4,3777.52,UPI,5
68,34,Male,18052,Student,Houston,Gold,83,23,124.46,155,Electronics,49,14,15,5,2809.27,Cash,5
69,53,Female,59377,Retired,New York,Bronze,80,10,417.99,144,Books,96,11,12,0,4453.98,Credit Card,9
70,67,Male,82819,Teacher,Los Angeles,Bronze,85,30,446.44,363,Home,94,16,11,11,11699.2,Debit Card,8
71,57,Male,128689,Doctor,Los Angeles,Silver,93,33,210.91,210,Sports,51,25,3,4,5996.74,Credit Card,8
72,21,Female,45461,Freelancer,Houston,Silver,60,11,23.18,154,Toys,41,16,4,2,219.83,Cash,10
73,19,Female,35750,Other,Seattle,Platinum,24,35,350.53,241,Grocery,67,23,8,2,14143.11,Net Banking,2
74,23,Female,24472,Student,Los Angeles,Bronze,93,27,394.18,75,Toys,89,18,15,5,11542.25,Credit Card,2
75,59,Male,84263,Teacher,Miami,Gold,95,3,18.83,322,Beauty,92,26,2,10,52.79,Net Banking,10
76,21,Male,127036,Student,Miami,Silver,39,47,301.57,174,Home,79,6,12,0,16456.12,Credit Card,7
77,46,Female,40523,Doctor,Los Angeles,Silver,12,49,298.3,110,Sports,81,25,0,15,17268.44,Credit Card,4
78,35,Male,118262,Business,New York,Bronze,94,50,195.57,17,Fashion,2,4,13,4,9380.61,UPI,3
79,43,Female,81060,Freelancer,Boston,Silver,53,8,377.39,290,Grocery,91,1,3,4,3031.74,Net Banking,3
80,61,Female,24079,Freelancer,Boston,Bronze,64,13,219.81,273,Home,100,15,9,4,2695.32,Net Banking,7
81,51,Male,75726,Engineer,Miami,Bronze,4,42,341.62,237,Electronics,78,29,5,2,12784.42,Credit Card,1
82,27,Female,107906,Other,Los Angeles,Silver,94,3,263.39,197,Grocery,43,12,6,5,878.67,Cash,4
83,53,Male,31532,Freelancer,Seattle,Gold,5,20,131.75,161,Sports,32,10,3,10,2792.11,Cash,6
84,31,Male,137689,Freelancer,Chicago,Gold,16,46,307.19,199,Books,12,6,3,0,13378.37,Net Banking,9
85,48,Female,58162,Teacher,New York,Silver,27,45,371.09,233,Home,23,22,5,13,13455.29,UPI,1
86,65,Male,149821,Retired,New York,Silver,4,35,487.21,339,Home,16,2,0,9,18850.85,UPI,1
87,32,Female,26353,Freelancer,Boston,Silver,72,13,196.25,42,Fashion,44,5,4,12,2528.16,Cash,2
88,25,Male,127313,Freelancer,Los Angeles,Platinum,48,20,41.59,81,Home,2,4,15,0,689.76,UPI,7
89,31,Male,43477,Other,San Francisco,Silver,8,24,494.11,26,Books,7,0,10,10,10077.48,Credit Card,7
90,40,Male,101373,Doctor,Dallas,Bronze,81,9,315.67,303,Grocery,21,0,2,1,2986.92,Credit Card,5
91,57,Female,19551,Retired,Los Angeles,Bronze,46,30,473.76,68,Home,58,17,7,3,14476.2,Net Banking,4
92,38,Male,83359,Doctor,Houston,Silver,44,25,60.88,198,Toys,95,22,4,9,1364.0,Debit Card,10
93,33,Female,141150,Other,Los Angeles,Silver,67,16,177.6,215,Grocery,23,2,6,14,2432.27,Cash,6
94,62,Male,62636,Student,New York,Bronze,91,8,75.63,123,Beauty,60,24,7,8,698.15,Cash,8
95,35,Male,44685,Student,Chicago,Gold,52,44,419.4,15,Books,25,18,7,9,15758.39,Debit Card,7
96,64,Female,66134,Freelancer,Houston,Gold,34,28,441.37,125,Beauty,35,9,12,7,10310.22,UPI,2
97,70,Female,103916,Freelancer,Boston,Silver,62,12,255.64,13,Sports,99,19,1,10,3214.86,Credit Card,2
98,41,Female,122967,Engineer,Phoenix,Bronze,21,24,101.44,38,Electronics,45,10,12,9,2193.59,Credit Card,6
99,43,Female,109455,Student,Phoenix,Bronze,24,49,72.29,198,Electronics,7,7,14,10,3764.09,Cash,1
100,42,Female,64756,Teacher,San Francisco,Platinum,44,29,298.2,107,Toys,69,19,1,1,8610.09,Cash,5
101,62,Male,137863,Freelancer,Boston,Gold,41,15,258.12,267,Fashion,32,22,12,0,3424.6,UPI,1
102,58,Male,76192,Teacher,Seattle,Bronze,29,18,350.45,352,Books,53,10,14,3,5222.2,UPI,7
103,46,Female,63733,Freelancer,Miami,Bronze,6,7,159.55,310,Sports,69,4,14,4,925.04,Cash,3
104,32,Male,40993,Other,San Francisco,Silver,56,13,207.16,39,Electronics,25,21,9,1,2785.57,UPI,9
105,62,Male,39143,Teacher,Phoenix,Bronze,14,19,20.47,346,Home,95,23,4,11,429.11,Debit Card,5
106,18,Male,122044,Business,Miami,Silver,50,48,308.97,268,Grocery,84,3,12,9,15955.66,Credit Card,1
107,42,Female,143406,Teacher,Seattle,Platinum,78,43,217.34,68,Sports,86,12,2,5,9692.73,Cash,10
108,24,Male,84351,Retired,Boston,Bronze,52,5,460.68,151,Grocery,77,5,11,7,2037.06,Debit Card,4
109,26,Male,85309,Student,Miami,Bronze,88,26,324.48,186,Fashion,2,28,11,11,9657.37,Debit Card,8
110,41,Male,134156,Freelancer,Boston,Gold,77,2,205.36,351,Books,86,25,9,10,431.89,Net Banking,7
111,18,Female,91000,Student,Seattle,Bronze,1,33,139.16,240,Home,61,1,0,11,4949.01,Cash,6
112,61,Male,36576,Retired,Dallas,Platinum,12,48,453.59,226,Sports,9,24,7,4,19367.18,Net Banking,9
113,25,Male,18320,Retired,Houston,Silver,24,37,17.97,203,Home,51,27,5,15,601.46,Debit Card,4
114,41,Female,118002,Teacher,Miami,Platinum,37,25,170.19,266,Toys,2,24,2,3,4948.36,Cash,10
115,28,Female,41572,Doctor,Miami,Bronze,84,25,472.32,117,Home,45,30,7,6,11694.99,Net Banking,1
116,68,Male,32948,Doctor,Boston,Bronze,70,39,330.48,316,Books,32,27,12,12,13166.3,Credit Card,10
117,34,Male,131528,Retired,Boston,Silver,76,30,271.03,291,Home,72,25,10,4,6864.97,Cash,6
118,25,Female,104051,Doctor,Miami,Silver,85,41,109.73,221,Fashion,80,25,0,11,4309.21,Net Banking,4
119,52,Female,42867,Freelancer,Boston,Bronze,3,4,418.35,62,Books,97,5,2,7,1932.47,UPI,1
120,52,Female,59678,Engineer,Chicago,Platinum,27,19,110.06,4,Beauty,75,21,8,6,2425.85,Cash,10
121,50,Female,122561,Business,Chicago,Gold,53,27,131.64,333,Fashion,32,9,5,4,3881.49,UPI,3
122,22,Female,27963,Teacher,Dallas,Silver,100,47,104.01,291,Toys,8,22,0,12,4977.71,Cash,1
123,59,Female,64434,Engineer,Dallas,Bronze,17,39,87.49,144,Home,96,3,8,13,4000.12,Net Banking,5
124,56,Female,81617,Doctor,Dallas,Gold,15,24,477.12,149,Beauty,85,15,6,10,13154.04,Net Banking,8
125,58,Male,132569,Teacher,Phoenix,Gold,39,50,305.0,158,Sports,89,22,0,14,17362.74,Cash,2
126,45,Female,112352,Engineer,Phoenix,Silver,4,37,322.54,268,Grocery,20,30,0,7,13756.57,Debit Card,6
127,24,Female,94732,Student,Los Angeles,Platinum,17,25,477.62,318,Grocery,65,9,4,0,11717.16,Net Banking,6
128,26,Male,122648,Doctor,San Francisco,Bronze,11,29,122.98,10,Grocery,21,0,10,7,3602.78,Cash,5
129,25,Female,96494,Other,Houston,Bronze,12,31,12.9,68,Toys,7,12,3,2,387.75,Cash,7
130,29,Female,92225,Engineer,Chicago,Bronze,32,45,303.45,191,Fashion,89,13,11,0,14966.52,Credit Card,1
131,51,Male,97867,Other,Seattle,Gold,27,35,258.84,101,Sports,9,22,7,8,9392.52,UPI,10
132,50,Female,93972,Freelancer,Houston,Silver,44,28,244.05,31,Sports,86,11,12,10,5657.23,Credit Card,4
133,65,Male,111261,Student,Houston,Bronze,43,38,40.32,201,Beauty,2,12,1,12,1309.45,UPI,6
134,40,Male,105748,Doctor,Seattle,Bronze,91,44,232.67,265,Sports,19,0,5,5,8977.55,UPI,4
135,41,Male,139481,Business,New York,Bronze,49,50,150.9,107,Grocery,60,26,14,14,8059.73,Credit Card,6
136,54,Male,144529,Retired,Miami,Bronze,93,50,144.54,53,Sports,70,13,7,10,6099.02,Debit Card,2
137,52,Female,17251,Doctor,San Francisco,Silver,73,4,118.97,337,Beauty,59,7,0,12,483.65,Cash,9
138,61,Male,114108,Other,Los Angeles,Bronze,43,28,172.94,189,Sports,69,25,2,10,5502.49,Net Banking,4
139,57,Male,112382,Freelancer,Dallas,Bronze,3,31,183.04,238,Sports,45,21,0,7,6689.96,Cash,5
140,39,Female,24583,Business,Seattle,Gold,29,23,161.3,342,Grocery,62,13,6,10,3603.4,Credit Card,7
141,44,Male,65387,Business,Phoenix,Silver,85,14,489.59,337,Sports,10,29,15,15,6945.91,Debit Card,8
142,52,Male,38104,Business,Dallas,Gold,35,28,467.04,290,Fashion,65,0,0,13,14811.29,Net Banking,1
143,18,Male,27224,Teacher,Boston,Bronze,48,14,291.51,322,Books,26,26,15,9,4792.47,Net Banking,7
144,52,Male,75624,Teacher,Seattle,Bronze,74,1,490.72,320,Beauty,90,27,11,11,469.1,Debit Card,10
145,54,Female,119320,Other,Dallas,Silver,87,43,495.69,272,Beauty,60,16,8,10,20061.88,Net Banking,9
146,64,Male,93572,Retired,Miami,Bronze,39,32,184.41,41,Beauty,18,15,7,3,5785.09,Net Banking,2
147,31,Female,100469,Business,Miami,Bronze,89,41,228.14,197,Sports,59,11,14,12,8432.6,Debit Card,2
148,20,Female,92928,Retired,Miami,Gold,24,18,479.94,120,Fashion,21,28,10,15,9881.76,Credit Card,4
149,18,Male,19141,Student,Dallas,Platinum,20,5,308.23,333,Books,46,28,2,1,1429.08,Credit Card,1
150,22,Male,85871,Business,Miami,Bronze,15,42,114.34,283,Home,12,19,11,5,4705.19,Net Banking,9
151,43,Male,61015,Engineer,Chicago,Bronze,85,15,347.8,294,Home,78,22,12,15,4841.3,Credit Card,5
152,31,Male,74902,Business,Phoenix,Platinum,76,42,110.82,181,Beauty,32,4,11,1,3944.96,Credit Card,3
153,56,Female,20577,Other,Los Angeles,Bronze,18,16,176.29,99,Electronics,39,20,3,0,2940.97,Net Banking,6
154,44,Female,35002,Teacher,Seattle,Silver,60,36,121.5,10,Home,99,23,14,14,4527.28,Net Banking,7
155,26,Female,65711,Teacher,Houston,Platinum,87,36,130.04,232,Home,81,17,8,6,4297.37,Credit Card,4
156,32,Male,54451,Engineer,Dallas,Platinum,93,40,12.28,116,Grocery,55,3,9,15,399.13,UPI,2
157,32,Female,49831,Engineer,Dallas,Silver,41,30,441.55,63,Electronics,55,19,5,13,15560.65,Debit Card,5
158,43,Male,111498,Doctor,Phoenix,Bronze,100,38,155.04,175,Electronics,10,10,4,6,5551.1,Credit Card,7
159,59,Male,143949,Student,New York,Bronze,69,23,52.32,82,Toys,35,7,12,5,1222.01,Credit Card,10
160,30,Male,110119,Student,San Francisco,Gold,90,11,52.62,1,Beauty,80,21,14,11,496.34,UPI,10
161,68,Male,81830,Other,Boston,Platinum,75,25,282.45,298,Books,6,25,4,1,6358.42,Cash,3
162,49,Male,95632,Other,Seattle,Silver,11,45,496.53,216,Toys,68,8,0,4,21765.17,Cash,2
163,56,Female,51833,Other,New York,Gold,56,43,81.06,241,Books,62,25,15,0,3572.36,Debit Card,2
164,66,Female,39398,Other,Boston,Gold,18,2,58.81,296,Electronics,9,24,11,1,134.28,Net Banking,4
165,69,Male,76554,Other,San Francisco,Silver,12,35,224.77,59,Electronics,29,19,13,12,7207.43,Credit Card,4
166,49,Female,65755,Other,Houston,Gold,16,47,286.03,202,Home,71,9,14,11,15442.61,UPI,5
167,21,Male,79994,Student,Dallas,Silver,27,24,154.25,39,Fashion,80,6,14,4,3640.46,Net Banking,3
168,47,Male,78884,Freelancer,Miami,Silver,100,13,158.24,314,Grocery,6,18,0,4,2001.72,Net Banking,1
169,54,Male,99361,Teacher,Phoenix,Bronze,17,42,217.99,44,Sports,44,21,2,6,8776.23,Cash,4
170,40,Female,32482,Student,Seattle,Gold,85,37,163.93,297,Beauty,64,28,1,14,7002.34,Credit Card,1
171,56,Male,69225,Other,Phoenix,Silver,31,30,458.51,118,Home,67,0,15,15,12385.37,Debit Card,8
172,62,Male,89854,Doctor,Los Angeles,Bronze,35,11,30.56,130,Home,44,4,9,4,384.21,UPI,5
173,32,Female,56256,Doctor,Houston,Gold,27,23,124.94,279,Beauty,78,5,13,10,2401.32,Credit Card,2
174,60,Female,123721,Student,Los Angeles,Silver,87,46,406.19,49,Electronics,14,11,0,5,22087.81,Net Banking,5
175,46,Female,96110,Engineer,San Francisco,Platinum,32,28,418.64,87,Sports,9,27,11,1,11736.06,Net Banking,5
176,53,Male,128606,Doctor,San Francisco,Bronze,17,29,64.66,20,Home,100,11,4,4,2249.35,Debit Card,1
177,30,Male,29650,Retired,Chicago,Silver,11,15,487.14,231,Sports,23,20,13,7,7622.57,Cash,5
178,49,Female,43930,Engineer,San Francisco,Bronze,1,45,349.74,42,Sports,57,13,13,0,13330.98,Debit Card,8
179,24,Male,115400,Retired,New York,Platinum,92,3,143.57,22,Beauty,57,6,10,10,355.06,Debit Card,10
180,68,Female,26801,Teacher,New York,Bronze,82,9,233.46,215,Toys,15,27,2,12,1843.47,Credit Card,2
181,39,Female,66360,Freelancer,Miami,Silver,49,8,155.6,276,Beauty,64,19,14,12,1205.54,Cash,8
182,45,Male,102908,Doctor,Dallas,Gold,41,47,83.51,193,Books,7,20,14,13,4313.05,Net Banking,8
183,19,Male,47334,Engineer,Phoenix,Bronze,20,33,152.68,214,Toys,20,19,13,9,4032.19,Cash,1
184,59,Female,28288,Other,Dallas,Platinum,71,34,294.25,178,Home,64,13,6,6,9033.45,Credit Card,4
185,62,Female,27191,Retired,Dallas,Gold,37,9,414.73,142,Home,19,15,7,15,3863.31,Credit Card,5
186,70,Female,33051,Student,New York,Bronze,16,17,188.13,313,Books,6,8,9,7,2939.65,Debit Card,10
187,23,Female,76715,Retired,Phoenix,Bronze,39,41,180.47,25,Books,51,1,5,14,6975.86,Credit Card,8
188,45,Male,25737,Retired,Miami,Bronze,45,1,239.32,217,Toys,39,16,11,10,220.25,Cash,3
189,45,Female,80140,Teacher,Houston,Bronze,64,40,325.83,58,Home,65,30,4,12,15395.77,Debit Card,1
190,61,Female,20147,Business,Chicago,Gold,47,5,378.29,345,Fashion,71,3,14,4,1562.97,Debit Card,7
191,61,Female,65508,Business,New York,Platinum,23,30,170.13,44,Beauty,99,13,9,3,5935.86,Debit Card,4
192,37,Male,67224,Student,Los Angeles,Bronze,32,11,297.31,223,Beauty,25,13,11,0,3039.18,Cash,10
193,47,Male,34643,Teacher,Chicago,Silver,49,28,200.79,349,Fashion,23,27,4,8,5052.14,Debit Card,5
194,28,Female,53967,Teacher,Houston,Silver,81,38,361.04,255,Beauty,89,14,0,1,15822.82,UPI,6
195,45,Male,118535,Other,San Francisco,Bronze,19,17,90.69,109,Electronics,58,30,11,14,1410.43,UPI,4
196,42,Male,55733,Teacher,Dallas,Bronze,98,50,135.89,319,Electronics,11,27,5,10,8119.38,Cash,1
197,56,Male,49808,Teacher,Seattle,Bronze,78,23,218.77,339,Books,34,11,5,13,5128.5,Net Banking,8
198,50,Female,73959,Business,Miami,Silver,67,18,445.81,249,Fashion,31,12,2,13,7948.74,Net Banking,9
199,18,Female,147921,Engineer,Dallas,Silver,39,37,290.93,76,Home,38,21,14,4,12816.05,Debit Card,3
200,44,Male,83178,Teacher,San Francisco,Gold,89,27,483.04,282,Fashion,46,9,3,6,11616.67,Cash,10
201,69,Female,127255,Engineer,Houston,Bronze,60,25,60.61,86,Electronics,12,15,3,7,1763.13,Debit Card,4
202,30,Female,101322,Retired,Los Angeles,Gold,11,5,235.49,249,Sports,9,28,5,14,1220.56,Debit Card,5
203,58,Male,59565,Retired,Miami,Silver,49,19,215.35,207,Toys,13,28,13,15,4508.95,UPI,10
204,20,Male,16132,Teacher,Miami,Gold,15,27,304.1,158,Beauty,64,29,7,13,8480.12,Credit Card,9
205,56,Female,78668,Doctor,Houston,Silver,83,13,407.86,11,Grocery,20,14,11,10,5553.82,Cash,5
206,23,Male,123835,Freelancer,Chicago,Gold,61,7,422.31,224,Grocery,59,7,12,9,2548.13,Credit Card,7
207,25,Female,88169,Doctor,Boston,Gold,43,26,338.4,357,Fashion,85,3,12,14,7572.48,UPI,3
208,44,Female,115417,Retired,Dallas,Silver,15,14,324.35,300,Toys,22,0,8,3,4354.1,Credit Card,1
209,26,Male,16044,Freelancer,Chicago,Bronze,79,27,475.02,31,Grocery,65,13,8,9,12037.48,UPI,6
210,54,Female,39363,Doctor,New York,Platinum,79,8,198.01,53,Toys,60,8,4,0,1718.45,Net Banking,10
211,50,Female,61694,Teacher,Houston,Gold,73,31,418.06,241,Sports,41,18,7,6,14114.64,UPI,1
212,68,Male,147654,Engineer,New York,Platinum,5,35,461.54,114,Grocery,81,5,14,11,16566.1,Cash,6
213,59,Male,36301,Freelancer,Los Angeles,Gold,83,27,250.85,287,Electronics,45,15,15,12,6507.48,Net Banking,8
214,61,Male,89329,Business,Chicago,Silver,88,4,367.26,103,Fashion,4,25,12,9,1572.94,Debit Card,9
215,41,Female,16620,Student,Seattle,Bronze,29,42,194.74,310,Home,70,29,7,10,8792.01,Cash,8
216,32,Male,77224,Freelancer,Boston,Bronze,62,4,87.85,296,Grocery,45,23,9,10,394.85,Cash,5
217,49,Male,110419,Freelancer,Houston,Platinum,60,18,297.39,126,Beauty,58,10,3,8,6020.5,Cash,7
218,49,Male,135050,Business,Houston,Bronze,69,23,106.27,39,Books,83,20,3,0,2023.38,Credit Card,6
219,41,Male,70856,Teacher,Boston,Bronze,22,32,234.22,71,Books,94,26,2,13,7117.44,Credit Card,9
220,58,Female,70809,Doctor,Miami,Gold,13,12,437.71,234,Toys,23,22,12,0,5084.29,Debit Card,4
221,69,Female,37259,Doctor,San Francisco,Gold,50,20,52.15,246,Toys,32,10,4,14,1187.74,Credit Card,8
222,66,Male,35655,Retired,Los Angeles,Bronze,47,47,24.91,293,Fashion,63,13,7,14,1171.62,Cash,9
223,66,Female,36602,Engineer,Chicago,Bronze,29,45,307.17,246,Toys,93,10,7,14,13760.76,UPI,7
224,69,Male,100945,Teacher,Houston,Silver,80,12,172.22,311,Sports,8,25,8,6,2111.09,Debit Card,7
225,29,Male,115846,Business,Houston,Bronze,100,8,214.79,33,Electronics,85,13,13,8,1462.09,Debit Card,2
226,56,Female,95818,Teacher,Boston,Gold,17,22,208.8,128,Books,81,24,0,4,4713.58,Cash,9
227,19,Female,16537,Teacher,Seattle,Bronze,20,27,52.44,9,Grocery,81,0,13,3,1445.07,Net Banking,5
228,20,Male,141545,Doctor,Boston,Gold,78,41,11.75,167,Electronics,85,10,11,5,530.78,Credit Card,10
229,66,Male,104743,Business,Boston,Gold,6,41,450.23,271,Toys,79,29,3,8,19449.99,Net Banking,3
230,54,Female,101155,Other,Dallas,Silver,22,17,116.72,215,Sports,91,23,5,1,2345.4,Cash,4
231,66,Male,135198,Student,Chicago,Bronze,9,32,218.78,239,Books,25,17,4,4,5825.08,Net Banking,10
232,34,Female,104846,Freelancer,Miami,Silver,32,33,486.24,13,Home,33,16,3,3,17789.48,Cash,2
233,66,Male,45562,Doctor,Boston,Silver,88,31,415.11,89,Grocery,66,3,12,12,14162.98,Credit Card,3
234,19,Male,43036,Business,Seattle,Bronze,33,6,62.89,17,Home,16,21,15,2,342.53,Credit Card,6
235,19,Female,89233,Engineer,Miami,Gold,77,39,259.17,339,Toys,55,30,14,4,10910.38,Debit Card,1
236,45,Female,98049,Freelancer,Phoenix,Silver,99,9,367.74,168,Home,36,13,10,13,3520.58,Net Banking,2
237,40,Female,83681,Freelancer,Chicago,Gold,70,42,352.21,55,Fashion,72,7,2,6,13601.74,Net Banking,4
238,54,Female,42818,Other,Houston,Bronze,49,32,382.81,163,Home,80,14,1,12,13346.45,Net Banking,1
239,49,Female,77532,Other,Phoenix,Bronze,30,36,234.15,151,Fashion,7,15,8,10,9881.46,Net Banking,6
240,50,Female,72705,Doctor,Miami,Platinum,16,16,96.2,89,Home,69,0,14,2,1419.28,UPI,4
241,18,Female,35104,Retired,Miami,Silver,65,12,237.79,284,Books,87,0,9,2,3401.44,Debit Card,2
242,36,Male,139336,Engineer,Chicago,Silver,82,41,327.46,21,Beauty,8,9,2,15,11945.19,Debit Card,10
243,19,Male,142904,Doctor,San Francisco,Silver,86,3,308.21,266,Sports,3,1,3,13,789.5,UPI,4
244,70,Male,84603,Teacher,Dallas,Bronze,90,27,44.56,296,Grocery,35,24,14,5,999.58,Net Banking,8
245,61,Female,117499,Retired,Houston,Gold,14,27,41.83,245,Electronics,36,11,0,4,1000.06,UPI,6
246,43,Female,74025,Business,Phoenix,Bronze,56,9,482.98,138,Books,100,3,0,2,4072.99,Net Banking,1
247,49,Female,47317,Other,Boston,Silver,37,17,84.38,51,Electronics,79,22,9,0,1568.24,UPI,5
248,23,Male,120585,Engineer,Los Angeles,Silver,49,46,154.29,66,Grocery,30,18,8,9,5882.31,Debit Card,6
249,49,Female,63270,Freelancer,San Francisco,Platinum,78,5,386.14,84,Sports,15,26,10,14,1936.31,UPI,4
250,21,Female,134415,Doctor,Houston,Silver,90,26,210.74,249,Sports,93,0,15,1,5520.32,Cash,4
251,28,Male,95206,Other,Los Angeles,Bronze,50,21,98.92,330,Home,68,0,3,14,1851.26,Net Banking,3
252,34,Female,84468,Freelancer,Dallas,Silver,36,1,238.94,122,Electronics,98,8,9,2,195.5,UPI,10
253,55,Male,38723,Engineer,Los Angeles,Bronze,52,1,288.79,201,Grocery,87,29,3,3,257.04,Net Banking,10
254,41,Male,75646,Other,Boston,Bronze,23,35,231.86,5,Home,58,19,5,14,7239.93,Credit Card,6
255,22,Female,15074,Other,Los Angeles,Bronze,66,9,460.28,336,Grocery,99,12,1,4,4454.08,Net Banking,9
256,69,Female,41498,Freelancer,San Francisco,Silver,71,23,149.5,198,Toys,28,10,5,9,3072.34,UPI,7
257,51,Female,111881,Doctor,New York,Bronze,45,38,334.05,223,Toys,95,18,12,13,11882.83,Net Banking,9
258,23,Male,60929,Retired,San Francisco,Silver,86,41,65.02,12,Electronics,42,20,6,13,2183.23,Cash,6
259,39,Male,138199,Doctor,Boston,Platinum,28,4,202.22,5,Grocery,97,16,0,14,848.98,Cash,2
260,28,Male,41028,Student,Phoenix,Gold,20,19,373.09,120,Grocery,18,2,7,8,7015.4,UPI,6
261,65,Female,44545,Other,New York,Bronze,49,37,120.16,44,Home,5,19,12,3,4170.22,UPI,7
262,33,Female,94569,Freelancer,Dallas,Bronze,57,5,298.99,361,Toys,9,12,5,11,1616.27,Net Banking,2
263,50,Female,46673,Student,San Francisco,Silver,82,28,85.18,25,Fashion,84,27,8,8,2558.79,Debit Card,1
264,26,Female,117511,Retired,New York,Gold,88,46,60.32,3,Fashion,9,21,12,4,2583.72,Cash,6
265,23,Male,108144,Student,Miami,Bronze,97,42,266.38,292,Beauty,18,24,3,12,12125.1,Cash,8
266,33,Male,79824,Freelancer,San Francisco,Gold,59,48,340.76,276,Home,56,18,10,2,15363.38,Credit Card,6
267,46,Male,38525,Engineer,New York,Silver,26,23,65.55,283,Beauty,15,30,1,6,1340.0,Credit Card,8
268,20,Male,72804,Teacher,Chicago,Silver,19,38,459.71,209,Sports,79,19,8,7,19005.06,Debit Card,6
269,37,Female,56846,Retired,Phoenix,Platinum,13,23,120.63,287,Fashion,78,20,7,8,3027.55,Cash,6
270,53,Female,92261,Doctor,Houston,Gold,74,46,68.79,358,Fashion,62,30,15,8,3627.3,UPI,8
271,36,Female,44483,Business,Los Angeles,Gold,62,18,109.32,180,Fashion,35,23,1,5,1968.5,Cash,3
272,43,Male,22265,Retired,New York,Bronze,14,29,93.09,252,Fashion,40,8,7,15,2410.62,UPI,3
273,20,Male,37763,Student,Houston,Silver,73,28,54.43,281,Sports,51,18,10,14,1729.42,UPI,6
274,36,Female,30733,Engineer,San Francisco,Silver,11,9,400.94,144,Electronics,60,18,7,8,3138.88,Debit Card,4
275,37,Female,127196,Freelancer,Houston,Bronze,67,39,252.81,115,Sports,100,22,4,2,11589.41,Cash,7
276,49,Male,106038,Engineer,Miami,Silver,12,50,200.37,348,Electronics,56,24,6,1,9243.68,Net Banking,7
277,24,Female,52420,Engineer,Seattle,Bronze,35,10,475.81,29,Beauty,84,0,6,4,3842.19,Cash,9
278,69,Male,36058,Freelancer,Seattle,Bronze,39,2,191.79,241,Fashion,75,16,3,6,335.52,Cash,2
279,58,Male,49929,Business,Phoenix,Bronze,32,13,91.82,4,Home,41,13,5,10,1152.98,Credit Card,2
280,50,Male,101489,Freelancer,New York,Gold,14,38,144.28,261,Home,54,11,9,15,4507.15,Debit Card,6
281,57,Female,99664,Business,Miami,Platinum,65,27,127.09,105,Electronics,17,1,5,14,3307.24,Net Banking,9
282,56,Female,92597,Freelancer,Los Angeles,Silver,27,41,254.38,123,Books,25,21,12,6,9190.05,Net Banking,7
283,35,Male,21041,Student,Dallas,Silver,60,20,152.84,325,Books,93,2,15,14,2468.62,Net Banking,6
284,57,Female,93209,Business,Boston,Bronze,43,40,262.87,137,Books,87,30,5,10,9669.44,UPI,5
285,18,Male,114864,Student,Phoenix,Platinum,65,10,337.95,105,Sports,9,27,8,5,3009.52,Debit Card,8
286,28,Male,130158,Retired,Boston,Silver,55,16,390.88,212,Electronics,56,23,14,2,6053.35,Credit Card,2
287,45,Male,16468,Business,Seattle,Gold,93,15,357.98,299,Grocery,89,4,1,15,5926.03,UPI,3
288,42,Male,39309,Business,Chicago,Gold,88,13,110.74,55,Beauty,23,2,14,13,1445.25,Net Banking,6
289,67,Female,87255,Freelancer,Dallas,Bronze,81,50,66.79,131,Beauty,2,13,9,5,3697.58,UPI,1
290,40,Male,96899,Business,Dallas,Silver,35,38,275.8,268,Toys,45,23,7,14,9795.73,UPI,8
291,48,Male,43718,Student,Boston,Platinum,95,20,107.47,121,Fashion,65,23,14,0,1730.86,Net Banking,9
292,47,Female,121553,Other,Chicago,Bronze,32,24,51.62,201,Fashion,38,17,7,2,1448.09,Net Banking,2
293,59,Male,65281,Retired,San Francisco,Silver,19,41,268.28,207,Toys,6,4,0,1,10184.26,Credit Card,9
294,52,Male,128451,Other,Houston,Platinum,95,50,170.13,274,Sports,48,2,10,14,8597.95,Debit Card,5
295,24,Female,15767,Freelancer,Phoenix,Bronze,39,7,380.51,89,Electronics,44,22,12,3,2630.77,Cash,8
296,33,Female,149967,Doctor,Miami,Gold,20,23,163.95,189,Grocery,79,1,13,15,3896.17,Cash,1
297,43,Female,73026,Retired,Dallas,Platinum,28,24,489.57,264,Beauty,7,8,13,7,13558.96,Cash,1
298,65,Male,133142,Other,Boston,Gold,3,29,381.68,45,Electronics,66,17,1,2,12694.69,Credit Card,4
299,69,Female,57968,Retired,Houston,Bronze,32,5,38.27,311,Grocery,62,26,12,14,228.17,UPI,1
300,66,Female,91870,Other,Seattle,Bronze,86,43,259.35,329,Home,30,1,13,5,11278.6,Net Banking,1
301,19,Male,33174,Student,Miami,Bronze,58,45,285.68,39,Electronics,93,21,3,9,15028.01,Debit Card,5
302,18,Male,139357,Other,Boston,Gold,54,35,350.7,66,Fashion,76,18,4,13,12188.33,Cash,2
303,65,Male,114189,Retired,Phoenix,Gold,42,1,253.92,112,Home,52,2,4,0,207.65,Debit Card,4
304,29,Male,55502,Doctor,Los Angeles,Silver,15,36,246.89,338,Home,98,30,14,3,7630.19,Debit Card,8
305,22,Male,51674,Engineer,Dallas,Bronze,83,18,190.29,61,Beauty,94,25,5,4,3197.77,Net Banking,6
306,54,Female,52260,Freelancer,Seattle,Bronze,62,6,143.02,226,Grocery,36,17,6,4,935.51,Credit Card,2
307,49,Female,86805,Engineer,Phoenix,Gold,31,23,473.64,173,Books,35,13,0,15,9069.55,Net Banking,3
308,26,Female,32194,Freelancer,New York,Gold,61,10,165.62,133,Fashion,66,12,6,0,1564.48,Credit Card,2
309,58,Male,87377,Retired,Seattle,Platinum,26,7,41.08,284,Home,50,15,15,14,343.04,UPI,4
310,52,Male,145864,Freelancer,Miami,Gold,69,44,91.97,274,Books,3,20,5,15,4509.1,Debit Card,5
311,36,Male,58723,Other,New York,Gold,57,8,430.07,113,Sports,76,27,4,8,3539.64,Cash,9
312,65,Female,91298,Student,Seattle,Gold,20,13,297.45,107,Sports,4,10,14,4,3189.02,Debit Card,7
313,33,Female,74238,Doctor,Boston,Silver,66,30,391.6,142,Fashion,55,20,13,8,9467.1,Net Banking,8
314,20,Male,120433,Freelancer,Los Angeles,Silver,21,18,406.3,56,Grocery,52,22,15,6,6158.61,Credit Card,7
315,37,Female,122092,Doctor,Houston,Platinum,60,14,413.39,293,Toys,59,23,5,4,5387.27,UPI,10
316,41,Male,17147,Freelancer,Los Angeles,Silver,63,11,279.8,276,Grocery,71,23,10,8,3208.78,UPI,8
317,50,Female,53445,Doctor,Los Angeles,Bronze,51,42,96.79,50,Beauty,20,11,7,4,3573.26,Credit Card,5
318,41,Female,121170,Engineer,Boston,Bronze,100,38,82.63,275,Fashion,19,29,12,9,2576.2,Credit Card,3
319,69,Female,148085,Student,Chicago,Bronze,92,13,291.25,233,Sports,8,2,11,15,3166.59,Credit Card,7
320,28,Male,100617,Freelancer,Seattle,Silver,84,42,189.59,241,Fashion,67,5,5,8,7729.61,UPI,1
321,66,Female,68502,Teacher,Houston,Bronze,39,44,283.44,257,Electronics,27,30,4,4,13833.87,Debit Card,3
322,25,Female,132116,Doctor,San Francisco,Bronze,100,33,254.25,236,Grocery,79,15,5,15,9467.85,Debit Card,7
323,53,Male,52755,Doctor,Boston,Silver,11,50,305.08,31,Home,8,11,8,0,13979.09,UPI,4
324,55,Female,24479,Other,Chicago,Bronze,57,13,25.73,347,Toys,18,20,11,6,356.36,Cash,7
325,57,Male,90361,Teacher,Boston,Gold,3,25,26.09,247,Electronics,29,19,0,4,624.26,Net Banking,10
326,37,Male,139232,Student,Chicago,Silver,37,24,363.58,131,Sports,46,25,13,4,10375.16,UPI,10
327,52,Male,120586,Doctor,Los Angeles,Silver,84,29,104.63,262,Grocery,36,5,2,5,2918.92,Cash,6
328,65,Male,96171,Student,Dallas,Bronze,96,36,329.58,258,Sports,3,19,14,5,11370.84,Net Banking,4
329,42,Male,129151,Doctor,Dallas,Bronze,25,6,277.82,280,Sports,9,13,2,6,1667.97,Debit Card,7
330,52,Female,101296,Retired,New York,Silver,21,18,491.08,249,Sports,10,23,8,11,7161.72,Credit Card,8
331,42,Male,84959,Business,San Francisco,Gold,80,28,419.35,264,Beauty,84,8,14,14,11356.33,Net Banking,8
332,46,Male,71022,Retired,Houston,Gold,42,5,212.44,214,Sports,66,16,2,7,1201.86,Credit Card,7
333,35,Male,76991,Doctor,Chicago,Bronze,1,18,312.04,214,Sports,1,11,5,0,5868.53,Cash,2
334,63,Male,64853,Business,Seattle,Silver,23,37,67.47,281,Electronics,91,0,15,9,2965.13,UPI,8
335,35,Female,46826,Freelancer,Los Angeles,Bronze,24,7,199.33,319,Electronics,4,19,8,10,1297.99,UPI,5
336,19,Male,57879,Student,Miami,Platinum,47,9,369.6,17,Electronics,48,21,14,2,2876.04,Credit Card,9
337,52,Female,87361,Doctor,Seattle,Platinum,89,35,315.11,346,Grocery,96,7,9,5,12134.28,Net Banking,6
338,33,Male,92990,Other,Seattle,Silver,7,12,247.39,1,Beauty,18,30,4,15,2426.79,Net Banking,4
339,58,Female,104787,Engineer,Chicago,Silver,38,46,96.5,0,Grocery,78,30,9,0,3834.51,Cash,9
340,53,Male,55736,Other,Houston,Gold,47,40,403.54,303,Beauty,45,27,15,15,16186.47,UPI,1
341,50,Male,39530,Engineer,Los Angeles,Gold,35,44,143.85,362,Beauty,15,11,10,13,6971.3,Credit Card,4
342,21,Female,121080,Teacher,Los Angeles,Silver,78,39,412.03,215,Fashion,51,15,8,4,16718.17,Debit Card,5
343,50,Male,89255,Engineer,Houston,Platinum,62,24,309.69,163,Home,61,0,8,15,8903.89,UPI,4
344,31,Female,141598,Business,Dallas,Silver,73,9,192.64,190,Fashion,4,2,14,4,1841.21,UPI,9
345,38,Male,133623,Engineer,Phoenix,Silver,3,12,29.9,74,Fashion,19,11,5,9,391.09,Cash,1
346,65,Female,52387,Engineer,New York,Gold,20,36,123.89,25,Beauty,88,3,7,8,5341.19,UPI,3
347,37,Male,127260,Engineer,Boston,Silver,97,37,445.64,261,Beauty,94,9,8,10,17098.51,Cash,9
348,25,Male,45988,Doctor,New York,Gold,44,9,410.81,281,Grocery,77,1,8,1,4014.69,Cash,7
349,24,Female,91448,Teacher,Dallas,Bronze,32,39,291.68,220,Beauty,11,28,7,6,10457.87,Debit Card,5
350,20,Male,128430,Student,Chicago,Bronze,100,46,238.5,42,Books,28,8,12,8,11132.3,Net Banking,6
351,34,Male,27404,Teacher,Chicago,Bronze,26,22,327.1,121,Sports,57,2,3,7,8382.0,UPI,4
352,50,Male,34360,Other,San Francisco,Silver,48,17,238.46,128,Sports,75,30,14,0,4626.74,Cash,5
353,65,Male,100657,Business,New York,Silver,5,33,325.71,264,Beauty,54,19,7,13,9915.59,Cash,8
354,29,Male,49160,Doctor,New York,Platinum,59,47,160.63,282,Sports,65,30,15,13,7118.43,Net Banking,5
355,68,Male,21789,Freelancer,Boston,Silver,61,24,420.86,70,Beauty,47,19,1,0,11500.08,Net Banking,10
356,39,Female,97597,Doctor,Chicago,Gold,49,15,353.94,258,Books,4,0,15,11,4851.82,Cash,2
357,39,Female,80641,Retired,Seattle,Bronze,30,29,171.69,200,Fashion,34,4,2,1,5750.99,UPI,8
358,63,Female,59247,Engineer,New York,Gold,17,32,417.03,129,Toys,76,4,8,0,14806.34,UPI,3
359,47,Male,101673,Other,Boston,Silver,70,33,248.8,329,Beauty,54,1,9,7,7068.68,UPI,5
360,55,Female,20544,Engineer,Houston,Silver,58,29,95.57,80,Fashion,88,14,3,6,3015.16,Net Banking,6
361,55,Male,78248,Business,Miami,Bronze,63,15,48.08,253,Books,61,0,1,5,817.65,UPI,1
362,62,Male,49550,Freelancer,Houston,Silver,61,27,352.81,64,Electronics,96,20,2,14,8170.69,UPI,3
363,68,Male,68693,Other,Boston,Silver,63,34,433.91,145,Sports,83,4,6,1,14501.25,UPI,1
364,25,Male,143924,Retired,Seattle,Silver,15,4,405.65,133,Books,93,6,8,10,1857.96,Net Banking,7
365,44,Female,95021,Doctor,San Francisco,Platinum,1,49,331.27,101,Electronics,93,10,14,8,14275.6,Credit Card,2
366,44,Male,30605,Freelancer,Chicago,Gold,13,48,79.27,41,Sports,83,25,6,15,3727.47,Credit Card,10
367,51,Female,65713,Student,San Francisco,Platinum,48,18,56.08,195,Books,20,9,7,12,1054.97,UPI,7
368,38,Male,90403,Teacher,San Francisco,Silver,34,21,179.06,359,Books,3,1,2,0,3154.49,Credit Card,3
369,47,Female,73466,Doctor,Boston,Platinum,30,48,428.91,259,Home,40,29,6,0,18216.44,UPI,3
370,50,Female,18981,Freelancer,Chicago,Gold,19,8,481.25,98,Home,69,28,14,1,3798.76,Net Banking,1
371,45,Female,130631,Student,Los Angeles,Bronze,64,6,128.27,64,Home,23,27,0,6,730.73,UPI,7
372,64,Female,134238,Student,Miami,Silver,66,20,383.43,296,Electronics,69,13,15,9,7131.11,Debit Card,8
373,50,Female,110335,Retired,New York,Bronze,57,2,291.2,222,Books,94,23,11,13,472.06,Cash,4
374,22,Female,122441,Retired,San Francisco,Bronze,44,45,25.59,244,Home,32,20,5,11,1348.67,Net Banking,9
375,65,Male,31984,Teacher,Houston,Bronze,12,22,276.03,182,Toys,24,4,2,0,6974.87,Debit Card,4
376,36,Female,140580,Student,Los Angeles,Bronze,40,21,404.91,148,Beauty,51,30,1,13,8137.88,Debit Card,10
377,21,Male,126316,Other,Los Angeles,Gold,24,6,145.3,115,Home,58,15,13,2,760.69,Cash,5
378,52,Female,147596,Business,Seattle,Silver,11,32,449.71,319,Electronics,42,24,14,9,11910.02,Debit Card,6
379,66,Male,133454,Student,San Francisco,Bronze,66,6,125.77,257,Books,35,30,3,7,640.88,Cash,9
380,34,Female,64402,Freelancer,San Francisco,Gold,1,13,47.47,78,Sports,32,1,10,11,642.29,UPI,9
381,61,Female,106656,Retired,Phoenix,Gold,58,1,88.37,230,Grocery,54,9,13,6,96.64,Net Banking,8
382,45,Male,80614,Business,Boston,Platinum,28,22,420.13,356,Sports,45,30,8,7,7972.6,Net Banking,10
383,47,Female,106009,Other,Seattle,Silver,68,24,214.48,118,Grocery,48,26,5,12,4350.25,Net Banking,2
384,46,Female,60836,Retired,Los Angeles,Silver,94,41,400.5,73,Beauty,86,17,11,12,17675.54,Cash,10
385,63,Female,146049,Other,Los Angeles,Bronze,59,30,270.3,8,Books,85,4,8,11,8164.21,Cash,10
386,70,Male,91407,Retired,Phoenix,Bronze,71,22,245.47,278,Sports,92,16,13,5,5123.49,Debit Card,1
387,23,Female,22610,Retired,New York,Bronze,22,44,405.39,269,Electronics,49,10,14,7,19442.36,Net Banking,2
388,52,Male,124381,Student,Dallas,Silver,90,12,217.51,53,Beauty,34,4,7,14,2563.84,Debit Card,6
389,58,Female,30791,Engineer,Houston,Platinum,29,26,403.0,44,Toys,16,20,4,4,10331.82,UPI,7
390,54,Female,73047,Student,Dallas,Bronze,89,4,59.32,224,Sports,11,23,7,8,191.32,Debit Card,6
391,41,Male,85246,Retired,San Francisco,Bronze,74,19,321.79,15,Beauty,97,5,1,9,5664.04,Net Banking,1
392,46,Female,101148,Business,Chicago,Bronze,84,16,354.27,211,Toys,19,26,7,10,4546.07,Cash,1
393,66,Female,60890,Student,Seattle,Gold,78,12,450.56,199,Books,92,21,0,12,6323.37,Debit Card,1
394,63,Male,47888,Retired,San Francisco,Bronze,97,33,119.92,240,Books,29,15,10,0,3631.18,Debit Card,1
395,70,Female,61531,Retired,New York,Silver,69,21,306.07,101,Grocery,54,4,12,6,5606.09,Cash,10
396,48,Male,130652,Student,Dallas,Bronze,45,36,222.3,94,Beauty,53,20,11,5,6693.21,Cash,10
397,52,Male,35608,Student,San Francisco,Silver,70,9,197.56,364,Books,67,23,2,7,1455.6,Net Banking,1
398,50,Male,95986,Business,Houston,Bronze,86,39,62.29,184,Electronics,82,29,6,1,2804.4,UPI,2
399,69,Female,98996,Other,Los Angeles,Silver,17,42,75.77,135,Sports,82,15,3,0,2760.38,Net Banking,2
400,38,Male,71017,Student,Boston,Bronze,79,45,420.12,24,Grocery,76,16,12,0,19793.84,Debit Card,4
401,49,Male,72676,Teacher,Miami,Gold,39,8,377.38,317,Beauty,82,8,14,13,3201.65,Net Banking,3
402,40,Female,26560,Freelancer,San Francisco,Silver,40,20,197.35,332,Fashion,32,21,10,1,3658.94,Net Banking,4
403,50,Male,65468,Teacher,New York,Gold,28,10,415.96,49,Grocery,100,24,15,4,4714.07,Cash,5
404,20,Female,48123,Business,Seattle,Silver,2,32,49.58,168,Grocery,83,1,6,6,1405.08,UPI,4
405,35,Female,109346,Engineer,Chicago,Bronze,82,28,316.14,289,Electronics,56,18,0,14,7334.55,UPI,3
406,42,Female,15028,Teacher,Houston,Bronze,27,10,435.41,99,Electronics,63,16,6,15,3602.66,Net Banking,3
407,59,Female,62599,Other,Phoenix,Silver,21,8,421.04,80,Toys,4,4,13,12,3099.43,Cash,4
408,48,Male,60406,Retired,New York,Silver,87,47,192.66,11,Beauty,11,1,2,8,8921.9,Cash,6
409,20,Male,62657,Freelancer,Dallas,Silver,7,33,375.16,207,Toys,3,10,1,3,13020.9,Debit Card,7
410,57,Male,82560,Doctor,Boston,Gold,61,47,219.46,76,Fashion,27,0,8,12,11258.24,Credit Card,4
411,63,Male,119143,Freelancer,Dallas,Gold,52,49,421.67,74,Toys,80,8,1,8,18006.3,Debit Card,8
412,41,Male,69943,Teacher,Los Angeles,Gold,48,13,270.07,169,Grocery,44,26,2,13,3769.2,Debit Card,6
413,67,Female,90839,Doctor,Boston,Bronze,19,44,384.78,310,Beauty,18,24,2,10,14780.44,Debit Card,5
414,49,Male,97674,Business,Dallas,Silver,73,35,48.5,347,Home,30,5,3,14,2035.09,Credit Card,8
415,64,Male,40345,Other,Seattle,Bronze,12,29,299.11,178,Fashion,88,10,15,2,10267.01,Cash,6
416,39,Male,65390,Freelancer,Dallas,Silver,94,5,279.64,87,Beauty,70,26,10,11,1175.83,Cash,1
417,40,Female,74557,Engineer,Houston,Bronze,71,3,308.89,264,Grocery,47,7,6,5,984.17,UPI,1
418,19,Female,16906,Doctor,Houston,Bronze,2,37,350.86,221,Beauty,34,12,6,8,15075.88,UPI,10
419,44,Male,22961,Doctor,Miami,Gold,17,41,459.87,2,Electronics,76,30,14,10,15692.38,Net Banking,10
420,59,Female,134289,Freelancer,Dallas,Silver,75,6,394.98,117,Electronics,42,26,8,14,2013.43,Net Banking,6
421,19,Male,92567,Teacher,Seattle,Bronze,76,48,117.62,135,Sports,23,30,14,13,5300.23,Net Banking,8
422,43,Male,95664,Doctor,Seattle,Bronze,3,42,414.69,186,Fashion,100,11,9,12,14600.5,UPI,9
423,34,Female,96199,Business,San Francisco,Silver,21,16,69.82,29,Home,40,8,7,15,1289.42,UPI,4
424,57,Female,114764,Freelancer,Chicago,Platinum,78,35,314.88,66,Grocery,15,14,5,0,12676.32,Debit Card,7
425,50,Male,137357,Business,Boston,Silver,79,18,442.55,310,Fashion,80,4,5,11,9395.66,Cash,9
426,26,Male,95729,Freelancer,New York,Platinum,51,11,59.55,298,Electronics,57,14,4,3,577.75,UPI,8
427,60,Female,65568,Business,Phoenix,Bronze,10,23,426.35,216,Home,14,1,1,4,8022.73,Credit Card,8
428,65,Male,124349,Teacher,Boston,Silver,55,47,401.32,157,Grocery,79,14,5,15,18444.27,Debit Card,1
429,56,Female,88302,Freelancer,Boston,Gold,36,11,256.85,70,Toys,12,30,5,10,3255.43,Credit Card,10
430,46,Male,109968,Other,Los Angeles,Silver,51,29,161.36,317,Sports,35,19,11,5,4938.58,Credit Card,6
431,59,Female,131116,Retired,Boston,Bronze,74,42,208.66,109,Electronics,25,2,4,10,10510.56,Cash,9
432,43,Male,52146,Engineer,Los Angeles,Silver,17,27,484.64,284,Electronics,78,9,13,7,15208.69,Credit Card,8
433,52,Male,55297,Teacher,San Francisco,Silver,89,9,108.83,257,Home,2,6,5,11,937.45,Credit Card,2
434,67,Female,101394,Business,Chicago,Gold,61,35,294.01,89,Fashion,18,9,4,1,8395.0,Credit Card,5
435,42,Male,142173,Other,Seattle,Gold,91,9,50.79,360,Books,35,25,10,5,366.63,Credit Card,4
436,41,Male,140942,Freelancer,Miami,Gold,97,18,116.77,56,Beauty,9,9,13,6,2223.1,Debit Card,8
437,30,Female,31939,Teacher,Seattle,Silver,75,44,384.03,297,Books,11,7,11,5,19707.45,Debit Card,9
438,24,Male,59460,Business,Dallas,Bronze,13,21,158.27,48,Toys,90,12,3,13,3249.53,Cash,3
439,53,Male,77119,Student,Phoenix,Silver,65,48,493.03,184,Fashion,67,20,2,3,27208.55,Cash,9
440,62,Male,147851,Student,Chicago,Gold,95,36,255.4,198,Electronics,69,1,13,5,9439.86,Credit Card,1
441,37,Female,20057,Doctor,Chicago,Platinum,97,1,263.1,17,Fashion,96,11,0,3,220.8,Net Banking,7
442,18,Female,34157,Engineer,San Francisco,Bronze,85,27,27.79,197,Beauty,74,8,10,8,839.86,Credit Card,8
443,25,Female,50030,Student,Phoenix,Silver,80,45,478.7,231,Sports,38,29,3,12,21477.69,Credit Card,6
444,63,Male,123612,Retired,Dallas,Bronze,87,40,95.37,26,Grocery,70,0,15,0,3129.76,Cash,4
445,33,Male,130080,Business,Dallas,Bronze,74,38,273.79,117,Electronics,75,20,12,11,11713.28,UPI,4
446,31,Male,98028,Teacher,Miami,Silver,48,29,203.88,53,Fashion,81,11,14,8,6521.87,Cash,7
447,29,Male,44680,Freelancer,New York,Silver,97,40,213.64,151,Electronics,59,11,8,10,8399.6,Debit Card,10
448,68,Female,117302,Teacher,Seattle,Bronze,86,19,325.22,224,Grocery,66,2,6,3,4991.45,Cash,6
449,40,Male,51445,Doctor,Boston,Gold,70,24,334.42,161,Toys,41,23,6,2,7534.68,UPI,4
450,32,Male,20796,Other,Phoenix,Gold,47,44,85.6,149,Fashion,24,7,6,15,3668.4,Credit Card,5
451,45,Male,62218,Teacher,Dallas,Platinum,100,1,254.8,215,Toys,50,12,13,10,220.69,UPI,10
452,51,Female,39074,Student,Dallas,Bronze,10,36,397.33,318,Sports,5,27,3,4,12363.73,Cash,4
453,19,Male,131088,Teacher,New York,Silver,57,23,227.21,347,Grocery,21,27,15,2,4529.71,Net Banking,1
454,49,Male,51839,Student,Chicago,Silver,80,13,91.24,339,Beauty,6,16,11,0,1124.72,Debit Card,4
455,40,Male,122112,Student,Dallas,Bronze,13,30,163.48,316,Beauty,4,19,6,7,5527.35,UPI,6
456,39,Male,142514,Engineer,Miami,Silver,61,49,114.07,337,Electronics,9,27,10,8,6169.29,Cash,2
457,68,Male,83322,Doctor,Dallas,Gold,58,37,71.65,41,Beauty,69,30,1,5,2131.57,Credit Card,7
458,42,Female,71321,Retired,Dallas,Bronze,84,11,195.01,351,Fashion,68,9,11,1,1724.36,Cash,9
459,39,Male,125100,Retired,New York,Platinum,68,7,275.06,160,Toys,9,14,7,12,1600.18,Credit Card,10
460,39,Male,50507,Business,Miami,Gold,84,35,45.65,73,Beauty,18,23,9,5,1576.39,Net Banking,2
461,66,Male,114244,Retired,Houston,Gold,86,11,305.87,24,Sports,59,24,7,5,3887.94,Debit Card,7
462,69,Male,140788,Student,Los Angeles,Gold,29,49,496.58,302,Home,43,8,8,5,21239.84,UPI,2
463,59,Male,110251,Freelancer,New York,Bronze,16,43,482.42,241,Fashion,80,17,4,9,20551.52,Cash,9
464,23,Male,38806,Doctor,Chicago,Gold,63,47,416.3,172,Home,66,24,9,10,15971.79,Cash,1
465,32,Male,145364,Business,Chicago,Bronze,47,40,140.51,286,Toys,29,7,7,13,4542.02,UPI,4
466,60,Male,51901,Retired,Phoenix,Gold,43,48,20.98,158,Electronics,48,26,1,11,808.65,Credit Card,2
467,54,Male,67127,Retired,New York,Bronze,23,21,418.44,353,Toys,51,13,9,8,9619.15,Debit Card,1
468,50,Male,15453,Freelancer,San Francisco,Bronze,30,47,37.3,217,Electronics,42,10,9,3,1419.19,Net Banking,2
469,25,Female,90432,Teacher,New York,Silver,57,3,110.76,114,Books,36,12,7,1,302.22,UPI,10
470,70,Female,137872,Doctor,Houston,Bronze,30,30,276.78,240,Beauty,76,15,9,7,8785.16,Debit Card,6
471,61,Female,102362,Freelancer,Dallas,Silver,67,24,97.41,307,Beauty,45,13,15,5,2448.79,Cash,5
472,61,Female,25976,Retired,New York,Silver,56,38,418.56,211,Electronics,98,8,8,14,13075.06,Debit Card,1
473,22,Male,129176,Doctor,San Francisco,Gold,24,3,390.81,362,Fashion,35,8,5,14,1058.31,Net Banking,3
474,56,Female,114122,Doctor,Boston,Silver,77,37,380.33,85,Grocery,6,18,5,14,14856.44,Debit Card,10
475,21,Female,85404,Retired,San Francisco,Bronze,96,33,409.9,132,Electronics,37,4,3,9,12943.68,Cash,6
476,23,Male,96932,Teacher,Chicago,Bronze,76,22,117.65,267,Books,36,14,12,0,2552.92,Net Banking,5
477,62,Female,112170,Teacher,Houston,Silver,8,31,367.16,276,Sports,84,28,7,14,10048.38,Net Banking,6
478,49,Female,92707,Retired,Dallas,Silver,88,46,184.09,264,Toys,16,10,6,5,6902.41,Net Banking,8
479,69,Male,108789,Doctor,San Francisco,Gold,44,12,336.75,92,Fashion,72,18,11,1,3790.79,Cash,6
480,47,Male,111516,Freelancer,Houston,Bronze,80,45,69.79,90,Toys,22,5,8,3,3370.42,Credit Card,5
481,64,Male,148089,Engineer,Boston,Bronze,96,14,355.74,144,Grocery,69,9,0,1,5511.33,Cash,4
482,52,Female,22957,Student,Miami,Bronze,34,12,486.33,359,Books,69,15,9,3,6051.96,Credit Card,5
483,57,Female,122724,Teacher,Miami,Bronze,35,27,31.36,151,Books,63,28,7,6,810.55,Credit Card,9
484,69,Male,28237,Retired,Miami,Bronze,96,13,55.98,154,Grocery,75,4,7,7,751.94,Cash,10
485,33,Male,66586,Other,Boston,Gold,50,24,70.58,135,Books,19,17,14,13,1832.81,Debit Card,6
486,30,Female,34252,Engineer,Dallas,Bronze,17,38,220.98,252,Fashion,81,18,8,15,9254.67,Cash,5
487,67,Male,18543,Teacher,Los Angeles,Silver,2,47,152.48,317,Electronics,18,22,15,2,6004.1,Net Banking,8
488,59,Female,119647,Other,Los Angeles,Silver,90,48,405.39,28,Toys,73,9,6,13,21816.99,Debit Card,5
489,47,Male,50031,Doctor,Houston,Bronze,54,9,242.16,82,Grocery,17,9,15,12,1798.89,UPI,5
490,36,Male,80747,Retired,Miami,Gold,44,8,247.42,329,Sports,41,11,8,0,2272.67,UPI,8
491,34,Female,70311,Engineer,Chicago,Silver,81,37,361.35,33,Home,33,20,9,9,12793.66,UPI,9
492,36,Male,80867,Retired,Dallas,Silver,49,15,187.36,315,Fashion,84,2,7,14,2863.15,Net Banking,8
493,45,Male,103780,Freelancer,Los Angeles,Gold,2,7,183.07,103,Beauty,55,3,8,13,1173.84,Net Banking,9
494,43,Male,72196,Freelancer,New York,Bronze,72,24,380.89,232,Home,82,21,8,0,8873.2,Credit Card,9
495,54,Female,88705,Business,Phoenix,Gold,70,49,392.22,236,Electronics,24,23,0,9,21872.46,Net Banking,8
496,43,Male,72894,Student,Seattle,Silver,9,16,17.06,222,Books,77,11,2,15,250.65,Credit Card,7
497,70,Male,102640,Student,Boston,Silver,1,24,80.46,89,Fashion,40,6,14,15,1980.61,UPI,7
498,40,Male,29591,Teacher,Boston,Gold,69,43,114.42,332,Sports,28,11,5,14,5209.52,Cash,1
499,26,Male,112247,Student,Los Angeles,Gold,9,7,182.28,239,Home,67,2,11,10,1095.49,Cash,7
500,29,Male,15727,Retired,Boston,Silver,14,43,152.81,217,Home,100,17,10,6,7301.02,Net Banking,10
501,70,Male,58822,Retired,Miami,Gold,27,28,337.57,181,Grocery,75,18,14,14,11338.83,UPI,6
502,18,Female,118399,Business,Seattle,Silver,9,2,415.79,256,Electronics,39,4,6,11,716.84,UPI,1
503,18,Female,127113,Other,Chicago,Silver,36,34,104.12,231,Electronics,21,13,3,0,3919.41,Credit Card,10
504,64,Male,145431,Freelancer,New York,Bronze,93,38,285.86,188,Fashion,37,22,9,2,9329.19,Credit Card,10
505,51,Female,143588,Other,Houston,Bronze,84,3,190.23,328,Toys,2,29,1,10,673.47,UPI,8
506,49,Female,75091,Other,Seattle,Gold,79,1,257.83,343,Fashion,6,7,13,4,248.65,Net Banking,9
507,65,Male,109192,Engineer,Chicago,Bronze,100,31,314.17,254,Sports,52,21,11,10,11608.89,Net Banking,2
508,42,Female,125805,Engineer,Boston,Bronze,3,23,447.86,44,Books,5,14,3,4,8520.47,UPI,4
509,57,Female,133089,Freelancer,Los Angeles,Gold,23,20,104.22,315,Books,47,15,5,14,2327.01,Cash,7
510,62,Female,104367,Doctor,San Francisco,Bronze,73,16,52.63,85,Beauty,43,28,12,10,833.11,Cash,1
511,70,Female,28265,Freelancer,Houston,Bronze,30,46,317.33,200,Toys,96,17,3,14,13368.06,Credit Card,8
512,18,Female,94622,Engineer,Dallas,Silver,19,32,203.12,358,Fashion,40,10,11,3,7144.33,UPI,9
513,33,Female,50929,Other,Phoenix,Silver,67,17,89.82,342,Home,11,1,9,7,1609.6,Cash,8
514,56,Female,76892,Teacher,Los Angeles,Gold,50,18,67.37,211,Fashion,81,9,1,15,1408.08,Net Banking,2
515,22,Female,71630,Business,Boston,Silver,48,4,283.87,118,Fashion,14,10,8,2,1021.39,Debit Card,8
516,39,Male,146025,Other,Los Angeles,Silver,3,35,157.23,297,Books,2,4,0,7,6471.03,Debit Card,8
517,46,Male,102580,Freelancer,Miami,Gold,98,40,498.74,154,Sports,39,26,14,15,21081.69,UPI,2
518,20,Female,92462,Doctor,Boston,Silver,66,36,208.89,185,Grocery,63,29,14,15,7370.94,Credit Card,9
519,29,Female,128396,Other,Los Angeles,Silver,27,23,114.02,196,Toys,63,20,9,5,2153.7,Debit Card,1
520,43,Male,112037,Teacher,Seattle,Gold,87,15,318.14,336,Beauty,18,16,6,3,5278.28,Net Banking,7
521,33,Female,110310,Freelancer,Seattle,Silver,96,13,129.68,200,Sports,97,0,15,9,1927.52,Net Banking,2
522,68,Female,63928,Teacher,New York,Bronze,99,14,252.1,265,Fashion,94,24,8,15,3966.46,Net Banking,8
523,54,Male,104876,Other,New York,Bronze,40,14,246.46,235,Grocery,79,13,2,10,3775.7,Debit Card,8
524,39,Male,39976,Freelancer,Houston,Silver,18,37,232.24,193,Fashion,93,14,10,14,10206.32,Cash,4
525,46,Male,139984,Teacher,Los Angeles,Bronze,27,5,400.08,24,Sports,90,6,5,2,2279.74,Net Banking,8
526,31,Female,113256,Retired,New York,Silver,11,22,116.14,258,Toys,1,7,8,9,2992.39,Credit Card,5
527,45,Female,115537,Student,Miami,Gold,39,28,453.11,70,Electronics,17,27,8,14,13856.72,UPI,9
528,22,Male,124331,Teacher,Chicago,Silver,19,45,397.76,27,Toys,54,15,14,12,20191.78,UPI,1
529,64,Male,22526,Retired,New York,Bronze,89,4,173.23,10,Toys,39,12,3,11,634.48,UPI,5
530,66,Female,118863,Other,Los Angeles,Gold,7,50,98.5,348,Fashion,48,4,15,9,5257.73,Cash,9
531,47,Male,88366,Student,Seattle,Bronze,95,38,146.97,117,Toys,66,2,11,1,4927.05,UPI,6
532,63,Female,71096,Engineer,Phoenix,Gold,57,29,172.99,207,Toys,15,12,7,5,4152.37,UPI,4
533,69,Female,86185,Student,San Francisco,Silver,2,37,282.9,92,Books,22,18,7,14,10799.14,Debit Card,1
534,22,Male,65248,Teacher,Dallas,Bronze,38,35,32.72,140,Grocery,20,11,10,0,1274.79,Cash,10
535,29,Male,148023,Business,New York,Platinum,5,20,458.04,354,Beauty,93,18,15,9,7631.89,Cash,6
536,33,Female,94888,Business,Dallas,Bronze,78,35,58.35,10,Electronics,89,16,6,7,1781.89,Debit Card,7
537,43,Male,109533,Engineer,San Francisco,Platinum,82,35,146.84,290,Fashion,43,10,5,15,4302.64,Credit Card,7
538,43,Male,56954,Teacher,Houston,Bronze,36,20,63.55,238,Fashion,56,26,2,12,1339.22,UPI,9
539,65,Male,104719,Student,Seattle,Bronze,68,2,135.77,263,Grocery,24,2,11,15,225.87,Credit Card,4
540,38,Male,15595,Business,Seattle,Bronze,88,18,420.46,262,Books,98,28,14,4,6337.06,Debit Card,4
541,56,Female,44592,Freelancer,San Francisco,Bronze,77,30,311.44,68,Books,43,1,3,15,8461.83,Debit Card,5
542,53,Female,55643,Doctor,Los Angeles,Gold,85,42,121.39,69,Electronics,21,23,13,12,4629.81,Debit Card,9
543,50,Female,77665,Teacher,Dallas,Silver,57,29,437.16,184,Electronics,48,25,11,6,12969.24,Debit Card,2
544,47,Female,20972,Retired,Dallas,Gold,97,39,402.35,123,Toys,66,13,8,11,12755.34,Net Banking,4
545,54,Male,30882,Retired,San Francisco,Bronze,20,22,379.29,221,Electronics,16,25,9,11,8729.37,Debit Card,9
546,40,Male,40020,Freelancer,Dallas,Silver,5,29,425.34,10,Toys,40,21,6,15,11899.23,Credit Card,6
547,27,Female,117621,Freelancer,Los Angeles,Silver,24,46,313.63,165,Fashion,21,20,10,6,12573.01,Debit Card,6
548,22,Female,100374,Teacher,Seattle,Silver,99,10,255.7,90,Electronics,52,16,7,10,2713.84,Credit Card,7
549,53,Male,59912,Doctor,Houston,Silver,30,20,193.23,247,Fashion,8,1,12,9,3601.3,Debit Card,5
550,51,Female,27879,Business,Miami,Silver,28,16,119.64,340,Toys,78,17,5,5,2165.0,Debit Card,4
551,69,Female,48798,Doctor,Seattle,Bronze,53,6,283.13,304,Fashion,55,22,14,4,2031.36,Net Banking,3
552,48,Male,122791,Engineer,Chicago,Gold,51,17,445.85,290,Home,86,14,11,1,8425.4,Debit Card,2
553,27,Female,90791,Student,Chicago,Gold,7,6,301.05,156,Electronics,82,11,0,15,1981.87,UPI,7
554,36,Male,81983,Student,Seattle,Silver,42,22,460.61,87,Sports,58,15,10,14,9546.3,Net Banking,5
555,49,Male,148922,Freelancer,Los Angeles,Bronze,35,18,184.89,227,Toys,5,15,11,2,3374.09,Net Banking,1
556,18,Female,26953,Business,Miami,Bronze,94,32,350.62,364,Books,42,6,15,14,9212.3,UPI,4
557,22,Male,121410,Doctor,Houston,Bronze,34,28,327.85,133,Beauty,30,5,8,2,10014.56,Net Banking,9
558,62,Female,140155,Freelancer,Dallas,Bronze,73,42,338.51,265,Beauty,95,13,10,4,15212.87,Debit Card,8
559,21,Male,96029,Teacher,Chicago,Bronze,76,10,326.07,83,Sports,9,7,15,1,2959.87,UPI,7
560,33,Female,19055,Freelancer,Chicago,Gold,54,41,118.61,211,Electronics,95,19,2,10,4929.41,Debit Card,5
561,41,Female,53170,Teacher,Chicago,Silver,29,22,80.36,217,Fashion,95,24,12,0,1894.73,Net Banking,1
562,33,Female,114976,Teacher,Boston,Silver,10,28,489.53,340,Grocery,41,23,12,3,12982.54,Cash,5
563,19,Male,43251,Engineer,Los Angeles,Bronze,27,15,32.19,236,Sports,51,18,2,9,526.42,UPI,8
564,66,Male,63037,Engineer,Seattle,Platinum,83,43,239.19,150,Beauty,57,18,8,12,11505.87,Credit Card,4
565,45,Female,107115,Teacher,Miami,Bronze,13,29,218.29,173,Beauty,73,27,3,2,5630.36,Net Banking,5
566,49,Male,92926,Other,Seattle,Gold,42,7,186.41,139,Fashion,61,11,14,10,1201.13,Cash,8
567,44,Female,85400,Business,Boston,Platinum,37,50,393.17,54,Beauty,6,8,7,2,18884.45,Net Banking,5
568,37,Female,114525,Engineer,Chicago,Gold,61,34,375.22,140,Beauty,26,8,14,11,11408.65,Debit Card,4
569,41,Male,116164,Engineer,San Francisco,Platinum,96,32,453.56,73,Fashion,74,28,13,9,16113.98,Debit Card,4
570,29,Female,121732,Student,Boston,Silver,79,2,203.79,134,Electronics,6,26,15,10,419.29,Debit Card,6
571,67,Male,30385,Freelancer,Los Angeles,Bronze,21,26,286.45,316,Books,53,4,11,5,7090.52,Cash,10
572,52,Female,24336,Student,Houston,Bronze,3,45,447.23,129,Home,61,25,10,11,16229.58,Debit Card,1
573,50,Male,80421,Business,Dallas,Bronze,8,11,496.99,231,Toys,33,29,14,8,5086.11,Net Banking,4
574,50,Female,51021,Engineer,Phoenix,Bronze,70,25,484.95,25,Books,45,13,11,9,13755.62,Net Banking,1
575,68,Female,149854,Retired,Miami,Silver,93,19,361.74,68,Beauty,94,0,12,12,7542.53,Net Banking,6
576,60,Male,132369,Other,Boston,Bronze,83,20,80.18,61,Home,40,2,3,9,1326.1,UPI,8
577,54,Female,64111,Engineer,Houston,Gold,17,33,21.36,199,Home,24,10,1,10,789.87,Net Banking,4
578,29,Female,104402,Doctor,Phoenix,Bronze,10,17,414.36,166,Electronics,92,20,12,14,6139.81,Debit Card,8
579,20,Male,134774,Business,Houston,Silver,97,30,422.06,115,Toys,45,3,4,12,15128.59,UPI,2
580,18,Female,57719,Retired,Seattle,Platinum,13,18,375.72,138,Grocery,38,19,10,13,7759.95,UPI,5
581,50,Male,140695,Freelancer,Seattle,Bronze,91,32,147.16,231,Electronics,29,0,2,15,5487.56,UPI,3
582,57,Female,149585,Freelancer,Chicago,Gold,12,40,323.51,213,Toys,79,30,3,1,14335.12,UPI,7
583,27,Male,119126,Retired,New York,Gold,66,45,164.96,207,Fashion,8,5,11,4,8049.06,Cash,9
584,60,Female,92658,Freelancer,Dallas,Bronze,74,4,230.82,101,Fashion,64,27,2,1,828.9,Net Banking,1
585,61,Female,46007,Other,Los Angeles,Silver,85,32,197.39,297,Fashion,87,9,15,5,6534.77,Cash,8
586,46,Female,121833,Retired,Los Angeles,Bronze,23,19,457.68,9,Beauty,73,26,0,0,9379.16,Credit Card,4
587,30,Male,133637,Business,Chicago,Gold,65,3,124.74,122,Sports,51,3,3,0,342.5,Cash,10
588,29,Male,135721,Retired,Seattle,Silver,97,38,293.03,274,Beauty,75,16,8,8,10682.2,UPI,5
589,48,Male,108220,Retired,Chicago,Silver,52,28,186.88,3,Electronics,6,25,6,9,6168.34,Net Banking,1
590,63,Male,41393,Doctor,San Francisco,Gold,61,38,334.9,258,Grocery,47,29,15,4,12257.66,Net Banking,5
591,19,Female,72480,Doctor,Boston,Bronze,26,6,286.64,208,Grocery,49,21,12,8,1592.83,Debit Card,9
592,68,Female,132243,Student,Boston,Gold,15,40,462.75,265,Grocery,76,20,5,11,15601.8,Cash,8
593,67,Male,103290,Business,Miami,Gold,22,17,59.79,261,Toys,98,4,13,11,951.92,Net Banking,8
594,52,Male,119263,Business,Seattle,Gold,89,42,118.11,286,Home,85,1,9,7,5183.14,Credit Card,6
595,40,Male,20993,Doctor,New York,Gold,65,5,385.51,30,Grocery,32,0,8,8,1655.94,Credit Card,9
596,34,Female,108650,Teacher,San Francisco,Silver,26,19,190.71,175,Home,54,15,3,8,3776.09,Cash,4
597,43,Male,132595,Teacher,San Francisco,Platinum,21,43,91.23,8,Sports,36,6,5,7,4301.36,Debit Card,6
598,25,Male,67066,Student,Seattle,Bronze,24,42,256.63,203,Books,89,20,14,2,11934.96,Credit Card,3
599,46,Female,126850,Other,Boston,Silver,16,35,329.55,107,Grocery,99,2,2,6,13771.01,Debit Card,2
600,43,Female,57942,Teacher,Phoenix,Bronze,32,22,31.97,123,Home,98,13,2,3,684.93,Cash,9
601,27,Male,31138,Teacher,Boston,Platinum,16,24,152.89,237,Beauty,19,21,9,7,2983.09,Net Banking,5
602,43,Female,133558,Teacher,Miami,Gold,77,10,406.62,129,Toys,37,18,9,6,4643.1,Debit Card,2
603,51,Male,24190,Other,Miami,Gold,42,2,264.92,233,Toys,17,15,7,11,441.57,Credit Card,5
604,68,Female,107259,Engineer,Seattle,Bronze,32,28,27.34,3,Grocery,80,21,4,8,876.26,Debit Card,6
605,58,Male,93422,Student,Dallas,Gold,50,41,148.16,219,Toys,16,5,14,7,7247.44,Net Banking,8
606,24,Male,97315,Doctor,Dallas,Gold,41,37,323.18,261,Fashion,58,29,7,13,13903.52,Net Banking,5
607,21,Male,44086,Teacher,New York,Silver,24,17,107.69,29,Electronics,44,24,8,2,2170.52,Credit Card,2
608,70,Male,140604,Freelancer,Dallas,Bronze,13,6,415.42,316,Beauty,68,23,1,4,2017.28,Debit Card,7
609,67,Female,115814,Retired,Houston,Silver,75,43,341.52,76,Sports,49,0,12,2,11815.08,Debit Card,5
610,62,Female,134324,Engineer,Houston,Bronze,79,5,240.98,182,Beauty,94,6,6,15,1065.28,UPI,2
611,28,Female,143921,Other,Los Angeles,Silver,10,39,458.66,291,Fashion,51,10,12,10,20025.06,Credit Card,6
612,46,Female,18435,Other,Houston,Bronze,42,7,201.98,201,Grocery,98,24,12,11,1181.66,Debit Card,7
613,53,Male,116505,Other,Phoenix,Bronze,41,32,125.19,156,Grocery,5,17,13,8,4401.11,Cash,8
614,42,Male,68331,Teacher,Phoenix,Bronze,3,4,334.09,99,Toys,97,8,13,0,1075.8,UPI,3
615,38,Female,128457,Retired,Phoenix,Bronze,55,21,290.91,121,Toys,58,21,11,6,6673.83,Credit Card,4
616,53,Female,67389,Retired,Houston,Bronze,16,42,174.27,314,Sports,46,2,1,8,6587.61,Net Banking,6
617,27,Female,68014,Engineer,New York,Platinum,44,32,178.4,109,Books,55,23,13,2,5572.79,Credit Card,3
618,54,Female,45297,Student,Boston,Silver,81,18,205.12,166,Toys,73,22,6,6,4395.89,Cash,6
619,26,Female,58890,Other,Seattle,Bronze,89,33,152.66,129,Electronics,17,27,10,6,5142.03,Cash,9
620,41,Male,36322,Freelancer,Chicago,Silver,30,14,358.02,269,Grocery,12,7,12,10,4159.44,Net Banking,5
621,52,Male,50739,Freelancer,Los Angeles,Silver,99,6,329.17,137,Home,24,7,2,13,2269.8,Net Banking,2
622,66,Male,94553,Freelancer,Miami,Platinum,37,11,225.98,175,Sports,56,22,7,1,2310.45,Net Banking,10
623,52,Female,23314,Other,San Francisco,Bronze,60,46,204.95,63,Books,55,0,3,15,9749.57,UPI,2
624,65,Female,108831,Teacher,Miami,Bronze,77,20,188.88,130,Toys,76,28,8,4,4097.6,Cash,7
625,53,Female,90164,Engineer,Los Angeles,Platinum,24,29,148.9,327,Books,79,9,11,9,4797.43,Net Banking,4
626,35,Female,122658,Other,Miami,Bronze,26,35,51.99,187,Books,16,14,3,13,1770.52,Cash,9
627,66,Male,92028,Freelancer,Boston,Bronze,58,16,141.42,276,Grocery,87,9,1,12,2509.89,UPI,9
628,56,Male,51113,Retired,Miami,Bronze,9,48,167.39,349,Home,82,25,12,6,6803.46,UPI,6
629,49,Female,132174,Other,Miami,Bronze,61,7,278.37,146,Books,22,7,3,1,1968.6,Cash,10
630,41,Male,35365,Retired,Boston,Platinum,19,40,389.16,334,Beauty,44,20,4,9,12589.39,Net Banking,5
631,40,Male,54029,Business,Boston,Bronze,28,36,203.89,19,Sports,95,28,7,9,7064.85,Credit Card,7
632,49,Female,16737,Other,Houston,Platinum,7,44,472.93,313,Sports,43,1,2,1,19683.29,Debit Card,5
633,54,Female,146042,Business,Boston,Platinum,45,44,415.4,41,Sports,79,17,8,10,21773.25,Cash,9
634,29,Female,100474,Engineer,Chicago,Silver,86,31,492.55,349,Grocery,21,1,14,12,14645.15,UPI,9
635,66,Female,93218,Other,Dallas,Bronze,94,42,439.34,343,Sports,8,24,8,5,21456.99,Net Banking,7
636,30,Female,143692,Teacher,Chicago,Bronze,63,44,312.2,139,Beauty,49,29,10,1,13381.29,Debit Card,4
637,40,Female,143411,Teacher,Miami,Silver,37,43,303.25,8,Electronics,100,20,9,9,13213.9,Cash,1
638,42,Male,15294,Student,Chicago,Silver,16,43,73.47,78,Electronics,6,18,2,13,2970.56,Credit Card,4
639,52,Male,39596,Student,Los Angeles,Silver,100,47,363.98,337,Fashion,81,30,7,0,18065.16,Credit Card,3
640,58,Female,113185,Freelancer,Seattle,Silver,5,6,304.1,147,Beauty,47,21,5,2,1999.12,UPI,1
641,47,Male,26434,Doctor,Dallas,Platinum,29,29,258.4,192,Beauty,36,8,10,11,8366.03,UPI,10
642,34,Female,73382,Retired,Seattle,Silver,52,27,349.71,258,Sports,92,26,5,0,10174.65,UPI,4
643,66,Female,53098,Student,San Francisco,Silver,23,43,227.58,135,Books,23,24,1,5,9120.29,Cash,7
644,37,Female,19655,Teacher,Chicago,Gold,6,2,266.69,38,Toys,31,24,7,3,497.24,Credit Card,2
645,65,Female,98029,Retired,Seattle,Bronze,36,22,205.19,319,Fashion,75,26,6,1,4239.55,Credit Card,7
646,42,Male,61228,Doctor,Boston,Bronze,57,9,361.51,286,Home,62,9,1,12,2652.11,UPI,6
647,39,Female,18771,Student,New York,Bronze,33,11,439.54,149,Home,84,29,3,14,5691.79,UPI,9
648,30,Male,89099,Engineer,New York,Bronze,49,16,422.01,351,Beauty,96,26,4,11,5930.36,Net Banking,2
649,36,Female,135811,Business,Boston,Silver,41,45,395.15,4,Beauty,81,3,8,15,15357.8,Credit Card,6
650,66,Female,77257,Student,Seattle,Bronze,80,13,16.76,235,Beauty,57,20,9,6,222.44,UPI,6
651,53,Female,32558,Other,Miami,Silver,55,18,456.82,235,Grocery,70,27,13,6,6734.16,UPI,6
652,29,Male,73436,Student,Boston,Platinum,98,25,144.69,313,Toys,65,29,1,7,4106.08,UPI,3
653,58,Female,122779,Other,Dallas,Bronze,26,33,445.11,104,Beauty,37,0,11,15,16898.98,Net Banking,6
654,36,Female,139891,Engineer,Phoenix,Silver,37,10,106.51,206,Home,68,10,11,11,1021.56,Credit Card,9
655,29,Female,47376,Teacher,Los Angeles,Bronze,77,30,225.43,238,Grocery,95,25,6,11,8038.16,Credit Card,3
656,26,Male,92924,Freelancer,Miami,Bronze,17,49,377.21,318,Books,75,21,4,6,17183.97,Credit Card,2
657,24,Male,44332,Engineer,Dallas,Silver,96,1,323.74,316,Home,17,1,1,12,292.69,Net Banking,8
658,45,Male,146001,Freelancer,Seattle,Platinum,32,33,213.8,51,Beauty,7,22,9,0,8437.38,Cash,3
659,31,Female,61737,Student,Miami,Bronze,28,49,342.53,107,Books,52,30,15,2,15107.62,Net Banking,5
660,48,Male,145912,Teacher,Miami,Bronze,93,15,278.99,356,Home,35,3,11,12,4091.53,Debit Card,5
661,69,Female,104031,Doctor,Seattle,Bronze,25,29,145.11,32,Electronics,2,14,2,0,4396.49,Net Banking,2
662,36,Male,35991,Student,Boston,Bronze,47,2,326.7,21,Books,40,19,4,1,607.02,Debit Card,2
663,64,Male,42472,Engineer,Seattle,Bronze,22,11,110.08,306,Grocery,37,24,9,0,1154.8,UPI,6
664,33,Female,74946,Doctor,Chicago,Silver,91,34,350.05,10,Toys,57,12,15,11,12952.66,Debit Card,2
665,70,Male,16541,Business,Chicago,Bronze,61,41,11.52,126,Toys,10,0,0,8,514.46,Net Banking,6
666,22,Female,144237,Doctor,Los Angeles,Silver,44,19,278.9,49,Books,76,21,6,6,5942.66,Cash,7
667,52,Female,17765,Engineer,New York,Silver,20,2,206.52,197,Grocery,81,1,0,8,428.52,Credit Card,4
668,29,Male,58074,Retired,Houston,Silver,50,48,158.52,16,Books,46,5,5,14,6797.92,Net Banking,10
669,42,Female,117795,Doctor,Los Angeles,Bronze,88,20,262.7,43,Sports,90,6,11,7,4903.26,Credit Card,4
670,69,Female,116387,Engineer,Los Angeles,Platinum,47,41,326.2,184,Beauty,5,18,5,9,15517.85,Debit Card,3
671,38,Male,146841,Retired,Phoenix,Bronze,47,31,483.0,38,Toys,5,3,0,1,16372.85,UPI,1
672,53,Male,17972,Student,Houston,Gold,72,4,418.2,136,Fashion,27,17,11,0,1397.14,UPI,4
673,70,Female,118903,Retired,New York,Bronze,51,29,361.4,278,Books,5,22,14,4,11543.82,Net Banking,3
674,40,Male,118579,Teacher,Miami,Silver,55,30,244.69,163,Fashion,61,8,6,6,6843.46,Debit Card,8
675,33,Female,54339,Business,Houston,Bronze,78,13,202.15,30,Fashion,8,20,7,1,2126.78,Debit Card,5
676,56,Female,118376,Retired,Phoenix,Bronze,39,15,25.94,339,Fashion,31,10,2,3,386.57,Credit Card,7
677,62,Male,57399,Teacher,San Francisco,Bronze,14,20,185.96,22,Toys,97,4,14,6,4289.57,Debit Card,3
678,70,Male,59013,Teacher,Los Angeles,Bronze,69,34,425.7,198,Toys,21,24,11,12,14151.61,Cash,3
679,59,Male,42909,Teacher,Seattle,Gold,47,28,198.17,173,Electronics,99,23,9,13,6633.65,UPI,6
680,56,Male,147385,Retired,Los Angeles,Silver,21,20,236.18,57,Fashion,21,0,0,8,4115.34,Cash,10
681,31,Female,18285,Engineer,Boston,Bronze,15,50,143.2,195,Home,51,1,1,5,6732.97,Cash,4
682,48,Female,138637,Other,Phoenix,Silver,100,25,144.33,87,Sports,79,22,0,6,2910.59,Credit Card,8
683,22,Male,50863,Engineer,Los Angeles,Gold,97,27,40.32,141,Fashion,100,2,8,7,892.84,Debit Card,3
684,52,Male,146627,Business,Los Angeles,Gold,81,30,310.76,280,Sports,59,21,3,11,8779.53,Credit Card,5
685,40,Female,36323,Engineer,Houston,Bronze,84,41,229.55,206,Grocery,2,16,6,11,9518.42,UPI,1
686,46,Female,85968,Freelancer,Houston,Gold,1,20,306.92,171,Books,30,23,14,15,5492.87,Credit Card,1
687,60,Female,68915,Engineer,Seattle,Bronze,80,1,277.97,301,Home,58,1,4,7,240.88,Cash,8
688,28,Female,124543,Engineer,Dallas,Silver,82,35,401.43,317,Beauty,92,0,8,12,13604.23,Credit Card,7
689,35,Male,123500,Engineer,Boston,Silver,10,49,378.0,274,Toys,81,1,15,8,16082.1,Debit Card,1
690,64,Female,126266,Student,Seattle,Gold,23,43,388.01,345,Books,20,7,8,11,17558.0,Credit Card,6
691,29,Female,41739,Business,San Francisco,Platinum,18,24,254.63,47,Books,40,12,5,13,7224.05,Debit Card,2
692,26,Male,143041,Freelancer,Boston,Platinum,58,25,183.4,160,Fashion,29,25,4,14,5147.2,Cash,1
693,27,Female,68019,Engineer,Houston,Bronze,73,40,467.38,164,Sports,5,13,9,13,16565.55,Debit Card,10
694,61,Female,22373,Other,Los Angeles,Platinum,94,12,36.59,216,Home,89,20,15,9,518.31,Debit Card,5
695,34,Male,35187,Business,Miami,Bronze,77,11,84.78,116,Sports,10,11,0,15,1026.26,Debit Card,5
696,55,Male,82863,Doctor,Los Angeles,Bronze,52,30,215.6,336,Beauty,83,8,14,1,5575.34,Debit Card,2
697,24,Male,112927,Student,New York,Silver,95,13,310.84,250,Toys,61,27,3,12,4169.31,UPI,5
698,63,Female,99085,Retired,Seattle,Silver,46,47,14.02,355,Grocery,1,18,4,14,781.89,Net Banking,7
699,30,Female,132996,Other,Boston,Silver,13,25,362.47,243,Fashion,47,23,12,14,7600.12,UPI,4
700,57,Male,54220,Engineer,Miami,Silver,96,25,283.78,246,Sports,98,19,13,6,6444.66,Credit Card,2
701,59,Male,145503,Other,New York,Platinum,17,17,247.5,72,Books,57,6,8,1,3995.6,UPI,5
702,26,Female,22642,Freelancer,San Francisco,Bronze,67,12,217.51,283,Fashion,14,25,1,6,2208.78,UPI,6
703,67,Male,94971,Student,Los Angeles,Bronze,61,11,264.55,194,Home,25,9,1,10,2676.37,Debit Card,8
704,44,Male,70556,Freelancer,Dallas,Platinum,65,10,89.28,266,Electronics,90,23,14,8,961.48,Credit Card,9
705,19,Male,53192,Retired,Phoenix,Bronze,53,17,63.27,86,Books,21,2,2,3,1065.8,Credit Card,10
706,22,Female,45782,Retired,New York,Silver,5,45,151.92,245,Sports,16,18,2,11,6620.57,Cash,8
707,46,Female,19782,Other,Los Angeles,Silver,32,16,357.66,157,Grocery,74,16,11,4,5566.77,Debit Card,7
708,54,Female,75030,Student,Los Angeles,Silver,89,20,298.26,356,Home,32,7,6,4,6584.75,UPI,9
709,55,Female,71411,Doctor,Boston,Silver,45,49,245.26,35,Beauty,45,30,13,11,14379.37,Cash,9
710,36,Female,112469,Other,Boston,Bronze,56,5,290.05,235,Sports,64,17,0,1,1501.67,Cash,6
711,25,Female,61950,Business,Dallas,Gold,5,41,284.04,247,Electronics,84,6,1,12,12817.43,UPI,3
712,65,Male,148595,Student,New York,Bronze,87,32,160.45,99,Beauty,73,30,10,2,4872.67,Credit Card,8
713,62,Female,65539,Teacher,Houston,Silver,76,27,57.75,226,Grocery,60,26,0,12,1784.18,Debit Card,3
714,18,Female,37936,Retired,Boston,Bronze,34,4,449.42,118,Fashion,98,6,13,9,1740.39,Debit Card,1
715,39,Male,65182,Doctor,Phoenix,Silver,61,41,303.96,353,Fashion,95,29,8,0,14631.42,UPI,4
716,69,Female,126259,Other,Los Angeles,Silver,87,48,351.9,195,Sports,19,22,9,2,18536.43,Debit Card,9
717,34,Female,110042,Retired,Los Angeles,Platinum,80,7,237.36,87,Beauty,47,19,8,4,1799.39,Net Banking,8
718,24,Male,28163,Teacher,San Francisco,Gold,62,46,380.68,35,Electronics,95,22,12,8,16041.28,Cash,6
719,42,Male,37419,Doctor,San Francisco,Silver,69,14,296.4,313,Electronics,64,25,2,0,4641.14,Cash,3
720,62,Male,136211,Retired,Dallas,Platinum,63,39,36.36,27,Grocery,30,15,11,15,1194.15,Net Banking,3
721,21,Female,137762,Teacher,New York,Silver,44,24,446.15,38,Home,47,14,2,15,10870.46,Debit Card,7
722,53,Male,15834,Teacher,Chicago,Silver,28,48,159.71,321,Beauty,88,13,0,5,8387.85,Credit Card,5
723,23,Female,47214,Retired,Miami,Silver,70,18,77.57,4,Beauty,33,15,4,11,1610.5,Net Banking,3
724,48,Female,17413,Other,Boston,Silver,13,38,53.14,140,Fashion,82,30,2,1,2075.58,Net Banking,1
725,36,Female,24505,Retired,New York,Gold,43,39,363.02,227,Toys,21,26,1,11,12789.14,Cash,9
726,61,Female,117802,Freelancer,Los Angeles,Bronze,30,40,354.94,8,Books,95,30,12,5,16178.8,Credit Card,5
727,56,Male,148177,Student,Seattle,Silver,26,1,353.08,358,Grocery,63,23,13,9,390.93,Credit Card,7
728,44,Male,143303,Student,San Francisco,Gold,81,17,458.72,56,Grocery,42,8,2,5,6717.61,Debit Card,10
729,27,Female,129897,Doctor,Miami,Platinum,63,26,180.98,282,Home,61,22,7,0,5406.38,Credit Card,9
730,43,Male,73408,Business,Boston,Gold,73,22,284.96,358,Grocery,43,21,7,4,7422.33,Debit Card,4
731,36,Female,131908,Retired,Houston,Silver,57,39,313.55,177,Beauty,68,20,0,9,12413.02,UPI,5
732,56,Female,94731,Other,Houston,Silver,64,18,489.95,81,Books,26,30,1,1,7190.62,Net Banking,3
733,20,Female,80131,Freelancer,San Francisco,Bronze,80,38,163.05,84,Fashion,33,9,14,0,7225.94,Net Banking,7
734,62,Male,79280,Student,New York,Silver,49,28,478.6,64,Grocery,33,14,0,10,11378.7,Debit Card,1
735,30,Female,30762,Student,Boston,Platinum,52,21,82.88,342,Toys,49,25,15,8,1833.16,Debit Card,8
736,67,Female,132798,Other,Miami,Platinum,63,38,384.36,289,Toys,84,22,7,5,14026.75,Debit Card,3
737,45,Male,131854,Freelancer,Los Angeles,Gold,82,33,320.11,355,Fashion,41,9,13,0,12642.69,Net Banking,4
738,37,Male,73703,Engineer,New York,Bronze,13,30,410.28,135,Home,72,1,0,15,14362.25,Debit Card,10
739,45,Male,78079,Freelancer,San Francisco,Gold,93,42,24.06,249,Toys,36,4,5,9,1125.52,Net Banking,4
740,25,Male,36577,Other,Dallas,Platinum,88,8,48.28,93,Grocery,72,28,9,8,339.78,Net Banking,7
741,58,Female,16214,Student,Chicago,Bronze,45,30,44.15,47,Beauty,95,7,12,11,1430.03,Cash,7
742,56,Male,101339,Business,New York,Silver,46,39,300.55,99,Fashion,22,5,10,8,12059.71,Cash,4
743,18,Female,63114,Engineer,Phoenix,Gold,77,9,305.44,337,Sports,47,5,7,12,2347.99,UPI,6
744,20,Male,78230,Other,Boston,Silver,89,33,453.99,193,Books,83,0,12,6,16747.6,UPI,8
745,30,Male,82194,Other,Houston,Platinum,41,43,239.13,116,Home,20,15,7,8,8581.67,Credit Card,10
746,45,Male,127333,Teacher,Phoenix,Silver,46,29,43.34,266,Grocery,87,17,6,0,1247.61,Debit Card,4
747,66,Male,52792,Freelancer,New York,Gold,1,31,112.67,307,Beauty,24,2,7,14,3390.17,Net Banking,1
748,42,Male,60807,Teacher,New York,Gold,73,3,13.96,163,Fashion,43,6,7,12,47.01,Credit Card,7
749,50,Male,140266,Engineer,Phoenix,Silver,68,50,390.59,286,Electronics,88,11,13,2,18963.67,Cash,2
750,55,Female,119292,Engineer,Dallas,Gold,92,38,409.64,23,Beauty,100,9,9,7,16776.2,Net Banking,3
751,70,Male,137984,Engineer,Phoenix,Silver,12,11,498.99,95,Beauty,73,21,13,2,5441.16,Credit Card,8
752,23,Male,28777,Doctor,Los Angeles,Silver,88,5,211.98,253,Toys,16,20,2,7,1094.67,Cash,2
753,61,Male,53346,Freelancer,Miami,Bronze,73,31,19.46,120,Electronics,27,24,1,2,540.77,UPI,2
754,62,Male,69703,Other,Phoenix,Bronze,35,20,125.02,71,Electronics,45,9,11,3,2202.81,Debit Card,4
755,49,Female,109977,Retired,Phoenix,Gold,99,4,298.01,352,Books,37,22,3,12,1292.13,Debit Card,6
756,62,Male,62819,Business,Boston,Platinum,33,8,481.35,63,Sports,13,8,15,11,3269.07,Credit Card,10
757,64,Male,149917,Business,Miami,Bronze,58,42,60.75,242,Sports,51,26,4,11,2220.81,Cash,2
758,38,Male,125186,Other,Chicago,Bronze,35,35,69.57,126,Toys,2,10,15,13,2864.42,Credit Card,9
759,33,Male,38290,Teacher,Phoenix,Bronze,46,13,353.86,38,Sports,76,18,1,3,4146.29,Cash,2
760,38,Female,127551,Other,Phoenix,Silver,84,49,336.93,352,Beauty,97,26,14,4,15342.65,Cash,9
761,28,Male,113682,Teacher,Los Angeles,Platinum,66,5,132.75,76,Books,87,7,10,9,699.11,Debit Card,7
762,54,Female,149365,Retired,Houston,Silver,44,40,408.44,4,Beauty,59,27,7,9,15947.81,UPI,3
763,53,Male,133017,Teacher,Los Angeles,Silver,26,19,73.1,139,Beauty,14,24,7,10,1421.68,UPI,9
764,52,Female,134496,Freelancer,Phoenix,Silver,42,18,463.61,251,Toys,49,17,12,3,7158.63,Net Banking,9
765,36,Female,72089,Student,Boston,Bronze,77,33,108.51,156,Sports,30,3,11,6,3827.78,Cash,6
766,37,Male,143713,Teacher,Los Angeles,Gold,30,4,49.86,258,Fashion,98,1,3,10,172.04,Debit Card,2
767,35,Male,31619,Engineer,Boston,Silver,32,18,176.37,316,Books,9,12,11,3,3489.24,Cash,7
768,64,Female,93006,Teacher,Miami,Silver,36,46,102.04,236,Toys,79,22,4,10,4738.18,Net Banking,4
769,58,Female,29779,Engineer,Boston,Gold,19,24,268.2,74,Toys,24,13,10,0,7250.91,Debit Card,4
770,66,Male,36630,Doctor,Dallas,Gold,22,43,346.55,28,Beauty,41,19,11,4,12950.63,Cash,7
771,31,Female,120575,Student,Seattle,Gold,65,29,250.55,40,Beauty,60,29,14,11,6910.03,UPI,5
772,32,Female,130436,Student,Miami,Platinum,57,31,333.7,28,Beauty,89,27,4,7,11779.85,UPI,1
773,48,Female,37784,Retired,Seattle,Platinum,11,28,188.81,99,Sports,100,21,4,5,5918.36,Net Banking,3
774,18,Male,127167,Freelancer,Phoenix,Silver,26,9,23.68,319,Grocery,32,23,15,3,252.82,UPI,7
775,70,Female,82359,Other,Phoenix,Bronze,48,45,487.29,57,Sports,47,14,8,3,19489.3,Cash,9
776,20,Female,93608,Freelancer,Dallas,Silver,19,26,411.51,210,Toys,21,29,8,12,10866.29,Net Banking,9
777,33,Female,30111,Business,New York,Gold,83,49,45.98,137,Grocery,42,12,14,0,1818.53,Credit Card,7
778,40,Male,39161,Doctor,Seattle,Bronze,12,47,230.1,10,Toys,70,5,13,15,12827.25,Net Banking,5
779,28,Male,133920,Retired,Los Angeles,Bronze,67,2,321.16,332,Sports,89,19,10,9,558.85,UPI,4
780,29,Female,119823,Freelancer,Dallas,Bronze,56,6,103.39,363,Books,2,5,3,12,720.76,Debit Card,9
781,27,Male,140014,Engineer,Miami,Gold,18,29,293.21,188,Toys,31,0,0,0,9109.64,Net Banking,6
782,49,Female,145466,Doctor,Chicago,Silver,5,26,271.49,93,Fashion,56,14,7,2,8292.18,Cash,10
783,33,Male,82313,Student,Los Angeles,Bronze,24,28,112.05,341,Fashion,30,5,10,3,2821.44,Net Banking,2
784,25,Male,95308,Other,Boston,Bronze,78,7,79.19,180,Beauty,63,26,0,14,520.0,UPI,3
785,55,Female,61389,Other,Phoenix,Gold,38,34,381.89,320,Sports,15,14,15,3,11241.26,Net Banking,7
786,29,Male,122800,Engineer,Miami,Bronze,67,45,168.07,282,Grocery,18,14,15,1,7328.49,Cash,4
787,41,Male,134547,Retired,Dallas,Bronze,70,10,129.58,320,Grocery,32,13,6,10,1527.75,Cash,7
788,45,Male,39502,Retired,Seattle,Silver,76,48,371.56,57,Fashion,14,9,11,8,18342.55,UPI,5
789,70,Female,50757,Doctor,Seattle,Silver,52,41,370.67,24,Beauty,62,28,12,15,14687.6,Cash,1
790,25,Male,56111,Student,San Francisco,Bronze,75,40,145.44,303,Toys,82,26,3,7,5410.06,UPI,10
791,45,Male,113273,Freelancer,Phoenix,Silver,39,47,437.56,259,Books,99,7,0,2,21262.58,Net Banking,3
792,53,Female,73645,Engineer,Los Angeles,Bronze,59,22,347.24,212,Grocery,52,3,3,10,8321.37,Net Banking,9
793,43,Male,125218,Engineer,Boston,Gold,26,27,179.42,114,Sports,22,24,6,1,4663.72,Credit Card,4
794,25,Male,74055,Student,Boston,Bronze,65,39,219.47,187,Beauty,14,21,12,0,7638.0,UPI,5
795,67,Male,134815,Engineer,Phoenix,Bronze,80,22,366.09,259,Home,78,5,7,9,8327.83,Debit Card,2
796,45,Male,116026,Other,San Francisco,Gold,48,19,113.68,135,Sports,34,19,1,8,2043.77,UPI,10
797,45,Male,85192,Freelancer,San Francisco,Gold,53,36,239.69,89,Sports,86,23,12,4,10335.02,Net Banking,8
798,54,Female,67021,Freelancer,Los Angeles,Bronze,9,9,330.24,220,Toys,80,20,8,7,2902.07,Net Banking,1
799,58,Female,44092,Freelancer,San Francisco,Bronze,5,19,274.35,15,Fashion,56,27,4,12,5076.06,Cash,4
800,53,Male,147314,Student,Dallas,Gold,72,2,308.08,146,Books,53,16,13,14,699.83,Credit Card,6
801,44,Male,121843,Teacher,San Francisco,Gold,61,28,277.64,100,Toys,49,22,10,3,6999.7,Debit Card,8
802,34,Male,147903,Teacher,Seattle,Bronze,21,39,107.62,218,Toys,63,23,11,1,3468.53,Credit Card,4
803,26,Female,65721,Retired,Houston,Silver,97,22,211.0,44,Sports,16,21,13,4,5298.97,UPI,2
804,50,Female,43511,Retired,New York,Bronze,63,6,270.67,62,Toys,80,6,7,7,1681.86,UPI,4
805,70,Male,87782,Other,Seattle,Silver,20,47,392.23,349,Electronics,40,11,1,14,16666.22,Net Banking,1
806,37,Male,112003,Engineer,Seattle,Bronze,58,7,330.41,291,Beauty,38,22,1,5,2167.4,Cash,8
807,30,Female,70568,Freelancer,Chicago,Bronze,45,6,219.03,358,Electronics,18,3,3,15,1275.1,Debit Card,9
808,45,Male,149304,Engineer,Chicago,Bronze,22,33,487.46,65,Books,23,13,15,7,17246.9,Cash,3
809,65,Female,117062,Student,Phoenix,Silver,77,14,62.82,118,Toys,48,3,3,10,868.29,Debit Card,8
810,46,Female,119301,Engineer,Chicago,Silver,75,1,111.33,233,Sports,82,29,2,2,106.69,Credit Card,9
811,30,Male,66507,Business,Phoenix,Silver,82,25,177.24,7,Toys,46,15,4,4,4928.1,Net Banking,8
812,63,Female,139277,Teacher,Seattle,Bronze,63,6,122.0,194,Sports,22,27,1,1,606.64,Cash,2
813,52,Male,144999,Engineer,New York,Bronze,30,28,316.47,226,Fashion,54,30,0,11,9401.82,UPI,2
814,23,Male,115128,Engineer,Los Angeles,Gold,63,18,29.38,26,Fashion,40,0,11,14,518.04,Net Banking,10
815,35,Male,25683,Doctor,Los Angeles,Bronze,97,27,96.94,289,Home,30,17,3,10,2444.48,Debit Card,4
816,68,Male,38664,Other,Houston,Gold,44,49,153.74,27,Toys,55,18,5,11,8821.68,Net Banking,1
817,22,Male,117364,Engineer,Miami,Bronze,67,2,344.84,158,Fashion,56,20,13,2,766.35,UPI,3
818,64,Male,79340,Business,Los Angeles,Silver,58,40,439.17,144,Home,42,30,5,6,15594.11,UPI,4
819,42,Female,102236,Teacher,Miami,Silver,65,21,401.26,233,Books,42,9,1,0,8939.92,Debit Card,2
820,19,Female,26017,Doctor,San Francisco,Platinum,36,23,99.22,107,Books,62,24,5,7,2576.25,Net Banking,7
821,27,Female,51613,Other,Boston,Bronze,6,2,287.05,202,Fashion,82,4,3,4,686.47,Cash,10
822,47,Female,45348,Student,Seattle,Bronze,37,16,24.71,264,Home,53,12,9,1,426.74,Net Banking,3
823,67,Male,24491,Retired,New York,Silver,93,4,162.16,312,Grocery,82,5,14,2,698.12,UPI,7
824,62,Female,136070,Student,Phoenix,Platinum,75,34,404.93,300,Fashion,53,29,0,12,14391.52,Debit Card,7
825,22,Female,73759,Teacher,Miami,Platinum,55,5,233.77,10,Sports,64,22,0,3,953.78,Credit Card,9
826,50,Female,147040,Retired,Houston,Silver,77,49,83.47,324,Home,1,3,14,1,4229.18,Credit Card,4
827,18,Male,15368,Student,Los Angeles,Silver,75,34,224.89,94,Sports,79,15,1,9,8579.25,Net Banking,4
828,35,Female,50010,Other,Dallas,Silver,59,22,107.04,129,Home,69,7,3,12,2256.37,UPI,1
829,49,Male,50851,Business,Los Angeles,Silver,38,46,202.66,102,Beauty,27,15,7,4,9646.7,Net Banking,6
830,64,Female,137761,Engineer,Chicago,Silver,25,20,249.04,272,Home,17,10,2,6,5830.5,Debit Card,6
831,66,Male,142152,Teacher,Seattle,Gold,79,39,181.28,109,Electronics,63,21,14,12,6142.44,Cash,7
832,28,Male,93858,Retired,Chicago,Gold,77,47,469.11,291,Home,41,26,10,8,20112.13,Credit Card,9
833,38,Female,82005,Doctor,Los Angeles,Silver,33,50,285.64,130,Home,58,0,4,0,12055.82,Net Banking,10
834,43,Male,52493,Engineer,Dallas,Silver,13,13,423.02,190,Toys,57,21,2,9,5499.8,UPI,10
835,42,Male,25292,Student,Chicago,Silver,38,44,382.76,298,Grocery,96,17,7,15,19129.51,Credit Card,10
836,39,Female,107377,Student,New York,Silver,58,34,333.97,92,Grocery,38,3,13,12,11060.74,Credit Card,9
837,44,Female,116735,Doctor,Chicago,Silver,88,44,253.48,288,Toys,90,10,3,5,9234.07,Cash,5
838,66,Female,37912,Business,Dallas,Bronze,20,6,11.07,205,Books,66,19,10,5,60.14,Net Banking,2
839,30,Male,95771,Other,Chicago,Bronze,17,29,310.6,357,Beauty,92,9,7,0,10411.5,Cash,1
840,50,Male,122293,Other,Miami,Silver,24,33,184.42,28,Beauty,45,15,12,1,6225.89,UPI,2
841,51,Male,114083,Doctor,San Francisco,Gold,26,1,67.7,186,Fashion,23,28,7,10,78.91,UPI,2
842,58,Female,128655,Teacher,Phoenix,Bronze,40,47,227.87,336,Beauty,20,9,8,15,12142.61,Net Banking,1
843,52,Male,112459,Doctor,Los Angeles,Silver,32,48,370.42,176,Grocery,36,4,1,14,17170.6,Credit Card,8
844,18,Male,126695,Student,Miami,Bronze,93,7,481.22,330,Electronics,42,25,10,7,3548.48,Debit Card,3
845,38,Male,49268,Business,Phoenix,Bronze,78,22,193.31,155,Home,22,27,9,5,4532.53,Cash,10
846,65,Male,122338,Business,San Francisco,Platinum,37,32,275.93,245,Electronics,60,17,6,12,9701.42,Credit Card,10
847,23,Male,41336,Freelancer,Miami,Gold,86,14,427.11,198,Grocery,11,21,9,0,5580.03,UPI,8
848,45,Male,18641,Doctor,Houston,Bronze,98,24,173.66,108,Toys,28,10,13,9,3816.06,UPI,6
849,34,Male,102132,Teacher,Miami,Gold,91,19,79.71,359,Fashion,45,2,13,12,1626.31,Credit Card,1
850,22,Female,47959,Student,New York,Bronze,92,27,148.12,71,Toys,22,8,0,9,4509.15,Credit Card,7
851,48,Female,89123,Engineer,Dallas,Platinum,86,23,450.57,220,Electronics,81,14,12,10,10007.64,UPI,3
852,22,Female,36498,Other,Los Angeles,Bronze,60,45,88.1,280,Home,63,21,3,5,3680.75,Cash,9
853,55,Male,85198,Other,Seattle,Bronze,57,21,171.32,213,Home,31,18,3,9,4066.2,Cash,9
854,20,Male,42197,Other,Phoenix,Silver,58,44,237.67,74,Electronics,11,18,3,14,11239.49,Credit Card,4
855,70,Female,123775,Business,Chicago,Gold,67,29,425.09,241,Fashion,36,4,6,6,11556.15,Net Banking,2
856,40,Male,40032,Other,Los Angeles,Bronze,22,1,469.48,149,Electronics,78,5,12,1,475.05,UPI,10
857,54,Female,74624,Doctor,Seattle,Gold,58,31,218.65,322,Toys,35,3,13,10,8027.67,Debit Card,9
858,70,Male,93177,Freelancer,San Francisco,Bronze,85,27,466.66,177,Sports,23,11,15,3,13859.15,UPI,5
859,54,Male,56964,Teacher,Miami,Platinum,80,44,89.11,175,Books,29,4,4,6,3484.32,Cash,8
860,27,Female,126030,Teacher,Seattle,Bronze,73,36,86.86,103,Grocery,23,2,4,12,2870.59,Cash,9
861,27,Female,69646,Retired,Houston,Platinum,77,27,475.13,118,Electronics,100,9,2,10,11623.76,Debit Card,1
862,36,Female,96187,Other,Los Angeles,Silver,74,15,259.74,199,Electronics,16,12,9,14,4438.98,Cash,3
863,34,Female,132399,Student,Los Angeles,Silver,49,25,101.09,69,Toys,84,3,4,5,2670.21,Debit Card,7
864,38,Female,71747,Business,Los Angeles,Platinum,85,48,249.12,56,Fashion,89,23,4,10,14062.31,Cash,2
865,31,Male,60712,Student,Dallas,Platinum,49,15,393.77,65,Electronics,19,7,7,7,4940.08,Debit Card,4
866,26,Male,86820,Other,San Francisco,Silver,42,40,415.19,57,Fashion,90,0,14,13,13631.54,Net Banking,4
867,63,Male,140342,Freelancer,Dallas,Bronze,40,19,433.34,116,Grocery,96,19,10,15,8813.76,UPI,7
868,18,Female,106228,Engineer,Los Angeles,Silver,71,47,289.09,306,Sports,63,1,1,12,12318.86,Cash,2
869,68,Female,89353,Other,Houston,Silver,46,50,434.8,20,Beauty,50,3,14,5,23298.08,Credit Card,8
870,62,Female,107091,Engineer,Chicago,Silver,22,11,259.91,78,Grocery,85,20,13,1,3114.57,Debit Card,8
871,30,Female,100914,Engineer,Houston,Silver,82,41,307.46,311,Electronics,73,0,13,0,11619.99,Debit Card,6
872,21,Female,121718,Teacher,Phoenix,Bronze,21,33,381.77,353,Books,43,27,7,4,14879.57,Debit Card,4
873,18,Female,26539,Business,San Francisco,Gold,51,41,218.46,46,Sports,19,20,3,15,9941.19,Cash,2
874,66,Male,61219,Other,Miami,Gold,14,23,46.05,170,Beauty,85,6,8,10,1002.95,UPI,3
875,57,Male,28334,Student,Los Angeles,Bronze,74,12,181.58,83,Beauty,18,4,7,9,2102.36,Credit Card,3
876,49,Male,22903,Student,Seattle,Silver,97,2,315.73,107,Home,6,22,4,13,685.99,Debit Card,3
877,51,Male,73008,Freelancer,Chicago,Silver,9,43,104.24,286,Home,35,12,4,11,4130.97,Debit Card,4
878,45,Male,114318,Engineer,Miami,Silver,18,21,82.71,270,Electronics,14,24,8,9,1594.74,Debit Card,7
879,48,Female,82300,Business,Boston,Bronze,13,14,153.61,175,Toys,64,12,12,8,2257.99,Debit Card,9
880,25,Female,144263,Business,Houston,Silver,17,34,25.73,317,Home,9,7,13,1,747.02,Credit Card,10
881,56,Female,35842,Freelancer,Chicago,Bronze,87,15,374.28,69,Beauty,35,16,4,6,6722.09,Debit Card,4
882,43,Female,57372,Doctor,Boston,Silver,25,21,136.77,165,Beauty,2,29,12,8,2627.73,Credit Card,7
883,51,Female,129316,Business,Dallas,Gold,54,23,70.88,342,Grocery,6,30,8,3,1553.76,Credit Card,10
884,20,Female,113971,Business,Boston,Gold,16,21,352.57,57,Toys,99,9,5,3,6587.36,Debit Card,6
885,67,Male,53744,Student,Miami,Bronze,24,50,423.03,244,Home,25,9,10,9,22365.56,Net Banking,10
886,29,Female,131082,Freelancer,San Francisco,Silver,95,14,19.74,44,Home,73,1,10,4,227.77,Credit Card,9
887,18,Female,72442,Other,Houston,Platinum,75,21,124.46,171,Grocery,50,5,0,12,3060.92,Net Banking,8
888,61,Female,144070,Business,Chicago,Bronze,23,12,473.16,263,Beauty,95,20,10,12,5232.74,Credit Card,2
889,22,Female,100990,Business,Boston,Gold,41,42,198.77,65,Fashion,7,0,11,13,9775.49,Cash,3
890,47,Male,136670,Student,Houston,Gold,86,46,469.91,326,Electronics,63,29,11,5,19484.88,Debit Card,6
891,47,Male,121917,Other,Chicago,Gold,33,47,144.36,188,Fashion,28,17,7,11,6822.34,Cash,5
892,34,Female,18650,Other,Chicago,Bronze,42,5,116.85,272,Fashion,2,2,15,6,629.86,Credit Card,2
893,65,Male,60117,Business,Miami,Bronze,48,2,114.91,70,Beauty,65,25,13,8,240.17,Cash,2
894,64,Male,106244,Student,Houston,Platinum,18,22,51.76,352,Electronics,59,20,0,5,1144.41,Debit Card,5
895,40,Female,18190,Doctor,Miami,Bronze,63,6,449.25,35,Fashion,24,6,1,13,3006.6,Debit Card,5
896,32,Female,63113,Teacher,Boston,Bronze,78,44,490.12,238,Books,62,15,5,2,21310.76,Credit Card,1
897,54,Female,47125,Retired,Phoenix,Silver,92,2,477.71,67,Books,99,21,4,1,891.66,Credit Card,10
898,38,Female,145000,Student,San Francisco,Bronze,11,29,427.49,107,Books,71,2,1,5,13481.19,Net Banking,3
899,31,Female,126904,Student,Phoenix,Gold,24,36,424.98,207,Grocery,38,5,12,13,17975.26,UPI,9
900,19,Male,33768,Business,New York,Silver,61,7,333.93,276,Grocery,93,3,5,8,2432.31,Cash,10
901,28,Female,96099,Student,Los Angeles,Gold,64,16,414.84,209,Electronics,62,15,6,2,6052.57,Net Banking,3
902,68,Female,102421,Freelancer,Phoenix,Gold,36,33,112.09,301,Fashion,65,2,2,3,4087.82,Cash,6
903,56,Female,21895,Engineer,Dallas,Bronze,83,33,200.08,347,Books,51,3,15,2,7294.4,Debit Card,6
904,55,Male,86017,Engineer,San Francisco,Bronze,77,14,324.01,106,Sports,94,10,10,6,4113.13,Credit Card,2
905,51,Female,38932,Doctor,Los Angeles,Gold,97,43,438.64,15,Home,52,23,7,3,17991.1,Cash,7
906,55,Female,36360,Other,Boston,Silver,53,12,333.63,238,Sports,96,16,15,11,3428.56,UPI,9
907,67,Female,69847,Student,Miami,Platinum,83,43,421.12,221,Electronics,74,18,3,13,15063.58,Debit Card,9
908,51,Male,105365,Other,Dallas,Gold,47,6,242.24,255,Home,98,25,9,5,1632.13,Debit Card,8
909,35,Female,100468,Freelancer,Los Angeles,Bronze,52,12,361.48,300,Electronics,63,30,8,5,4116.67,Net Banking,5
910,47,Female,53931,Business,Los Angeles,Gold,96,31,490.19,144,Sports,11,27,6,8,13866.63,UPI,8
911,32,Female,70823,Business,Chicago,Bronze,79,12,85.21,163,Fashion,48,7,12,4,922.76,Debit Card,9
912,44,Male,53032,Retired,New York,Bronze,57,10,464.19,11,Fashion,54,27,2,6,3852.42,UPI,1
913,68,Female,33807,Teacher,Miami,Gold,75,40,265.96,49,Beauty,91,13,14,12,12701.67,Credit Card,1
914,51,Female,68413,Doctor,Boston,Gold,23,27,325.18,314,Home,50,25,13,0,8312.93,UPI,5
915,69,Female,30540,Freelancer,Houston,Silver,59,7,440.16,359,Toys,74,15,14,7,2667.32,Net Banking,7
916,55,Male,85248,Other,Phoenix,Bronze,69,46,210.73,11,Electronics,38,24,4,1,11105.51,Net Banking,9
917,50,Female,125494,Freelancer,San Francisco,Bronze,56,36,215.16,189,Toys,86,18,8,3,8437.05,Cash,9
918,41,Female,100435,Retired,New York,Bronze,86,33,268.32,295,Fashion,88,15,14,9,9430.53,Credit Card,3
919,32,Female,34787,Retired,Chicago,Bronze,42,27,19.36,92,Sports,8,24,12,6,480.32,Credit Card,1
920,47,Male,35982,Business,Chicago,Bronze,18,8,253.37,129,Home,6,9,11,11,1958.42,UPI,3
921,59,Male,37606,Other,Los Angeles,Silver,71,5,152.63,348,Sports,68,14,8,5,867.27,Net Banking,8
922,68,Female,127223,Teacher,Seattle,Platinum,33,8,464.7,363,Toys,69,26,7,3,3925.63,Net Banking,7
923,34,Male,61936,Business,Phoenix,Bronze,3,40,52.99,340,Grocery,6,25,7,7,1988.74,Net Banking,5
924,22,Male,108286,Teacher,New York,Bronze,28,21,235.07,213,Fashion,32,3,8,13,4164.96,Credit Card,10
925,46,Male,52381,Engineer,Los Angeles,Gold,1,24,474.26,329,Books,38,27,15,12,13204.63,Net Banking,9
926,21,Female,136465,Freelancer,New York,Gold,63,7,451.51,286,Books,57,3,4,15,3736.47,Cash,4
927,27,Female,43074,Retired,Dallas,Platinum,47,19,353.66,174,Beauty,84,28,12,14,7307.62,Debit Card,6
928,34,Male,59194,Engineer,Miami,Bronze,37,31,298.79,200,Beauty,100,12,10,12,9971.6,Net Banking,5
929,27,Male,41853,Other,San Francisco,Bronze,86,36,147.56,104,Toys,64,11,12,11,5392.29,Cash,6
930,34,Male,88719,Business,Phoenix,Silver,48,27,189.81,230,Home,54,14,8,6,6091.44,Cash,4
931,37,Female,133724,Doctor,Chicago,Silver,19,29,54.17,97,Electronics,14,28,14,14,1692.93,Debit Card,3
932,41,Female,28703,Student,Seattle,Silver,14,23,395.19,102,Grocery,64,22,5,5,7550.48,Credit Card,5
933,22,Male,132491,Doctor,Boston,Silver,67,20,168.7,40,Home,50,12,12,4,2823.0,Net Banking,5
934,51,Male,73453,Doctor,Houston,Bronze,83,6,337.21,150,Sports,47,5,13,4,2398.43,Cash,2
935,23,Male,103478,Student,Miami,Silver,97,12,185.22,267,Sports,54,25,5,13,2616.74,Cash,10
936,70,Male,48161,Freelancer,Phoenix,Silver,85,50,237.52,326,Electronics,19,13,10,15,12150.74,Debit Card,4
937,19,Female,129296,Engineer,Dallas,Silver,65,12,281.95,351,Beauty,75,30,9,15,2996.53,Cash,3
938,30,Male,48349,Engineer,Phoenix,Silver,26,50,402.91,277,Beauty,39,2,13,10,20818.41,Net Banking,7
939,60,Female,62098,Freelancer,Boston,Silver,10,3,113.47,55,Sports,65,7,11,14,376.3,Credit Card,5
940,60,Male,123435,Student,San Francisco,Bronze,99,42,205.4,15,Books,99,11,5,6,6930.02,Cash,6
941,65,Male,146204,Teacher,San Francisco,Bronze,77,39,73.74,221,Electronics,83,29,6,10,3247.21,Credit Card,7
942,28,Male,66990,Doctor,New York,Silver,70,35,47.12,178,Toys,60,13,8,5,1625.98,Cash,2
943,68,Male,83921,Business,Los Angeles,Bronze,43,19,306.29,133,Home,33,4,15,3,5733.76,Cash,10
944,64,Male,115572,Engineer,San Francisco,Silver,70,45,102.65,257,Toys,32,1,14,6,4497.87,Net Banking,4
945,40,Female,22213,Freelancer,Seattle,Gold,99,4,39.3,61,Fashion,36,9,2,4,169.26,Credit Card,6
946,33,Male,139693,Business,Houston,Bronze,80,31,449.58,122,Home,24,29,11,6,12317.29,UPI,3
947,48,Male,106655,Retired,Dallas,Bronze,72,42,271.81,41,Grocery,43,2,15,6,11903.08,Net Banking,6
948,28,Male,83371,Student,Boston,Platinum,59,38,75.97,298,Beauty,71,22,14,15,2360.41,Credit Card,10
949,33,Female,83274,Business,Chicago,Bronze,3,33,36.18,51,Home,71,9,12,10,1342.63,Credit Card,1
950,25,Female,122853,Other,San Francisco,Bronze,5,6,68.73,311,Beauty,46,8,5,1,464.41,Credit Card,8
951,21,Female,19134,Business,Chicago,Bronze,85,8,240.96,66,Toys,47,16,12,11,1782.63,UPI,10
952,57,Female,106428,Other,San Francisco,Gold,95,28,337.55,58,Beauty,69,27,9,3,7959.66,Net Banking,5
953,21,Male,54601,Doctor,Seattle,Bronze,78,15,324.23,303,Toys,14,5,4,14,5345.42,UPI,1
954,42,Male,88889,Student,Chicago,Silver,83,31,80.77,34,Fashion,45,26,15,9,2474.04,Cash,10
955,20,Male,30690,Business,Los Angeles,Silver,37,8,320.41,135,Books,52,29,3,3,2999.0,Debit Card,10
956,49,Female,16909,Engineer,Dallas,Bronze,84,6,208.38,75,Fashion,90,8,7,12,1177.01,UPI,1
957,20,Male,106239,Student,Houston,Bronze,52,29,237.72,241,Toys,50,22,2,6,7835.61,Cash,10
958,44,Male,95032,Engineer,Seattle,Gold,66,46,402.7,287,Home,65,2,14,7,15006.99,UPI,3
959,46,Female,27062,Freelancer,Los Angeles,Silver,63,34,172.92,220,Grocery,77,6,1,10,6520.81,Credit Card,6
960,49,Female,90386,Freelancer,Houston,Bronze,7,7,82.03,300,Beauty,64,11,3,0,615.15,Debit Card,2
961,67,Female,114270,Retired,Los Angeles,Bronze,97,40,437.99,84,Sports,23,17,2,6,17703.68,Debit Card,8
962,68,Male,81425,Teacher,Los Angeles,Silver,53,10,113.94,122,Beauty,84,9,6,10,1326.46,Cash,10
963,36,Male,99981,Freelancer,Los Angeles,Gold,6,13,154.07,194,Grocery,71,1,11,5,2357.03,UPI,7
964,38,Female,119470,Business,New York,Bronze,7,22,356.23,101,Home,70,16,12,9,9184.05,UPI,2
965,22,Male,103887,Student,Houston,Silver,44,21,344.94,282,Grocery,59,30,3,0,7527.12,UPI,1
966,35,Female,96542,Freelancer,Los Angeles,Bronze,18,1,402.2,2,Sports,73,2,9,13,405.32,Cash,7
967,45,Female,64112,Engineer,Miami,Bronze,54,41,100.09,312,Toys,92,0,11,15,3724.46,UPI,7
968,59,Male,74010,Business,Miami,Bronze,29,42,182.62,246,Fashion,74,7,8,13,6633.27,Debit Card,3
969,39,Female,39485,Freelancer,San Francisco,Gold,83,2,71.68,147,Sports,54,12,12,7,146.63,Debit Card,10
970,38,Female,104299,Other,Dallas,Silver,25,29,275.11,198,Grocery,99,10,11,4,6856.45,Net Banking,8
971,23,Female,120584,Other,Chicago,Gold,63,11,153.36,120,Sports,71,7,10,12,1465.71,UPI,8
972,18,Male,147139,Doctor,San Francisco,Gold,68,37,347.58,168,Beauty,89,19,4,6,12123.52,UPI,5
973,22,Female,35607,Engineer,New York,Gold,13,50,10.17,0,Grocery,94,30,13,7,444.78,Debit Card,7
974,58,Female,76597,Retired,Miami,Bronze,32,7,39.24,329,Books,26,0,2,6,274.87,Debit Card,3
975,29,Female,89554,Retired,Houston,Bronze,27,35,221.95,108,Toys,44,1,1,10,8277.07,Credit Card,6
976,43,Female,30187,Retired,Dallas,Platinum,51,30,479.51,326,Home,76,17,5,14,15524.04,Credit Card,3
977,63,Female,18985,Engineer,Dallas,Gold,34,16,446.52,9,Fashion,13,17,13,11,7237.99,Net Banking,9
978,51,Female,66514,Retired,Chicago,Gold,28,15,497.06,126,Fashion,54,8,5,13,7520.91,Debit Card,7
979,66,Female,33608,Teacher,Houston,Bronze,73,40,214.25,156,Sports,40,6,0,11,8483.65,Net Banking,1
980,31,Male,86327,Doctor,Boston,Bronze,72,20,32.82,230,Toys,4,8,6,9,589.52,UPI,8
981,43,Male,32221,Teacher,Chicago,Gold,85,28,159.92,14,Sports,53,9,11,11,4754.02,UPI,9
982,62,Female,63506,Other,Dallas,Bronze,30,37,341.13,274,Books,1,25,4,12,13414.61,Debit Card,10
983,44,Male,35968,Freelancer,New York,Silver,93,3,76.23,45,Books,6,1,6,0,206.35,Cash,2
984,26,Male,142677,Doctor,Seattle,Silver,9,29,156.99,273,Sports,55,4,11,5,4917.96,Net Banking,1
985,43,Female,117951,Engineer,Seattle,Bronze,13,37,37.52,105,Home,66,16,3,10,1587.04,Cash,4
986,64,Male,123306,Teacher,Miami,Bronze,82,9,242.73,2,Beauty,91,1,4,14,2267.33,UPI,9
987,39,Female,58601,Business,Dallas,Bronze,64,27,112.37,325,Fashion,18,19,6,10,2569.84,Net Banking,6
988,64,Female,87178,Doctor,New York,Bronze,38,32,54.71,252,Grocery,29,9,5,10,1629.75,UPI,10
989,47,Female,84893,Engineer,Chicago,Silver,22,48,211.5,21,Grocery,53,30,13,11,8498.39,Credit Card,8
990,60,Female,101799,Student,New York,Bronze,31,46,182.1,54,Fashion,33,0,15,0,7713.28,Debit Card,7
991,65,Female,63367,Doctor,Phoenix,Bronze,99,50,273.38,296,Home,3,11,0,3,12094.03,Credit Card,5
992,34,Male,28201,Doctor,Chicago,Gold,42,39,377.03,109,Books,20,23,0,3,15025.48,Net Banking,5
993,43,Female,148811,Freelancer,Los Angeles,Silver,62,31,65.16,222,Books,4,14,1,7,1958.19,Credit Card,6
994,53,Male,28231,Business,Chicago,Bronze,64,47,397.65,247,Sports,82,5,12,5,20354.3,Net Banking,6
995,18,Female,24964,Freelancer,Miami,Gold,74,26,22.88,135,Electronics,8,13,12,12,562.29,Cash,5
996,25,Female,27336,Retired,Seattle,Platinum,9,40,227.12,320,Toys,86,13,10,13,7830.08,Debit Card,8
997,66,Female,92475,Doctor,Chicago,Bronze,95,3,297.84,245,Sports,86,14,10,6,799.17,Cash,3
998,52,Male,97212,Other,Los Angeles,Silver,44,11,478.93,69,Home,83,0,15,12,5364.71,UPI,9
999,69,Female,90379,Doctor,Phoenix,Silver,63,29,291.22,17,Fashion,28,24,2,13,8275.98,Debit Card,5
1000,32,Female,60591,Retired,New York,Bronze,40,27,87.79,185,Beauty,66,30,0,13,1936.66,Credit Card,9
1001,64,Female,76750,Business,Houston,Gold,88,50,263.6,116,Toys,73,16,9,11,11650.83,Net Banking,5
1002,39,Female,105648,Business,Seattle,Platinum,41,47,203.93,256,Sports,99,10,1,13,8805.42,Debit Card,3
1003,31,Male,111134,Other,New York,Platinum,72,10,244.88,277,Books,86,14,13,9,2669.54,UPI,9
1004,43,Female,113537,Other,Phoenix,Bronze,50,35,106.58,94,Grocery,26,19,11,6,4074.12,Cash,2
1005,45,Male,77672,Teacher,Houston,Bronze,20,47,255.41,114,Beauty,34,15,1,6,12954.95,UPI,5
1006,40,Female,42228,Engineer,Dallas,Platinum,81,23,83.52,61,Fashion,71,20,6,9,2165.66,Credit Card,3
1007,31,Male,29429,Engineer,San Francisco,Silver,92,6,374.58,274,Books,94,28,10,1,2583.59,Net Banking,7
1008,41,Male,99294,Teacher,Miami,Bronze,70,11,301.01,314,Electronics,49,26,12,5,2743.07,Net Banking,4
1009,19,Female,130577,Engineer,New York,Gold,42,43,48.48,123,Sports,89,8,11,7,2078.85,Credit Card,8
1010,62,Female,103074,Doctor,Boston,Bronze,33,27,445.91,79,Beauty,49,28,5,7,10349.02,Net Banking,1
1011,43,Male,83936,Teacher,Houston,Bronze,92,31,312.03,146,Beauty,73,11,8,3,9108.26,Debit Card,5
1012,31,Female,72378,Teacher,Dallas,Gold,63,30,164.89,21,Grocery,27,30,9,6,5269.61,Debit Card,8
1013,68,Female,52310,Engineer,Boston,Bronze,57,3,32.36,82,Books,65,1,13,8,101.03,Credit Card,2
1014,24,Female,116827,Student,San Francisco,Bronze,65,13,319.79,323,Toys,33,14,4,15,3539.6,Credit Card,6
1015,20,Male,114862,Other,San Francisco,Bronze,52,40,192.99,4,Toys,72,27,2,7,8513.43,UPI,7
1016,64,Female,53889,Engineer,Seattle,Silver,99,21,454.73,260,Sports,49,8,0,1,10645.66,Net Banking,6
1017,40,Female,66428,Freelancer,Boston,Bronze,88,43,27.09,279,Electronics,63,27,15,15,996.75,Cash,10
1018,63,Female,125502,Student,Seattle,Silver,6,11,29.16,128,Beauty,32,15,0,12,335.6,Credit Card,3
1019,60,Male,65255,Teacher,Seattle,Silver,7,45,475.16,113,Grocery,19,29,1,10,25190.19,UPI,6
1020,64,Female,120824,Student,Seattle,Gold,9,3,482.79,283,Toys,100,16,14,7,1213.12,Credit Card,7
1021,62,Male,20409,Doctor,Seattle,Bronze,61,38,23.59,46,Books,50,19,12,2,776.16,Credit Card,3
1022,35,Female,57438,Business,Dallas,Gold,80,31,360.86,340,Sports,22,26,10,3,12374.79,Debit Card,10
1023,55,Male,22869,Student,Miami,Bronze,34,24,118.53,187,Sports,90,22,10,2,2659.16,Net Banking,2
1024,52,Female,40958,Freelancer,Chicago,Silver,35,42,353.68,18,Books,67,3,2,14,17561.49,Credit Card,3
1025,68,Female,90622,Business,Dallas,Silver,99,12,435.68,86,Books,9,7,10,7,5488.24,Net Banking,1
1026,32,Male,41442,Doctor,Phoenix,Bronze,20,46,59.41,141,Books,35,6,9,3,2714.5,UPI,7
1027,42,Male,96948,Freelancer,Seattle,Gold,58,43,127.0,250,Toys,71,5,13,10,5106.39,Credit Card,4
1028,54,Male,40596,Retired,Houston,Bronze,87,27,21.8,325,Electronics,79,4,13,0,527.18,Cash,3
1029,45,Female,90791,Business,Houston,Bronze,60,21,31.48,7,Grocery,4,9,13,8,700.75,Debit Card,6
1030,27,Female,57406,Retired,Boston,Bronze,54,25,24.51,36,Books,37,2,9,8,635.31,Cash,3
1031,56,Female,55524,Doctor,Boston,Silver,35,30,402.33,85,Electronics,28,23,15,0,11383.91,Debit Card,10
1032,34,Female,125160,Business,Phoenix,Bronze,47,30,156.16,71,Beauty,9,19,15,7,5467.68,Credit Card,3
1033,56,Male,20062,Business,Dallas,Bronze,46,10,251.67,265,Home,35,23,4,1,2780.25,Credit Card,9
1034,39,Female,59645,Engineer,Houston,Bronze,87,3,396.04,66,Books,25,16,6,6,1074.09,Net Banking,2
1035,43,Female,137759,Freelancer,Los Angeles,Silver,4,13,252.52,140,Fashion,9,15,3,12,3864.95,Debit Card,5
1036,61,Female,22244,Other,Los Angeles,Silver,10,27,220.31,294,Fashion,61,10,9,0,6556.39,UPI,10
1037,42,Female,100501,Freelancer,Chicago,Bronze,75,18,15.67,63,Electronics,52,12,10,5,326.86,Cash,10
1038,34,Female,132450,Student,Los Angeles,Bronze,40,45,288.34,29,Toys,97,17,5,9,11087.24,UPI,2
1039,30,Female,31956,Retired,New York,Silver,55,24,71.12,44,Toys,17,13,5,11,1388.03,Debit Card,6
1040,37,Female,31709,Retired,Seattle,Gold,73,46,384.68,133,Electronics,76,1,12,10,17645.15,UPI,4
1041,42,Male,133428,Freelancer,Phoenix,Gold,40,14,136.29,15,Home,9,11,10,10,1868.49,Debit Card,7
1042,21,Female,30210,Freelancer,Boston,Gold,76,39,340.35,277,Home,54,21,1,9,15237.11,Net Banking,1
1043,27,Female,117081,Business,New York,Bronze,81,44,326.65,218,Home,5,20,5,13,12487.75,Net Banking,8
1044,20,Female,115025,Retired,Miami,Platinum,96,4,312.17,276,Home,63,28,4,13,1010.72,UPI,2
1045,58,Female,139476,Teacher,Seattle,Bronze,23,16,140.81,220,Books,47,25,14,7,2279.32,UPI,4
1046,62,Male,74846,Other,Houston,Platinum,15,10,140.87,192,Fashion,90,9,15,10,1227.01,Debit Card,7
1047,35,Male,80480,Engineer,Seattle,Bronze,92,48,432.89,157,Beauty,19,28,10,5,17034.47,Net Banking,8
1048,64,Male,67960,Other,Boston,Silver,5,37,16.28,23,Home,99,6,5,8,487.24,UPI,9
1049,53,Male,100765,Student,San Francisco,Bronze,40,27,98.95,319,Home,66,1,3,14,2289.53,Debit Card,5
1050,64,Male,132265,Other,San Francisco,Bronze,18,48,308.98,140,Electronics,45,24,0,10,14094.57,Debit Card,9
1051,39,Male,63137,Engineer,New York,Gold,21,1,410.35,221,Home,71,17,8,0,473.37,UPI,9
1052,51,Female,133922,Student,Dallas,Gold,79,5,185.59,25,Toys,73,16,13,8,1024.67,Cash,3
1053,64,Male,136280,Doctor,Houston,Platinum,3,13,330.19,97,Beauty,86,15,2,2,4344.27,Credit Card,7
1054,25,Male,58876,Business,Boston,Silver,46,45,283.01,275,Books,33,29,13,14,12380.61,Debit Card,8
1055,57,Female,109547,Freelancer,Boston,Silver,90,3,41.62,60,Books,80,1,14,1,122.65,Net Banking,1
1056,66,Male,65227,Freelancer,Boston,Bronze,79,17,314.66,242,Beauty,43,10,0,11,6172.24,Credit Card,10
1057,61,Female,99433,Teacher,Los Angeles,Platinum,53,19,408.81,8,Books,88,18,13,7,8465.31,Debit Card,5
1058,36,Female,88704,Other,Boston,Silver,20,37,496.3,356,Grocery,72,30,13,9,15953.95,Cash,1
1059,59,Male,21861,Retired,San Francisco,Gold,59,5,24.52,271,Books,94,30,3,4,144.16,Credit Card,3
1060,58,Female,76914,Retired,Miami,Silver,21,47,333.43,259,Beauty,26,29,13,12,17381.97,Net Banking,2
1061,54,Male,78888,Engineer,Phoenix,Silver,90,42,213.13,31,Home,45,21,6,0,7283.47,Credit Card,2
1062,23,Male,94286,Engineer,Seattle,Platinum,87,44,14.8,339,Books,35,6,3,0,651.79,UPI,4
1063,69,Female,76293,Engineer,Phoenix,Bronze,51,24,311.04,92,Sports,81,26,10,1,7921.16,Debit Card,5
1064,43,Female,83515,Retired,San Francisco,Bronze,25,43,69.99,127,Home,53,21,3,6,2481.08,UPI,1
1065,51,Male,22065,Freelancer,San Francisco,Bronze,68,33,195.5,236,Fashion,10,16,8,1,6072.31,Cash,6
1066,62,Female,103720,Retired,Miami,Gold,10,21,138.07,16,Books,41,14,10,8,3071.47,Credit Card,5
1067,23,Female,73876,Engineer,Chicago,Bronze,86,3,186.97,40,Books,17,8,14,5,631.83,UPI,4
1068,54,Male,98797,Business,New York,Bronze,67,4,251.42,300,Fashion,71,11,5,3,1197.62,Cash,6
1069,50,Male,106141,Student,Los Angeles,Bronze,83,32,186.01,271,Books,66,7,8,11,5051.45,UPI,2
1070,70,Female,117390,Freelancer,Dallas,Silver,95,24,280.84,275,Electronics,11,27,11,12,7097.13,Net Banking,8
1071,39,Male,111856,Business,Boston,Silver,9,35,126.94,41,Electronics,63,1,11,13,5140.95,UPI,6
1072,38,Male,81201,Doctor,Boston,Bronze,29,18,321.33,265,Grocery,67,16,12,3,6285.8,Debit Card,3
1073,23,Male,104766,Other,Miami,Platinum,37,3,428.34,51,Home,46,15,1,2,1353.07,UPI,4
1074,23,Male,37995,Business,Chicago,Platinum,71,39,119.79,187,Grocery,20,22,6,8,4138.14,UPI,2
1075,65,Male,107320,Other,Boston,Bronze,38,26,258.86,150,Sports,13,15,6,1,7579.19,UPI,4
1076,21,Male,95141,Business,Los Angeles,Gold,88,24,327.86,243,Electronics,87,2,13,8,8065.33,UPI,9
1077,47,Male,85799,Doctor,New York,Silver,72,1,286.67,288,Fashion,17,18,7,15,242.11,UPI,4
1078,28,Female,60687,Business,Los Angeles,Bronze,98,50,189.17,126,Sports,93,15,9,2,11106.56,Credit Card,8
1079,47,Male,52276,Student,Chicago,Bronze,59,34,324.68,204,Books,32,30,10,3,13195.68,Credit Card,3
1080,48,Female,49523,Freelancer,San Francisco,Silver,57,12,23.84,305,Electronics,99,10,8,8,290.39,Net Banking,5
1081,41,Female,69615,Other,Los Angeles,Silver,90,17,191.25,356,Sports,99,25,7,2,3610.81,Credit Card,2
1082,26,Female,25514,Teacher,Phoenix,Bronze,60,21,270.98,99,Home,98,8,1,5,5880.22,Cash,9
1083,20,Male,62456,Retired,Los Angeles,Gold,28,21,20.1,343,Beauty,85,13,2,11,408.97,Debit Card,9
1084,68,Male,22233,Doctor,San Francisco,Silver,28,3,258.75,78,Books,16,1,11,14,748.03,UPI,10
1085,48,Female,16102,Other,Boston,Silver,46,44,330.58,182,Books,23,29,1,4,17247.0,UPI,7
1086,57,Male,81133,Freelancer,Seattle,Bronze,71,28,382.01,97,Beauty,11,12,0,5,10134.88,UPI,2
1087,54,Female,61715,Engineer,Seattle,Silver,67,25,65.55,67,Sports,14,4,15,4,1632.49,Net Banking,4
1088,53,Male,125545,Other,Seattle,Bronze,86,44,495.38,333,Electronics,67,19,12,12,19603.89,Net Banking,6
1089,41,Male,119085,Student,Boston,Silver,55,6,307.02,27,Beauty,71,13,6,13,1660.33,Cash,9
1090,48,Female,124101,Teacher,Miami,Gold,38,42,187.96,28,Beauty,45,0,7,10,7440.32,UPI,6
1091,23,Female,123684,Student,New York,Gold,18,30,132.06,337,Sports,75,5,4,2,4634.95,Net Banking,4
1092,19,Female,79800,Other,New York,Bronze,76,32,290.72,121,Beauty,33,21,9,1,8918.04,UPI,1
1093,37,Male,109937,Student,Boston,Silver,95,22,442.04,211,Home,83,10,12,9,9928.28,Credit Card,7
1094,45,Female,56548,Engineer,Los Angeles,Platinum,63,38,265.08,175,Books,45,16,10,12,10257.39,UPI,7
1095,28,Male,143845,Teacher,Dallas,Silver,5,14,334.12,104,Toys,54,22,13,8,4833.26,Cash,6
1096,21,Male,128815,Retired,New York,Bronze,44,34,185.27,71,Fashion,51,21,8,3,7105.58,Cash,3
1097,32,Male,142602,Student,Phoenix,Silver,29,43,200.19,109,Beauty,87,13,3,9,9989.61,Net Banking,5
1098,23,Female,141270,Engineer,Phoenix,Bronze,100,47,150.23,112,Home,23,13,0,11,6238.22,UPI,7
1099,66,Female,141320,Doctor,Houston,Gold,14,26,355.76,231,Toys,29,19,3,5,10583.38,Cash,6
1100,47,Female,40570,Engineer,Phoenix,Silver,58,40,186.0,42,Books,6,6,15,15,7581.98,Credit Card,7
1101,55,Male,36182,Business,New York,Bronze,44,13,103.45,264,Sports,39,18,4,8,1573.19,Net Banking,5
1102,68,Male,54373,Other,Dallas,Bronze,18,30,191.01,295,Beauty,5,25,10,4,6684.18,Credit Card,1
1103,19,Female,58019,Freelancer,San Francisco,Bronze,7,19,428.38,45,Beauty,96,26,11,6,7779.25,Cash,10
1104,32,Male,31043,Other,Seattle,Platinum,87,42,371.74,57,Grocery,40,21,14,11,16561.59,Net Banking,5
1105,28,Male,34239,Other,Los Angeles,Bronze,97,41,173.97,224,Toys,90,5,15,13,8192.45,UPI,2
1106,25,Female,149484,Engineer,San Francisco,Silver,62,50,454.34,139,Sports,78,30,7,15,21669.37,Debit Card,10
1107,43,Female,96976,Engineer,Dallas,Platinum,45,39,46.67,100,Sports,82,12,4,4,1488.01,UPI,10
1108,68,Female,39406,Engineer,Miami,Bronze,16,3,34.38,280,Home,21,9,11,14,97.36,UPI,2
1109,62,Male,16875,Other,Seattle,Silver,64,31,72.46,237,Grocery,59,21,9,11,2125.33,Credit Card,4
1110,61,Male,147425,Retired,Houston,Silver,37,12,67.06,88,Toys,89,30,8,8,903.46,UPI,6
1111,22,Male,29691,Student,Miami,Silver,25,15,53.04,245,Grocery,20,18,5,1,735.01,Debit Card,5
1112,23,Male,63075,Retired,New York,Bronze,9,45,334.06,178,Home,24,30,13,2,17401.76,Net Banking,7
1113,43,Male,25794,Teacher,Dallas,Bronze,55,38,304.41,230,Toys,3,9,7,4,11792.65,Net Banking,10
1114,21,Female,90930,Engineer,Seattle,Silver,28,40,327.33,98,Fashion,86,4,2,1,13544.41,Debit Card,8
1115,36,Male,56708,Engineer,Houston,Platinum,9,14,347.3,214,Beauty,72,12,12,11,5459.29,Credit Card,10
1116,37,Male,130492,Business,Los Angeles,Bronze,12,35,380.87,199,Electronics,57,16,2,13,11381.94,Debit Card,1
1117,50,Male,121629,Business,Los Angeles,Bronze,18,16,111.52,255,Electronics,93,21,8,5,1440.26,Net Banking,8
1118,37,Female,138313,Doctor,Boston,Bronze,91,50,314.93,194,Grocery,71,22,5,9,12953.79,Debit Card,3
1119,66,Female,36352,Doctor,New York,Gold,90,24,294.22,23,Sports,70,4,3,2,5735.63,Credit Card,10
1120,29,Female,116975,Business,Phoenix,Bronze,56,17,472.39,362,Sports,70,20,7,4,8672.74,UPI,10
1121,64,Male,108848,Teacher,Dallas,Gold,90,18,123.86,269,Home,76,28,3,4,2002.05,UPI,2
1122,18,Female,59999,Doctor,Houston,Bronze,74,42,38.77,277,Fashion,63,21,10,9,1861.14,Net Banking,2
1123,43,Female,33482,Freelancer,Houston,Platinum,58,17,330.21,225,Electronics,86,6,3,15,6473.29,Credit Card,5
1124,31,Female,62279,Freelancer,Phoenix,Silver,81,16,372.68,227,Books,47,19,11,7,5619.63,UPI,2
1125,55,Male,124413,Teacher,Phoenix,Silver,51,21,148.77,127,Books,90,6,6,8,2742.8,UPI,4
1126,54,Female,69213,Business,Miami,Bronze,32,24,289.72,30,Home,89,14,6,3,6949.98,UPI,3
1127,28,Male,128909,Doctor,Seattle,Gold,88,34,39.17,340,Home,19,14,11,9,1500.01,Cash,8
1128,53,Male,28026,Engineer,Miami,Bronze,48,36,480.42,250,Sports,100,20,7,0,18574.21,UPI,9
1129,30,Female,100184,Business,Chicago,Bronze,8,43,63.86,57,Toys,99,22,9,4,2225.06,Cash,6
1130,60,Male,20435,Doctor,Chicago,Bronze,30,27,43.11,324,Fashion,13,0,15,3,934.51,Debit Card,4
1131,20,Female,74321,Teacher,New York,Gold,26,39,31.61,146,Toys,89,25,6,4,1042.35,Net Banking,2
1132,50,Male,148835,Freelancer,Boston,Gold,24,17,219.36,105,Fashion,45,11,12,10,3485.64,Net Banking,8
1133,23,Female,35389,Other,Dallas,Silver,27,25,57.61,84,Grocery,32,1,7,13,1461.5,Cash,3
1134,67,Female,46498,Teacher,Houston,Silver,79,38,374.88,1,Electronics,30,17,12,14,16055.09,Credit Card,2
1135,27,Female,78755,Other,Seattle,Bronze,92,42,450.45,302,Fashion,85,14,15,8,16215.71,Cash,4
1136,22,Male,116545,Doctor,Los Angeles,Gold,75,21,137.51,52,Fashion,42,6,7,7,2486.29,UPI,2
1137,40,Female,50825,Teacher,Los Angeles,Gold,39,4,318.1,221,Toys,72,8,13,10,1457.47,Credit Card,3
1138,27,Male,31934,Doctor,San Francisco,Silver,66,25,30.75,24,Fashion,42,22,15,10,899.14,Net Banking,9
1139,61,Female,20574,Doctor,Phoenix,Silver,51,30,199.42,34,Books,7,27,6,10,6105.34,Debit Card,7
1140,19,Male,145698,Other,New York,Platinum,73,33,153.54,156,Electronics,3,21,15,7,5644.22,Debit Card,1
1141,30,Male,147659,Teacher,San Francisco,Gold,50,39,122.02,342,Toys,37,2,0,7,4459.3,Cash,10
1142,57,Female,57782,Student,San Francisco,Silver,45,26,325.91,144,Grocery,3,20,3,0,9986.27,Cash,5
1143,19,Female,75561,Engineer,Boston,Bronze,87,25,73.81,335,Beauty,18,9,2,11,2144.09,Cash,5
1144,37,Female,142159,Business,Dallas,Silver,33,16,431.75,277,Sports,42,1,11,6,7874.03,Cash,9
1145,18,Female,41751,Freelancer,Houston,Silver,19,49,335.77,293,Books,9,24,8,12,13247.62,Net Banking,1
1146,54,Female,53174,Engineer,Seattle,Bronze,13,24,358.26,342,Home,57,21,11,3,8678.37,UPI,1
1147,26,Male,137678,Business,Los Angeles,Bronze,78,5,468.32,276,Toys,24,24,9,5,1898.25,Net Banking,10
1148,34,Female,71572,Business,Los Angeles,Silver,96,42,471.76,178,Home,7,24,7,3,21220.28,Debit Card,7
1149,26,Female,76416,Freelancer,Los Angeles,Silver,22,39,280.31,279,Toys,97,11,8,11,9547.84,Debit Card,7
1150,28,Male,50201,Engineer,Chicago,Silver,20,13,252.74,351,Electronics,89,6,4,4,3468.93,Debit Card,8
1151,32,Female,51069,Freelancer,Dallas,Bronze,97,30,174.34,300,Toys,42,29,4,4,4389.1,UPI,4
1152,41,Female,41370,Doctor,New York,Gold,5,7,360.63,196,Toys,98,30,9,0,2783.53,UPI,7
1153,55,Male,140342,Freelancer,Los Angeles,Silver,84,47,273.72,224,Books,58,30,15,5,14030.13,Credit Card,6
1154,52,Female,140758,Other,Boston,Bronze,78,17,467.11,46,Toys,85,4,4,9,6367.34,UPI,1
1155,47,Female,80294,Other,Los Angeles,Bronze,91,27,126.93,184,Electronics,56,3,13,15,3827.47,Debit Card,2
1156,48,Female,94468,Teacher,New York,Gold,90,35,162.02,161,Books,58,0,1,7,4908.08,UPI,8
1157,66,Male,105715,Student,Chicago,Gold,32,5,164.88,130,Home,18,14,12,12,695.56,UPI,6
1158,22,Female,85793,Student,Boston,Bronze,30,42,404.94,294,Toys,39,8,6,4,17009.16,UPI,7
1159,61,Male,126672,Student,San Francisco,Platinum,91,5,58.53,91,Electronics,50,5,7,13,303.2,Cash,8
1160,67,Female,135902,Engineer,New York,Bronze,26,24,233.27,74,Beauty,33,13,4,9,4709.68,UPI,5
1161,31,Male,36390,Other,San Francisco,Platinum,82,7,219.51,137,Sports,28,30,7,12,1416.56,Cash,5
1162,70,Female,35369,Engineer,Phoenix,Bronze,87,7,45.84,167,Sports,56,1,5,11,309.05,Debit Card,2
1163,28,Male,24587,Doctor,Miami,Bronze,88,14,211.29,257,Fashion,25,11,3,5,3482.96,Credit Card,4
1164,26,Male,122009,Retired,Los Angeles,Silver,4,15,261.56,237,Home,14,22,6,4,3533.14,Net Banking,2
1165,51,Male,62013,Student,New York,Bronze,67,5,41.9,44,Home,55,27,7,0,189.43,Credit Card,7
1166,29,Male,132341,Doctor,Miami,Silver,43,37,259.83,308,Home,84,5,8,4,10226.66,Net Banking,9
1167,52,Male,142785,Other,Seattle,Gold,30,4,480.03,136,Fashion,84,12,4,1,2094.58,Debit Card,2
1168,52,Male,122584,Retired,Boston,Gold,16,30,489.67,102,Home,7,3,8,3,11815.67,Cash,4
1169,18,Female,93113,Student,Dallas,Silver,71,20,270.52,128,Grocery,4,21,7,1,4618.38,UPI,8
1170,57,Female,101784,Engineer,Phoenix,Silver,39,26,262.4,160,Books,95,15,0,7,6434.04,Cash,9
1171,39,Male,50282,Retired,Seattle,Bronze,86,9,149.9,37,Electronics,30,28,7,13,1420.34,Net Banking,4
1172,46,Male,39124,Teacher,Seattle,Bronze,41,30,498.59,56,Grocery,62,10,7,12,12768.6,UPI,8
1173,25,Male,85102,Teacher,Phoenix,Silver,31,44,144.37,160,Toys,57,5,12,12,5988.8,Net Banking,7
1174,28,Male,148268,Teacher,San Francisco,Bronze,49,48,231.92,175,Toys,37,4,6,6,9262.86,Net Banking,5
1175,58,Female,76527,Freelancer,New York,Gold,13,22,11.44,258,Toys,55,0,0,8,258.84,UPI,4
1176,54,Male,145371,Teacher,Houston,Silver,41,40,181.12,287,Electronics,85,18,5,3,7031.41,Credit Card,6
1177,31,Female,145942,Business,Los Angeles,Bronze,93,41,45.01,323,Books,65,6,1,4,2058.06,Credit Card,6
1178,47,Female,111651,Student,Boston,Silver,28,44,374.47,144,Sports,52,17,14,14,16963.65,Net Banking,2
1179,52,Male,100395,Teacher,Chicago,Bronze,64,30,284.9,67,Books,3,9,5,8,9090.96,Debit Card,3
1180,38,Male,26345,Retired,New York,Silver,19,20,290.36,339,Toys,77,9,10,8,6204.78,Cash,6
1181,54,Female,139544,Other,Los Angeles,Gold,87,28,150.39,267,Home,7,16,15,1,4361.85,Credit Card,4
1182,22,Female,49077,Business,New York,Silver,72,7,409.3,217,Books,70,23,1,11,2310.52,UPI,3
1183,36,Male,145429,Business,Seattle,Bronze,25,4,11.6,300,Grocery,70,6,14,10,52.56,Net Banking,4
1184,31,Male,27055,Business,Houston,Gold,38,28,173.46,163,Sports,34,21,12,13,5666.42,Cash,6
1185,43,Male,118693,Doctor,Chicago,Bronze,99,35,333.15,335,Books,96,25,1,14,11819.95,Cash,3
1186,21,Female,100283,Retired,New York,Gold,90,33,454.88,178,Fashion,16,20,13,0,12682.28,Net Banking,1
1187,42,Female,59484,Doctor,Los Angeles,Silver,3,7,124.96,47,Toys,8,21,6,2,928.85,Cash,6
1188,62,Male,92514,Business,Chicago,Silver,2,9,275.14,193,Home,21,0,15,9,2341.28,Debit Card,2
1189,59,Female,105135,Freelancer,Chicago,Gold,5,34,273.62,288,Toys,11,11,10,0,7715.16,Net Banking,9
1190,42,Female,50771,Teacher,Dallas,Gold,61,39,438.35,205,Books,50,24,14,5,19517.81,Cash,6
1191,35,Male,125284,Other,Boston,Bronze,20,42,34.75,83,Sports,87,30,9,7,1583.1,Cash,1
1192,57,Male,132399,Student,Seattle,Bronze,76,34,217.99,100,Beauty,6,16,14,3,8315.36,Credit Card,4
1193,25,Female,119885,Retired,Dallas,Gold,38,13,99.41,154,Toys,15,15,0,15,1445.41,Cash,5
1194,56,Female,144344,Freelancer,Los Angeles,Bronze,80,29,20.55,46,Grocery,11,19,14,10,562.02,Cash,8
1195,57,Male,128226,Engineer,Los Angeles,Silver,36,35,82.05,233,Home,27,14,4,3,2851.32,Credit Card,3
1196,31,Male,114250,Doctor,San Francisco,Gold,46,45,488.47,340,Home,79,28,0,10,19639.32,Net Banking,9
1197,49,Male,40762,Teacher,New York,Silver,93,10,115.28,298,Electronics,45,18,14,14,1270.34,Credit Card,9
1198,68,Male,63825,Teacher,New York,Gold,99,30,468.17,335,Sports,38,19,15,9,14179.72,UPI,10
1199,55,Male,28877,Engineer,San Francisco,Gold,37,44,110.57,146,Toys,4,16,8,0,5157.0,UPI,5
1200,50,Female,144065,Engineer,Miami,Silver,54,26,466.33,195,Home,78,25,4,8,11429.22,Debit Card,4
1201,40,Female,123443,Retired,Phoenix,Gold,21,35,330.76,21,Home,45,3,4,9,12406.33,Cash,7
1202,32,Female,114612,Teacher,New York,Silver,21,28,65.48,193,Grocery,10,3,3,7,1959.0,UPI,9
1203,50,Female,132674,Engineer,Phoenix,Silver,92,29,295.14,363,Electronics,54,2,2,13,9483.98,Net Banking,6
1204,42,Male,130074,Teacher,New York,Silver,70,6,166.07,353,Home,29,7,7,13,859.09,Net Banking,7
1205,34,Male,149330,Freelancer,Boston,Gold,84,3,197.75,273,Toys,12,22,6,12,622.6,UPI,1
1206,50,Male,46629,Retired,Miami,Gold,60,29,225.68,207,Home,56,8,8,2,7538.15,Credit Card,4
1207,64,Female,30775,Other,Houston,Bronze,36,2,217.13,274,Grocery,40,1,5,13,363.76,Debit Card,2
1208,19,Female,15055,Engineer,Miami,Bronze,77,22,335.41,216,Toys,84,25,0,13,8738.96,Credit Card,1
1209,31,Female,103697,Freelancer,Los Angeles,Platinum,11,46,386.5,26,Books,37,18,14,2,15700.87,Debit Card,7
1210,70,Male,116505,Freelancer,San Francisco,Silver,88,47,171.3,14,Grocery,66,21,15,12,9456.97,UPI,10
1211,57,Female,95720,Engineer,Los Angeles,Bronze,83,50,462.94,158,Books,20,17,4,15,26554.42,Credit Card,4
1212,57,Male,93199,Retired,Houston,Silver,87,27,469.85,213,Beauty,12,15,4,9,14056.99,UPI,2
1213,68,Male,48734,Teacher,Dallas,Platinum,31,22,29.94,350,Sports,38,28,6,3,582.12,Debit Card,5
1214,56,Male,31493,Other,Los Angeles,Gold,37,10,17.31,163,Toys,30,27,14,3,153.47,Net Banking,7
1215,68,Male,149704,Business,Los Angeles,Gold,60,49,218.28,126,Books,47,27,9,1,9665.96,Credit Card,2
1216,23,Male,110872,Teacher,Los Angeles,Bronze,61,49,299.42,329,Beauty,82,17,0,3,16493.53,UPI,7
1217,23,Male,76779,Student,Chicago,Gold,67,19,146.17,57,Fashion,74,25,0,1,2430.29,Debit Card,3
1218,20,Female,136187,Engineer,Phoenix,Silver,98,24,137.11,146,Toys,71,17,12,10,3397.05,Net Banking,8
1219,24,Male,131603,Doctor,Miami,Gold,29,27,342.38,255,Home,42,11,5,14,10270.48,Credit Card,7
1220,68,Male,76607,Retired,Dallas,Bronze,67,36,304.84,109,Toys,5,1,5,10,10801.42,Debit Card,1
1221,25,Female,31940,Engineer,Miami,Bronze,79,43,91.9,48,Grocery,48,28,8,6,4490.31,Credit Card,9
1222,59,Male,142880,Student,Boston,Silver,71,17,443.41,181,Toys,93,20,2,4,7725.22,Credit Card,6
1223,69,Female,113408,Freelancer,Phoenix,Bronze,67,10,343.19,60,Books,99,27,11,6,3562.48,Cash,4
1224,32,Female,49815,Doctor,Dallas,Gold,16,17,187.66,234,Sports,51,29,4,5,3415.81,UPI,6
1225,64,Female,64297,Doctor,Boston,Platinum,45,44,344.98,241,Books,12,0,4,1,17279.78,Cash,2
1226,46,Male,75107,Teacher,Seattle,Silver,34,10,65.2,129,Fashion,10,22,0,13,522.81,Credit Card,2
1227,50,Male,97793,Business,Chicago,Gold,84,10,239.45,330,Home,37,15,14,11,2291.59,Debit Card,8
1228,69,Female,34622,Teacher,Los Angeles,Silver,44,38,92.8,263,Fashion,66,16,5,1,4179.48,UPI,10
1229,47,Male,45408,Retired,Chicago,Gold,97,17,30.3,207,Toys,67,0,3,0,432.41,Debit Card,5
1230,56,Male,108190,Doctor,Miami,Gold,78,26,175.78,141,Beauty,14,20,11,12,4082.99,Debit Card,7
1231,44,Female,15370,Other,Dallas,Gold,42,26,83.86,21,Fashion,47,22,5,0,2242.22,Net Banking,1
1232,53,Female,129212,Other,Boston,Silver,35,34,320.42,16,Toys,20,2,12,12,12453.82,Credit Card,6
1233,46,Male,15486,Doctor,Houston,Silver,75,4,340.29,362,Books,52,22,12,4,1141.85,Debit Card,10
1234,55,Female,38762,Other,Boston,Gold,84,50,82.86,318,Electronics,68,24,7,4,3321.08,Credit Card,7
1235,50,Female,41613,Other,Chicago,Bronze,30,27,22.06,121,Electronics,26,26,7,6,640.18,Cash,10
1236,54,Female,18196,Business,Los Angeles,Gold,53,21,398.48,281,Electronics,47,19,12,0,8693.77,Cash,7
1237,44,Male,115565,Retired,Houston,Platinum,58,36,11.01,226,Home,79,30,2,15,360.06,Debit Card,10
1238,50,Male,91349,Engineer,Miami,Silver,28,38,178.52,300,Fashion,73,15,8,4,8025.5,Credit Card,3
1239,21,Male,79839,Business,Houston,Gold,15,46,252.35,285,Home,3,20,10,1,11882.75,Net Banking,9
1240,39,Female,23572,Freelancer,Phoenix,Gold,38,31,411.13,115,Home,2,13,12,9,13578.11,UPI,9
1241,19,Male,60853,Teacher,Seattle,Silver,50,7,420.89,148,Grocery,41,15,3,15,2803.38,Cash,5
1242,27,Female,87379,Other,Los Angeles,Silver,13,44,365.22,169,Sports,30,23,0,0,18779.6,Cash,9
1243,22,Male,147177,Engineer,Chicago,Gold,35,34,131.13,89,Electronics,37,8,8,6,4059.08,Net Banking,7
1244,27,Male,131074,Teacher,Dallas,Silver,24,18,362.89,118,Toys,81,20,13,14,7182.05,Debit Card,7
1245,50,Female,58209,Other,San Francisco,Bronze,65,24,130.8,183,Electronics,3,27,12,2,2657.86,Cash,9
1246,55,Male,109244,Business,Houston,Gold,88,13,115.16,263,Electronics,9,20,4,10,1519.71,Cash,2
1247,30,Female,115300,Engineer,New York,Silver,91,13,278.09,226,Beauty,8,1,12,8,3727.66,UPI,10
1248,48,Male,129682,Business,San Francisco,Gold,18,25,342.64,92,Beauty,9,24,7,15,7498.17,Net Banking,5
1249,64,Male,72175,Freelancer,Miami,Bronze,58,5,36.0,116,Books,17,12,12,14,167.31,Net Banking,8
1250,53,Female,116551,Student,New York,Bronze,26,39,39.41,311,Books,24,21,14,4,1339.45,Credit Card,8
1251,62,Female,33976,Doctor,New York,Platinum,29,29,394.24,317,Electronics,72,4,6,4,13010.83,Net Banking,3
1252,41,Female,145617,Retired,New York,Bronze,72,44,431.15,120,Electronics,14,20,4,4,20163.39,UPI,5
1253,69,Male,114794,Engineer,Boston,Gold,44,46,306.18,316,Home,54,19,7,8,13782.51,Net Banking,4
1254,32,Male,71866,Doctor,San Francisco,Gold,90,33,220.13,137,Beauty,80,16,14,12,7426.95,Credit Card,4
1255,46,Male,132752,Student,Miami,Gold,5,24,424.21,230,Sports,18,5,12,9,9545.91,UPI,2
1256,25,Female,62078,Engineer,Chicago,Bronze,33,10,367.12,305,Grocery,88,16,0,12,3566.56,Cash,6
1257,22,Female,46113,Doctor,Seattle,Silver,5,25,294.0,147,Sports,39,25,10,0,7700.95,Debit Card,1
1258,46,Female,30401,Doctor,Miami,Gold,36,41,166.68,283,Home,47,1,15,4,6045.19,Cash,8
1259,64,Male,86492,Engineer,Chicago,Silver,77,10,107.02,141,Grocery,27,6,3,9,913.56,Credit Card,10
1260,21,Male,91693,Doctor,Chicago,Silver,81,39,215.15,331,Fashion,92,28,14,5,9882.61,UPI,9
1261,29,Female,50135,Doctor,New York,Silver,13,16,150.54,7,Fashion,71,16,4,15,2155.11,Cash,5
1262,62,Male,42862,Engineer,Los Angeles,Bronze,25,28,176.24,4,Sports,98,23,3,15,4925.29,Credit Card,6
1263,19,Female,85199,Retired,San Francisco,Gold,58,12,262.66,256,Beauty,91,7,5,8,3481.64,Cash,1
1264,44,Male,120366,Doctor,Chicago,Gold,2,44,92.86,328,Books,34,22,8,2,4177.5,Debit Card,6
1265,48,Male,19331,Doctor,San Francisco,Platinum,88,32,405.03,245,Books,19,22,11,0,13660.2,Cash,1
1266,68,Female,59648,Retired,Phoenix,Silver,36,29,81.31,234,Electronics,6,0,0,11,2040.54,Cash,5
1267,68,Male,43549,Teacher,Boston,Gold,25,45,245.69,361,Toys,30,28,9,10,10591.38,Cash,9
1268,53,Male,40761,Freelancer,Seattle,Bronze,34,50,375.53,9,Fashion,92,18,10,10,20205.29,Credit Card,5
1269,53,Female,18262,Teacher,Phoenix,Silver,12,27,247.66,241,Toys,12,24,1,7,5910.58,UPI,3
1270,43,Female,87572,Other,Chicago,Silver,19,26,186.9,320,Home,15,4,0,8,4827.44,Net Banking,4
1271,60,Male,102858,Student,Miami,Platinum,94,3,242.7,187,Books,39,4,6,11,754.09,Credit Card,3
1272,44,Female,99667,Teacher,San Francisco,Gold,37,26,425.85,313,Beauty,64,22,13,10,12353.51,Net Banking,4
1273,22,Male,19677,Teacher,Phoenix,Platinum,1,39,495.31,1,Beauty,64,26,15,5,17125.31,Net Banking,10
1274,37,Female,145334,Student,San Francisco,Gold,60,1,319.26,153,Grocery,15,25,1,4,380.31,Cash,6
1275,28,Male,116437,Doctor,Boston,Gold,67,35,398.79,202,Fashion,58,23,8,11,16567.32,Debit Card,3
1276,27,Male,75148,Doctor,Miami,Bronze,49,27,17.1,216,Sports,100,21,7,7,371.63,Net Banking,5
1277,57,Female,61926,Teacher,Phoenix,Gold,90,46,441.38,314,Home,67,20,9,11,19231.27,Net Banking,7
1278,55,Male,90271,Student,San Francisco,Silver,79,4,477.48,104,Beauty,1,0,0,5,1579.76,Cash,1
1279,23,Male,49457,Doctor,Miami,Bronze,46,19,291.83,0,Sports,7,25,2,5,5139.44,Debit Card,3
1280,25,Female,57531,Business,New York,Bronze,48,22,379.36,253,Sports,9,9,5,8,8703.34,Cash,6
1281,40,Female,143027,Engineer,Houston,Silver,92,6,261.24,286,Home,1,9,10,8,1635.62,Net Banking,10
1282,64,Male,60771,Engineer,New York,Bronze,68,9,150.24,293,Fashion,5,28,15,0,1134.01,Credit Card,2
1283,43,Female,108135,Freelancer,Seattle,Silver,19,11,427.6,277,Home,47,24,2,11,5036.84,Net Banking,8
1284,63,Female,81354,Engineer,Chicago,Silver,88,22,302.45,193,Sports,100,21,8,1,7575.7,Credit Card,7
1285,60,Male,127743,Teacher,Los Angeles,Platinum,40,47,293.9,256,Books,10,2,11,0,14538.03,UPI,2
1286,29,Male,48892,Engineer,Houston,Gold,6,9,332.97,249,Sports,2,27,9,1,2768.94,Debit Card,5
1287,43,Female,144662,Engineer,Chicago,Silver,80,29,429.44,247,Electronics,23,11,14,2,9975.44,UPI,4
1288,30,Female,110057,Business,Phoenix,Bronze,96,43,368.63,87,Books,93,25,15,12,16792.06,Cash,2
1289,57,Female,53409,Doctor,Seattle,Bronze,94,10,113.45,252,Books,56,30,15,13,1215.16,Net Banking,4
1290,35,Male,133566,Business,Boston,Bronze,63,34,238.74,163,Home,19,11,9,12,8794.94,UPI,9
1291,42,Male,76716,Teacher,Seattle,Bronze,35,31,490.35,161,Sports,38,6,1,1,12399.4,Debit Card,10
1292,50,Male,104152,Engineer,San Francisco,Platinum,72,22,281.73,264,Electronics,47,15,5,5,6238.84,Credit Card,2
1293,64,Male,41382,Retired,Seattle,Silver,61,46,469.74,109,Toys,84,19,1,3,20859.81,Credit Card,10
1294,57,Male,91675,Doctor,Phoenix,Bronze,5,4,408.55,339,Fashion,76,28,2,14,1808.96,Cash,10
1295,60,Male,37419,Freelancer,Boston,Bronze,37,2,336.35,206,Sports,75,2,11,4,732.62,Cash,6
1296,29,Male,96238,Freelancer,Boston,Silver,76,5,181.19,318,Beauty,99,27,9,9,1069.26,Net Banking,4
1297,61,Female,27397,Other,Dallas,Silver,89,46,159.12,131,Home,52,6,11,8,8483.35,UPI,8
1298,53,Female,72888,Other,Seattle,Bronze,97,15,325.28,132,Sports,49,21,15,1,4992.41,Net Banking,4
1299,65,Male,50169,Engineer,New York,Platinum,88,19,221.96,107,Electronics,71,13,8,2,5027.75,Credit Card,9
1300,21,Male,77182,Engineer,Dallas,Bronze,11,38,401.39,171,Beauty,23,26,8,13,13118.72,Credit Card,10
1301,22,Male,107476,Freelancer,Dallas,Bronze,99,15,382.62,39,Fashion,50,3,13,9,4607.87,UPI,3
1302,54,Female,57249,Freelancer,Phoenix,Bronze,40,46,162.94,291,Home,17,29,1,0,6319.49,Net Banking,7
1303,25,Male,90603,Retired,Houston,Silver,65,8,354.34,34,Grocery,48,9,12,14,2670.43,Cash,5
1304,59,Female,94360,Teacher,New York,Bronze,8,20,252.33,58,Grocery,2,23,7,1,5561.88,UPI,1
1305,66,Female,28444,Engineer,Boston,Bronze,87,12,168.41,192,Electronics,69,1,13,0,1926.39,Cash,3
1306,45,Female,138662,Freelancer,Seattle,Bronze,84,4,212.35,209,Fashion,62,21,2,13,944.74,UPI,9
1307,48,Female,113843,Retired,Dallas,Silver,96,38,448.72,30,Fashion,85,15,13,8,18707.28,Cash,9
1308,26,Female,25974,Student,Chicago,Bronze,11,43,186.16,173,Toys,13,2,1,2,8947.37,Debit Card,5
1309,68,Male,127150,Freelancer,Chicago,Bronze,71,39,150.83,304,Toys,61,14,10,15,5146.54,Credit Card,5
1310,46,Male,109826,Doctor,Dallas,Silver,58,36,182.39,197,Sports,11,7,9,2,6608.15,UPI,4
1311,31,Female,112648,Doctor,San Francisco,Bronze,94,15,115.16,105,Toys,88,15,7,12,1874.36,Debit Card,4
1312,57,Male,149028,Student,Seattle,Silver,48,1,276.87,274,Grocery,97,10,2,6,252.97,UPI,4
1313,58,Female,51490,Other,Phoenix,Bronze,13,31,82.24,95,Sports,27,23,14,0,2894.15,Credit Card,2
1314,39,Female,139713,Teacher,Boston,Bronze,60,9,410.55,169,Fashion,35,10,12,8,4107.77,Credit Card,7
1315,28,Male,70612,Other,Dallas,Silver,49,23,120.53,29,Electronics,18,10,7,6,2350.68,Cash,3
1316,40,Male,115474,Engineer,New York,Bronze,67,26,303.05,281,Electronics,85,0,12,15,6990.16,Credit Card,1
1317,18,Male,51159,Other,Dallas,Bronze,7,40,71.26,160,Beauty,68,1,15,14,2550.96,Credit Card,10
1318,63,Male,54710,Engineer,Miami,Silver,77,44,489.44,305,Books,61,19,5,8,24795.61,Credit Card,3
1319,54,Male,128096,Freelancer,Boston,Platinum,25,39,232.74,110,Electronics,41,0,0,7,7939.45,Net Banking,9
1320,38,Female,122412,Doctor,Houston,Gold,23,18,412.86,211,Books,96,18,13,4,7794.42,Net Banking,9
1321,43,Male,109924,Teacher,Boston,Gold,51,33,386.64,195,Grocery,43,19,1,11,10538.58,Credit Card,10
1322,63,Male,21458,Teacher,New York,Gold,47,41,359.71,95,Beauty,49,9,12,2,15057.85,Net Banking,7
1323,53,Male,145993,Teacher,Miami,Platinum,97,39,415.41,337,Grocery,11,18,12,10,13876.16,UPI,1
1324,40,Female,50524,Freelancer,Houston,Gold,5,14,59.23,137,Toys,67,20,13,8,854.26,Debit Card,6
1325,18,Male,55477,Engineer,Los Angeles,Silver,96,1,342.46,277,Toys,51,10,1,15,324.35,Debit Card,10
1326,68,Female,47222,Teacher,New York,Bronze,94,13,140.26,309,Sports,52,11,15,4,1900.46,Net Banking,1
1327,57,Male,33320,Freelancer,Chicago,Bronze,95,15,395.08,178,Books,85,9,13,15,5675.98,Debit Card,2
1328,32,Male,109154,Freelancer,San Francisco,Silver,13,37,478.87,336,Sports,43,6,6,8,20229.18,Net Banking,3
1329,38,Female,67243,Student,Boston,Platinum,42,5,451.73,233,Electronics,58,23,5,2,2490.82,Cash,6
1330,64,Male,87833,Business,Los Angeles,Silver,5,14,66.33,248,Beauty,78,7,13,5,1056.66,Credit Card,7
1331,26,Male,108476,Other,Miami,Gold,23,14,191.08,131,Grocery,70,10,1,12,2377.7,Debit Card,8
1332,70,Female,129560,Teacher,Los Angeles,Silver,62,46,188.52,248,Grocery,29,17,0,1,7453.74,Credit Card,9
1333,26,Male,149275,Business,Phoenix,Silver,1,5,69.93,292,Toys,31,15,4,2,357.67,Debit Card,7
1334,27,Female,54267,Engineer,Seattle,Silver,74,11,58.08,62,Fashion,28,0,10,1,734.16,UPI,6
1335,69,Female,52941,Freelancer,Boston,Silver,91,32,198.6,306,Electronics,50,28,1,11,5365.37,UPI,5
1336,70,Female,97809,Retired,Seattle,Bronze,54,5,496.12,256,Home,36,29,15,1,2216.55,Net Banking,10
1337,43,Female,40368,Other,Chicago,Gold,72,36,288.78,247,Sports,92,5,15,4,11419.05,Credit Card,2
1338,58,Female,92186,Other,Los Angeles,Gold,3,15,314.67,263,Books,19,16,9,9,4654.65,Net Banking,8
1339,52,Male,45984,Teacher,Miami,Gold,83,7,240.8,336,Toys,67,21,9,3,1755.36,Cash,5
1340,69,Male,15801,Retired,Chicago,Bronze,64,5,334.54,360,Home,12,12,5,10,1734.09,Net Banking,10
1341,42,Male,121538,Doctor,Seattle,Gold,51,30,478.76,178,Toys,100,22,13,3,13859.27,Net Banking,2
1342,43,Female,127201,Engineer,Los Angeles,Bronze,2,15,298.46,314,Books,88,24,1,12,4845.26,Net Banking,3
1343,28,Female,62965,Student,Chicago,Bronze,49,30,41.87,300,Fashion,76,9,12,7,1433.09,Debit Card,10
1344,55,Female,100269,Student,New York,Gold,31,14,251.52,164,Sports,24,30,10,13,4095.61,Debit Card,10
1345,19,Female,50969,Business,Dallas,Bronze,74,24,496.45,90,Books,65,9,8,5,9753.03,Cash,7
1346,24,Male,106679,Freelancer,San Francisco,Bronze,80,24,199.83,321,Sports,92,0,11,15,4898.76,Credit Card,10
1347,35,Male,43363,Business,Houston,Bronze,84,35,301.0,191,Toys,80,6,12,9,8598.13,UPI,8
1348,44,Female,48351,Doctor,New York,Gold,3,5,62.25,291,Books,21,19,4,1,361.17,Credit Card,5
1349,51,Female,126023,Doctor,Chicago,Bronze,35,12,79.18,75,Grocery,94,8,6,12,923.28,UPI,10
1350,44,Male,102948,Other,Miami,Silver,98,20,438.59,305,Sports,98,10,3,0,10177.13,Debit Card,8
1351,34,Female,71235,Student,Phoenix,Silver,85,46,157.17,98,Beauty,26,19,11,4,6326.62,Net Banking,10
1352,60,Female,29855,Retired,Dallas,Gold,36,5,159.67,94,Sports,35,1,1,14,690.53,Cash,10
1353,61,Female,140074,Teacher,Houston,Gold,64,36,199.73,180,Books,95,0,2,6,8364.67,Cash,6
1354,68,Male,69437,Student,New York,Silver,32,21,483.57,153,Beauty,80,22,12,4,11935.65,Cash,2
1355,41,Male,105410,Student,Phoenix,Bronze,18,48,51.35,355,Books,58,11,4,15,2727.83,Credit Card,2
1356,42,Female,34731,Retired,Phoenix,Bronze,34,39,411.19,323,Sports,42,6,0,11,14253.32,Debit Card,8
1357,24,Male,81324,Other,Phoenix,Silver,56,3,177.36,111,Fashion,29,18,11,3,462.27,Debit Card,4
1358,69,Female,96720,Other,Dallas,Gold,67,29,426.24,170,Books,29,4,3,4,13587.23,Net Banking,8
1359,23,Female,111433,Retired,Los Angeles,Bronze,53,25,495.96,252,Grocery,9,25,12,10,13067.43,Credit Card,9
1360,70,Male,17889,Doctor,New York,Bronze,67,27,180.85,350,Fashion,78,11,3,9,5609.68,Net Banking,6
1361,41,Female,24569,Retired,Los Angeles,Gold,91,36,73.38,121,Grocery,72,13,1,7,2405.84,UPI,9
1362,50,Female,102193,Business,Boston,Silver,66,22,80.74,204,Books,2,27,8,4,1630.88,Debit Card,6
1363,66,Male,100192,Doctor,Dallas,Gold,64,38,381.78,244,Books,75,6,12,8,15851.87,Cash,3
1364,46,Female,102154,Retired,Phoenix,Gold,67,35,81.01,126,Fashion,2,7,5,9,2572.08,Net Banking,8
1365,60,Female,123073,Freelancer,Phoenix,Gold,81,1,137.61,358,Toys,18,13,15,6,135.54,UPI,1
1366,39,Female,22612,Doctor,Dallas,Silver,39,3,110.16,314,Books,69,11,8,10,333.14,Cash,6
1367,43,Male,66644,Doctor,Boston,Silver,38,24,184.28,45,Electronics,57,8,5,12,4722.02,Cash,3
1368,45,Female,47069,Student,San Francisco,Platinum,40,8,46.44,295,Sports,71,9,14,13,348.39,Net Banking,10
1369,67,Male,96741,Teacher,Miami,Silver,19,48,429.8,235,Sports,23,9,1,10,23587.45,Net Banking,10
1370,38,Female,70897,Student,San Francisco,Bronze,83,39,431.47,140,Electronics,19,0,0,13,16169.91,Net Banking,3
1371,66,Female,117544,Engineer,Los Angeles,Bronze,5,18,212.34,120,Electronics,19,24,13,1,3120.95,Debit Card,9
1372,24,Female,33706,Doctor,Dallas,Silver,69,41,309.92,360,Beauty,58,21,3,8,10505.93,Credit Card,7
1373,34,Female,118602,Retired,Miami,Platinum,14,3,324.56,8,Fashion,83,5,12,1,1157.34,Net Banking,2
1374,37,Male,49629,Retired,San Francisco,Bronze,91,18,377.14,65,Books,49,13,0,5,7119.92,Debit Card,6
1375,58,Male,139746,Retired,Los Angeles,Bronze,49,16,265.14,308,Sports,45,22,15,13,4226.85,Credit Card,4
1376,66,Female,35431,Doctor,Chicago,Gold,64,32,260.06,80,Beauty,28,8,15,7,9552.5,UPI,10
1377,37,Female,55088,Retired,Seattle,Platinum,100,1,319.34,259,Books,75,22,7,1,347.04,Credit Card,7
1378,39,Female,46385,Engineer,Miami,Bronze,57,26,354.49,104,Books,50,22,10,5,8042.13,Debit Card,4
1379,45,Female,85199,Doctor,Houston,Bronze,35,48,179.88,96,Home,11,26,12,4,6932.58,Debit Card,7
1380,57,Female,53677,Retired,Miami,Silver,85,12,171.88,189,Sports,55,11,0,14,2460.33,Credit Card,6
1381,66,Female,133104,Doctor,Los Angeles,Bronze,5,38,142.16,347,Books,9,18,4,6,5681.29,Credit Card,8
1382,24,Female,27818,Freelancer,Phoenix,Gold,88,21,278.93,194,Electronics,14,25,13,9,5803.81,Debit Card,7
1383,18,Female,78001,Doctor,Los Angeles,Bronze,39,41,186.48,333,Beauty,98,24,8,12,9005.56,Debit Card,9
1384,49,Male,64832,Engineer,New York,Bronze,24,13,274.75,82,Home,93,19,0,4,3384.89,UPI,4
1385,30,Male,55931,Student,Phoenix,Bronze,40,12,208.93,250,Beauty,21,21,3,13,2730.35,Debit Card,9
1386,47,Male,98990,Doctor,Los Angeles,Bronze,50,13,420.0,69,Beauty,48,28,7,13,5831.53,Debit Card,5
1387,40,Female,87204,Teacher,San Francisco,Bronze,77,18,45.83,291,Fashion,58,22,7,14,883.35,Cash,9
1388,68,Female,60784,Engineer,Seattle,Bronze,58,19,290.38,339,Home,69,27,0,14,5908.13,Cash,4
1389,36,Female,121305,Business,Los Angeles,Gold,1,19,292.06,187,Beauty,97,28,7,2,4462.46,Cash,3
1390,49,Male,24921,Freelancer,San Francisco,Bronze,43,6,198.02,140,Toys,9,11,10,5,1342.24,Net Banking,7
1391,47,Female,49959,Engineer,Houston,Platinum,39,48,216.3,139,Sports,67,24,11,6,12138.91,Net Banking,4
1392,46,Male,47328,Student,New York,Bronze,10,7,402.06,74,Fashion,78,12,2,0,2757.4,Debit Card,5
1393,66,Female,104506,Retired,Chicago,Silver,2,7,147.53,99,Toys,18,28,13,7,1057.69,Cash,3
1394,62,Male,89408,Retired,New York,Bronze,63,28,436.99,144,Toys,12,25,10,7,11377.83,UPI,6
1395,46,Male,138852,Engineer,Phoenix,Bronze,16,28,449.21,174,Sports,87,27,6,15,14012.12,UPI,4
1396,47,Male,41708,Business,Seattle,Silver,37,19,328.8,308,Home,78,2,9,12,6838.44,UPI,1
1397,33,Female,33847,Retired,New York,Silver,16,16,388.7,220,Toys,16,29,10,3,6812.51,Debit Card,2
1398,57,Male,70989,Freelancer,Miami,Gold,87,17,310.34,322,Beauty,37,10,0,13,5771.54,Cash,8
1399,36,Female,140383,Teacher,Chicago,Gold,90,22,267.38,9,Beauty,20,1,4,13,5220.11,Debit Card,4
1400,35,Female,19922,Business,Phoenix,Silver,80,19,483.67,45,Home,20,17,15,15,7765.41,Debit Card,10
1401,18,Female,67335,Other,Miami,Silver,27,48,148.5,338,Sports,15,17,3,7,6588.42,UPI,2
1402,31,Female,141913,Other,Phoenix,Gold,63,29,85.53,116,Books,25,24,3,2,2555.16,Cash,4
1403,68,Female,34551,Engineer,Miami,Silver,94,48,150.87,3,Grocery,17,23,11,12,6950.71,Net Banking,7
1404,64,Male,128319,Business,Boston,Platinum,64,19,311.17,312,Beauty,12,24,4,14,5319.22,Credit Card,2
1405,67,Female,70673,Retired,Seattle,Gold,97,47,100.74,237,Beauty,42,8,15,4,3830.04,Debit Card,6
1406,19,Female,116531,Retired,San Francisco,Bronze,32,35,455.32,293,Books,39,0,2,2,13521.12,Cash,1
1407,45,Female,37948,Engineer,New York,Bronze,9,47,211.4,30,Fashion,56,25,13,1,8367.26,Credit Card,3
1408,66,Female,107264,Retired,Houston,Silver,11,25,426.48,129,Sports,53,25,6,4,12609.47,Credit Card,9
1409,67,Female,74072,Retired,Miami,Gold,70,48,132.13,240,Books,71,30,1,7,7049.59,Net Banking,5
1410,47,Male,82560,Teacher,Boston,Silver,30,20,163.45,80,Toys,72,15,0,8,2775.71,Net Banking,8
1411,55,Male,148558,Teacher,Seattle,Gold,15,37,39.02,24,Books,88,24,5,4,1424.8,Debit Card,1
1412,68,Female,81691,Student,Houston,Bronze,59,19,136.31,260,Beauty,47,0,11,2,2749.93,Debit Card,4
1413,21,Male,117781,Teacher,New York,Bronze,48,42,250.25,47,Sports,25,20,0,11,12448.78,Cash,3
1414,18,Male,99105,Doctor,Boston,Bronze,94,13,473.61,51,Fashion,85,19,15,2,5587.94,Net Banking,10
1415,25,Female,22086,Business,Houston,Silver,82,47,200.56,329,Sports,50,23,10,7,8536.65,Net Banking,9
1416,46,Male,142818,Business,Chicago,Silver,76,12,323.47,148,Sports,33,4,6,2,3987.62,Cash,7
1417,56,Female,82853,Engineer,Dallas,Bronze,60,49,219.58,98,Books,74,27,7,15,12297.49,Net Banking,3
1418,20,Male,116925,Teacher,Phoenix,Silver,68,15,32.93,66,Fashion,86,24,13,8,450.41,UPI,1
1419,49,Male,85027,Student,Phoenix,Bronze,57,4,256.73,209,Beauty,83,16,14,9,873.22,Credit Card,5
1420,27,Male,30916,Retired,Los Angeles,Bronze,64,15,42.3,247,Toys,29,7,1,15,575.14,UPI,10
1421,27,Female,30248,Student,Chicago,Gold,54,17,443.01,118,Sports,3,5,14,14,7377.74,Credit Card,3
1422,36,Male,39226,Student,Dallas,Bronze,80,27,378.99,227,Grocery,39,0,15,0,9659.51,Cash,2
1423,63,Male,63380,Freelancer,Los Angeles,Silver,87,11,195.54,102,Beauty,4,12,3,14,2461.72,Cash,3
1424,51,Female,22848,Retired,Houston,Gold,75,23,323.71,288,Books,37,17,6,0,8764.48,Credit Card,5
1425,50,Female,29274,Doctor,Los Angeles,Gold,54,15,64.89,239,Fashion,95,3,10,4,926.03,Credit Card,5
1426,40,Male,69545,Teacher,Miami,Bronze,59,31,354.25,231,Electronics,6,14,5,3,12402.44,Credit Card,10
1427,45,Female,111494,Retired,Chicago,Silver,88,26,413.14,289,Home,92,13,1,2,8888.11,Credit Card,8
1428,49,Male,130981,Student,Boston,Gold,86,7,412.66,153,Grocery,10,15,13,0,2950.67,Debit Card,4
1429,67,Male,31304,Retired,Boston,Gold,39,13,149.3,169,Beauty,12,4,3,6,2198.42,Net Banking,2
1430,24,Female,26294,Doctor,Dallas,Gold,15,13,139.24,158,Home,66,29,2,0,1751.2,Net Banking,8
1431,46,Female,41425,Business,New York,Bronze,79,20,265.48,112,Fashion,3,0,8,15,4552.31,Cash,8
1432,25,Female,125777,Engineer,Boston,Bronze,74,34,484.21,50,Grocery,65,25,5,5,15041.32,Debit Card,10
1433,18,Male,106549,Teacher,Chicago,Silver,28,10,461.06,35,Beauty,64,22,12,9,4595.68,Credit Card,8
1434,20,Female,108464,Teacher,Seattle,Gold,36,50,186.22,12,Home,35,28,11,1,10590.32,Debit Card,1
1435,41,Male,121748,Freelancer,Phoenix,Bronze,54,37,392.12,340,Toys,24,3,1,13,15951.14,Credit Card,9
1436,40,Female,83295,Business,Seattle,Bronze,17,27,461.45,217,Electronics,47,29,1,15,10383.83,Net Banking,4
1437,25,Male,31091,Teacher,Los Angeles,Gold,100,34,137.85,242,Beauty,52,29,12,3,4773.43,Credit Card,4
1438,64,Female,134943,Freelancer,San Francisco,Bronze,86,36,416.84,222,Toys,34,29,12,7,17241.27,Net Banking,8
1439,54,Male,146074,Freelancer,Miami,Bronze,87,16,141.27,207,Electronics,84,16,2,2,2330.04,Credit Card,8
1440,20,Female,65411,Freelancer,San Francisco,Bronze,93,21,178.21,268,Electronics,80,27,4,8,3091.14,Cash,6
1441,68,Male,110696,Other,Chicago,Bronze,22,16,107.42,221,Sports,94,5,11,4,1940.86,Net Banking,4
1442,50,Female,86309,Teacher,San Francisco,Silver,75,17,258.47,287,Books,25,24,5,5,5108.93,Cash,3
1443,45,Female,82421,Teacher,Seattle,Bronze,36,15,423.22,11,Fashion,69,24,4,1,6066.92,Debit Card,5
1444,64,Male,55612,Teacher,New York,Bronze,29,13,268.75,186,Sports,29,26,11,0,3228.42,Credit Card,8
1445,25,Female,28450,Doctor,Chicago,Bronze,55,33,70.49,168,Electronics,92,3,0,4,2366.51,Debit Card,7
1446,51,Male,24491,Freelancer,Phoenix,Bronze,42,5,133.37,292,Fashion,64,6,12,0,795.98,Credit Card,8
1447,52,Male,132026,Doctor,Dallas,Silver,32,27,285.8,323,Fashion,53,25,0,3,8758.23,Net Banking,1
1448,49,Female,89804,Engineer,Chicago,Bronze,14,1,295.76,105,Fashion,58,0,6,15,332.56,Credit Card,4
1449,41,Male,108293,Teacher,Houston,Silver,18,44,292.68,175,Grocery,41,9,13,7,11297.25,UPI,9
1450,31,Female,134498,Other,Phoenix,Bronze,38,30,47.73,348,Beauty,87,12,9,13,1658.23,UPI,6
1451,49,Female,120475,Retired,Chicago,Bronze,34,23,379.31,40,Electronics,96,8,13,11,8919.36,UPI,10
1452,63,Male,43314,Business,Houston,Bronze,45,15,455.62,311,Fashion,51,13,6,12,7973.93,Cash,8
1453,60,Female,66883,Other,Phoenix,Bronze,87,36,260.15,324,Home,18,0,12,1,9933.73,UPI,8
1454,33,Male,102086,Student,Los Angeles,Silver,32,19,362.23,248,Grocery,41,29,9,5,7802.31,Credit Card,5
1455,21,Male,116291,Engineer,Boston,Silver,67,30,457.87,266,Grocery,99,8,5,11,11898.35,Debit Card,8
1456,69,Female,24967,Retired,Miami,Gold,63,16,324.89,221,Home,61,5,8,9,5627.66,Cash,4
1457,54,Female,58220,Student,Boston,Bronze,55,18,340.42,112,Electronics,24,9,1,12,5532.58,Net Banking,6
1458,38,Male,71131,Student,Seattle,Bronze,43,26,363.49,283,Sports,47,10,0,13,8199.09,Cash,7
1459,31,Male,43876,Teacher,Dallas,Bronze,22,17,137.65,277,Grocery,28,6,10,14,2409.3,Debit Card,6
1460,48,Female,116448,Business,Boston,Gold,87,11,295.51,202,Electronics,36,19,5,4,3384.2,UPI,6
1461,65,Female,64228,Student,Chicago,Bronze,68,45,422.67,340,Grocery,21,24,5,0,18948.77,Debit Card,8
1462,35,Female,89495,Freelancer,Los Angeles,Silver,77,29,155.12,261,Electronics,56,27,8,7,3759.0,Cash,5
1463,24,Female,43261,Retired,San Francisco,Bronze,96,9,449.61,281,Fashion,69,21,15,4,3633.34,Cash,8
1464,27,Male,121601,Other,Seattle,Bronze,29,49,313.99,143,Books,26,11,10,8,13757.42,Cash,9
1465,24,Female,76260,Other,Boston,Platinum,40,17,217.36,242,Sports,54,21,9,1,3419.76,Debit Card,4
1466,50,Male,149418,Student,New York,Silver,45,27,315.36,269,Home,87,11,0,14,8950.9,Credit Card,3
1467,40,Male,71176,Engineer,Dallas,Gold,10,37,206.91,34,Grocery,44,13,10,5,7465.77,Credit Card,5
1468,38,Female,67300,Business,San Francisco,Silver,77,22,420.64,297,Home,33,9,0,6,10987.87,UPI,10
1469,36,Male,48012,Business,Miami,Silver,45,8,246.34,52,Toys,26,15,11,0,1589.07,Net Banking,10
1470,65,Female,117153,Other,Chicago,Bronze,17,3,451.59,355,Grocery,22,21,13,13,1200.82,Debit Card,5
1471,36,Male,88273,Student,Los Angeles,Silver,2,38,259.81,149,Grocery,20,3,11,9,10162.67,Credit Card,7
1472,53,Female,127328,Business,Phoenix,Bronze,17,35,333.58,12,Books,2,28,9,3,13446.86,UPI,3
1473,46,Male,125304,Engineer,Boston,Silver,90,32,498.89,266,Beauty,41,22,11,1,12988.11,Net Banking,10
1474,35,Male,121637,Other,New York,Silver,38,8,82.01,96,Beauty,54,13,5,6,756.75,UPI,9
1475,19,Female,69639,Retired,Dallas,Gold,37,44,371.0,85,Books,57,1,4,2,16371.49,UPI,6
1476,18,Female,136939,Engineer,Miami,Silver,63,27,78.05,308,Home,18,1,10,8,2348.0,Net Banking,10
1477,64,Male,22310,Engineer,Boston,Silver,5,32,421.04,264,Fashion,5,28,5,7,15891.2,Cash,9
1478,22,Male,117944,Freelancer,Miami,Bronze,25,36,302.26,70,Grocery,96,10,5,11,9642.65,Credit Card,1
1479,37,Female,137013,Teacher,San Francisco,Bronze,73,34,469.7,16,Toys,46,10,12,9,16531.36,Credit Card,2
1480,28,Male,91733,Student,San Francisco,Bronze,92,25,434.32,188,Sports,75,5,3,12,12524.35,Net Banking,10
1481,59,Female,124264,Retired,Seattle,Gold,22,31,46.69,9,Toys,21,24,9,6,1646.79,Credit Card,2
1482,19,Male,94071,Other,Boston,Platinum,93,42,77.28,165,Beauty,22,2,7,7,3272.98,Debit Card,8
1483,20,Female,137611,Business,Los Angeles,Bronze,63,47,304.57,38,Electronics,3,22,4,0,16888.54,Debit Card,4
1484,40,Male,85658,Engineer,Dallas,Bronze,35,13,263.97,344,Electronics,9,8,5,9,3717.73,Debit Card,7
1485,29,Female,24852,Other,Phoenix,Silver,55,15,92.6,218,Electronics,2,30,14,11,1402.4,Net Banking,4
1486,37,Female,20387,Student,Phoenix,Gold,20,50,73.39,93,Fashion,28,27,1,5,3020.59,UPI,4
1487,22,Male,142571,Retired,Chicago,Silver,5,13,286.36,157,Books,34,24,0,6,3703.78,UPI,8
1488,54,Female,112295,Retired,Chicago,Bronze,39,33,33.97,362,Grocery,53,2,7,6,1085.99,Cash,10
1489,55,Male,145381,Student,Dallas,Platinum,63,31,438.13,33,Grocery,59,0,5,12,12524.01,Cash,4
1490,47,Female,54994,Teacher,Boston,Gold,32,25,405.47,288,Home,10,1,12,13,11932.54,Debit Card,3
1491,26,Female,131912,Freelancer,Boston,Bronze,63,48,394.83,11,Toys,83,14,8,8,22178.96,Debit Card,10
1492,51,Female,146632,Business,San Francisco,Platinum,74,40,17.84,232,Toys,93,10,4,6,667.15,Net Banking,9
1493,70,Male,139210,Freelancer,New York,Silver,40,23,33.34,86,Beauty,2,7,15,11,747.12,Debit Card,3
1494,61,Female,71565,Retired,Chicago,Bronze,17,38,279.42,92,Electronics,48,15,7,6,11687.48,Debit Card,5
1495,52,Male,16312,Business,New York,Silver,79,3,497.27,106,Fashion,6,22,6,12,1691.75,Debit Card,1
1496,69,Female,140882,Retired,Boston,Gold,73,16,177.73,192,Home,44,16,10,5,2400.16,Credit Card,9
1497,39,Male,102566,Engineer,Chicago,Silver,32,2,178.74,9,Sports,54,2,9,2,356.16,UPI,6
1498,61,Male,36329,Engineer,Phoenix,Bronze,23,23,75.8,124,Grocery,71,7,0,12,2032.46,Credit Card,5
1499,41,Male,83187,Student,Miami,Platinum,75,34,340.42,274,Grocery,36,6,6,5,12336.28,Debit Card,4
1500,34,Female,90542,Business,Chicago,Bronze,60,30,326.87,278,Fashion,8,20,3,8,9974.63,Debit Card,8
1501,27,Male,123237,Business,Boston,Gold,77,47,59.65,127,Home,83,2,12,10,3048.07,Credit Card,2
1502,47,Female,129476,Retired,Boston,Silver,82,10,239.03,340,Home,10,6,5,9,2544.65,Credit Card,10
1503,63,Male,50645,Freelancer,Miami,Bronze,56,1,336.87,184,Beauty,33,4,8,2,396.46,Net Banking,5
1504,40,Male,102502,Engineer,New York,Bronze,9,22,251.82,362,Books,91,0,14,2,6454.45,Net Banking,8
1505,49,Male,102310,Doctor,Dallas,Gold,69,47,340.44,354,Fashion,93,4,14,10,15346.42,Debit Card,1
1506,34,Male,84619,Student,Miami,Silver,62,33,409.97,58,Home,19,2,12,6,10996.48,Credit Card,3
1507,67,Female,48513,Other,Phoenix,Silver,64,25,346.05,181,Beauty,18,17,15,6,8072.23,Net Banking,7
1508,68,Male,23749,Business,Boston,Silver,22,22,311.9,73,Home,51,28,12,4,6046.32,Cash,10
1509,34,Male,75645,Teacher,Los Angeles,Gold,32,16,428.26,1,Grocery,23,18,12,7,5842.29,Credit Card,5
1510,31,Female,68175,Teacher,Phoenix,Silver,47,30,451.29,242,Beauty,1,9,8,7,15639.6,UPI,10
1511,26,Male,65762,Doctor,New York,Bronze,2,18,200.55,227,Home,59,3,8,10,3913.03,Cash,9
1512,57,Male,79222,Engineer,Miami,Bronze,85,24,94.89,47,Books,3,29,4,10,1851.57,Cash,1
1513,19,Male,27213,Engineer,Boston,Gold,92,5,410.75,5,Books,10,12,3,14,2398.58,Credit Card,7
1514,62,Male,112367,Engineer,Boston,Silver,52,37,114.74,42,Beauty,71,28,5,1,4929.75,Debit Card,10
1515,42,Female,122157,Freelancer,Miami,Bronze,88,23,465.19,144,Books,49,0,9,10,12622.64,UPI,6
1516,56,Female,47583,Retired,Dallas,Platinum,88,42,21.21,126,Beauty,56,3,14,5,1008.36,Net Banking,10
1517,26,Male,143792,Teacher,Miami,Gold,14,27,461.42,334,Books,90,8,15,4,10359.74,Net Banking,4
1518,39,Female,94944,Engineer,Chicago,Bronze,37,12,298.7,245,Home,16,16,4,3,3760.46,Debit Card,10
1519,60,Female,37369,Teacher,Houston,Platinum,27,10,389.62,120,Beauty,39,10,11,6,3246.45,UPI,10
1520,63,Male,130844,Doctor,Dallas,Silver,24,34,205.26,231,Books,96,6,9,3,7574.54,UPI,6
1521,21,Female,34510,Student,Houston,Bronze,64,33,495.94,188,Electronics,76,23,4,4,14382.52,Cash,10
1522,43,Male,27120,Retired,New York,Bronze,70,16,121.5,284,Books,44,24,7,7,2282.89,Cash,9
1523,46,Female,114847,Freelancer,San Francisco,Silver,26,29,139.53,241,Electronics,8,6,14,4,4749.1,UPI,9
1524,62,Female,113575,Business,Phoenix,Gold,54,18,35.2,77,Home,8,12,9,10,657.58,Credit Card,2
1525,51,Female,144269,Doctor,Seattle,Bronze,15,27,470.83,57,Electronics,45,24,4,12,13997.26,Credit Card,9
1526,40,Male,20295,Retired,Miami,Bronze,29,7,233.45,180,Electronics,11,25,0,10,1868.26,Credit Card,2
1527,54,Female,35460,Teacher,Phoenix,Bronze,100,36,340.68,69,Fashion,97,28,4,15,11720.65,UPI,6
1528,28,Male,29963,Doctor,Seattle,Silver,74,27,346.85,264,Books,25,29,12,8,9661.6,Net Banking,7
1529,23,Male,92116,Business,New York,Bronze,28,10,438.51,203,Sports,17,18,4,9,3816.83,Credit Card,9
1530,35,Female,42328,Retired,New York,Bronze,59,10,335.81,169,Home,95,16,4,1,4010.24,Net Banking,6
1531,38,Male,99629,Freelancer,San Francisco,Silver,73,11,285.39,294,Beauty,83,17,11,1,3678.5,Credit Card,8
1532,59,Female,139034,Other,Dallas,Gold,21,30,358.06,246,Fashion,55,29,2,14,10670.56,UPI,10
1533,53,Male,36605,Student,Phoenix,Silver,10,3,377.98,58,Home,79,30,11,8,1158.13,Credit Card,3
1534,58,Male,125901,Business,Phoenix,Bronze,4,29,101.1,299,Electronics,56,25,11,1,2857.66,Net Banking,10
1535,55,Female,123241,Retired,Miami,Silver,62,14,63.74,320,Beauty,44,12,8,2,714.48,Debit Card,6
1536,51,Female,62598,Freelancer,New York,Bronze,4,13,46.68,10,Sports,53,16,4,5,541.3,Net Banking,2
1537,34,Female,87258,Teacher,Seattle,Platinum,6,19,193.29,346,Home,35,17,11,3,3087.33,Debit Card,1
1538,54,Female,55969,Business,Los Angeles,Gold,90,25,254.02,339,Beauty,39,24,1,7,5900.63,Net Banking,6
1539,42,Male,77784,Other,San Francisco,Bronze,80,10,311.67,4,Books,2,20,4,7,2787.87,Credit Card,3
1540,55,Male,36274,Doctor,Dallas,Bronze,72,15,479.44,204,Books,98,19,8,1,7944.25,Credit Card,5
1541,29,Male,144994,Engineer,Boston,Silver,92,28,172.09,244,Grocery,25,1,13,14,4827.77,Net Banking,6
1542,40,Female,49416,Doctor,Los Angeles,Silver,16,40,382.83,248,Grocery,38,18,7,1,17254.88,Credit Card,10
1543,70,Male,115434,Teacher,Chicago,Silver,38,49,270.37,104,Home,68,14,5,2,13967.23,Credit Card,6
1544,59,Female,66310,Retired,Houston,Gold,49,38,117.84,241,Fashion,80,8,8,13,4757.75,UPI,10
1545,39,Male,95758,Other,San Francisco,Gold,61,7,311.5,271,Sports,32,29,6,10,2508.66,Cash,7
1546,38,Female,45628,Student,Seattle,Silver,65,14,483.92,6,Fashion,79,28,1,1,7715.75,Cash,7
1547,44,Male,84672,Business,Los Angeles,Gold,83,30,70.91,223,Beauty,78,28,13,4,1755.7,Net Banking,6
1548,48,Male,61246,Retired,Seattle,Gold,50,40,258.57,216,Sports,41,13,0,0,10666.94,Cash,1
1549,23,Female,104110,Student,Miami,Gold,17,12,35.29,43,Home,79,18,13,6,408.76,Debit Card,8
1550,44,Male,17810,Teacher,San Francisco,Platinum,28,28,167.4,25,Fashion,71,7,12,7,4874.01,Net Banking,10
1551,57,Female,86688,Business,New York,Bronze,44,50,314.1,291,Beauty,7,11,2,11,17983.1,Net Banking,4
1552,51,Male,80548,Freelancer,Dallas,Bronze,12,14,422.12,180,Electronics,72,16,10,3,4756.22,Debit Card,1
1553,29,Male,26162,Freelancer,Seattle,Gold,70,1,367.86,91,Beauty,83,11,3,6,295.9,Cash,10
1554,62,Female,102858,Retired,Phoenix,Gold,71,4,236.8,267,Books,18,14,8,8,781.46,Debit Card,2
1555,70,Female,88535,Doctor,Los Angeles,Platinum,72,49,455.52,345,Fashion,17,4,14,6,25667.53,Credit Card,3
1556,24,Male,85864,Retired,Phoenix,Bronze,3,18,158.33,67,Home,82,1,4,1,2682.91,Net Banking,6
1557,27,Male,149693,Doctor,Seattle,Silver,49,36,379.45,363,Home,83,19,1,1,12956.59,UPI,2
1558,62,Male,133371,Other,Los Angeles,Bronze,21,32,242.26,150,Sports,77,17,9,9,7272.93,Debit Card,2
1559,34,Male,104792,Teacher,New York,Silver,8,28,450.33,103,Toys,59,2,4,9,11252.3,Net Banking,6
1560,43,Male,81188,Freelancer,Houston,Bronze,64,28,400.74,87,Sports,11,4,12,9,9151.0,Net Banking,4
1561,38,Male,96718,Other,Houston,Bronze,92,38,451.72,94,Toys,51,1,1,5,19956.54,Debit Card,5
1562,45,Female,51558,Business,Miami,Bronze,59,32,114.98,285,Toys,7,8,8,7,3286.22,UPI,8
1563,63,Female,143938,Freelancer,Chicago,Silver,30,8,337.39,318,Electronics,27,23,5,11,3124.44,Net Banking,3
1564,19,Female,49413,Doctor,Houston,Bronze,32,25,371.85,2,Toys,59,4,11,9,10990.81,Credit Card,5
1565,60,Male,25435,Retired,Chicago,Bronze,75,47,373.78,207,Fashion,37,26,11,10,18106.3,Credit Card,1
1566,18,Male,43067,Teacher,Los Angeles,Bronze,20,20,256.96,101,Books,5,16,11,12,4876.64,Credit Card,10
1567,68,Male,102794,Freelancer,Houston,Bronze,16,33,15.51,347,Home,62,20,4,9,566.25,UPI,4
1568,70,Female,108823,Other,Seattle,Platinum,25,30,138.1,176,Home,72,19,1,13,3356.46,Cash,5
1569,53,Female,84224,Teacher,New York,Bronze,60,37,168.42,303,Electronics,74,14,6,10,7300.54,Credit Card,4
1570,68,Male,16379,Other,Seattle,Bronze,45,16,427.5,198,Grocery,90,29,6,11,6588.06,Debit Card,9
1571,43,Male,117547,Freelancer,Seattle,Gold,9,25,422.03,7,Home,79,12,1,2,9742.99,Cash,8
1572,46,Female,123541,Retired,Chicago,Silver,51,38,61.29,244,Beauty,55,8,9,0,1981.47,Debit Card,2
1573,38,Female,129634,Student,Boston,Gold,61,42,475.42,292,Grocery,16,1,5,0,23603.11,UPI,9
1574,28,Female,143701,Retired,Boston,Silver,40,10,99.4,326,Grocery,93,22,9,10,1117.67,Credit Card,2
1575,57,Male,72745,Freelancer,Dallas,Platinum,61,5,213.04,177,Electronics,92,1,9,1,1160.62,Net Banking,6
1576,28,Male,118915,Doctor,Houston,Bronze,67,8,115.43,81,Toys,74,28,2,15,1082.63,Credit Card,2
1577,53,Male,144560,Retired,New York,Platinum,80,33,431.56,111,Electronics,56,28,7,9,16860.95,UPI,6
1578,66,Female,147797,Business,New York,Gold,76,37,377.21,358,Beauty,51,10,13,5,12664.08,Credit Card,6
1579,56,Female,96406,Doctor,Phoenix,Silver,15,1,183.23,20,Toys,68,27,4,1,204.23,Credit Card,7
1580,57,Male,24304,Doctor,Seattle,Silver,53,31,344.12,33,Electronics,46,2,7,5,11806.95,Credit Card,10
1581,52,Male,140555,Doctor,New York,Silver,4,7,100.34,254,Electronics,61,29,6,15,718.48,UPI,5
1582,51,Female,85320,Teacher,Los Angeles,Bronze,23,47,197.33,26,Electronics,78,2,13,10,7977.66,Credit Card,3
1583,64,Male,109488,Engineer,San Francisco,Bronze,27,23,194.78,7,Home,33,9,12,0,5269.03,Net Banking,2
1584,41,Female,90591,Engineer,Seattle,Platinum,37,24,126.59,17,Electronics,55,23,10,8,2813.8,Net Banking,4
1585,39,Female,110044,Student,Chicago,Silver,77,14,439.39,232,Electronics,18,1,7,11,6345.55,Cash,1
1586,22,Male,40192,Other,Seattle,Bronze,43,23,342.63,306,Books,12,0,11,14,6365.48,Cash,2
1587,50,Female,134304,Other,New York,Gold,37,9,147.17,190,Grocery,74,5,0,15,1286.99,Cash,8
1588,53,Male,103207,Doctor,Miami,Silver,85,8,128.64,149,Grocery,21,5,5,13,1077.24,Cash,5
1589,64,Female,88741,Engineer,Los Angeles,Bronze,29,8,18.8,155,Beauty,97,10,12,15,143.24,Net Banking,5
1590,37,Female,31365,Student,Los Angeles,Gold,29,3,179.83,46,Sports,78,15,12,6,534.55,Cash,3
1591,36,Male,80792,Teacher,Houston,Gold,49,32,268.12,311,Beauty,73,30,10,0,7522.89,Debit Card,1
1592,52,Female,65575,Doctor,Boston,Bronze,75,4,146.08,138,Home,26,0,12,15,549.31,UPI,6
1593,69,Male,134641,Business,Chicago,Platinum,51,49,353.22,141,Home,79,4,12,8,18854.16,UPI,1
1594,60,Male,147267,Teacher,Houston,Bronze,50,38,211.76,334,Home,21,24,11,12,9558.77,Net Banking,4
1595,34,Female,68517,Student,Dallas,Silver,28,2,165.0,13,Fashion,22,25,2,8,325.88,UPI,4
1596,62,Male,49012,Teacher,San Francisco,Bronze,74,9,470.14,355,Beauty,55,26,13,10,4546.14,UPI,3
1597,60,Male,36686,Business,Phoenix,Silver,5,46,138.77,258,Books,46,9,15,13,7599.3,Credit Card,4
1598,51,Male,47161,Other,Los Angeles,Bronze,56,1,205.15,235,Beauty,41,20,4,9,227.7,Cash,6
1599,26,Male,17402,Teacher,Chicago,Bronze,64,49,197.32,6,Electronics,5,27,1,10,7774.12,Cash,6
1600,43,Male,78190,Student,Boston,Gold,89,11,128.19,38,Electronics,44,22,10,5,1655.75,Credit Card,6
1601,19,Male,28275,Other,Chicago,Bronze,97,29,116.56,184,Electronics,16,5,3,1,3875.87,Net Banking,6
1602,70,Female,29915,Other,Phoenix,Gold,17,26,158.17,114,Sports,35,10,5,1,3735.91,Debit Card,4
1603,26,Male,15909,Other,Phoenix,Silver,97,27,433.48,109,Books,5,25,0,11,10213.12,Net Banking,7
1604,26,Female,129110,Business,Houston,Platinum,89,38,385.87,64,Books,62,15,12,13,17004.6,Debit Card,7
1605,57,Female,80908,Business,Seattle,Silver,97,29,343.69,230,Home,90,19,1,7,10719.28,Debit Card,2
1606,34,Male,142337,Other,Dallas,Bronze,55,33,233.98,280,Electronics,26,12,15,8,6909.03,Credit Card,6
1607,18,Female,37620,Teacher,Dallas,Bronze,9,28,258.8,30,Fashion,61,11,1,3,7866.35,Net Banking,5
1608,42,Female,49112,Business,New York,Gold,91,31,140.9,85,Books,51,17,8,1,4543.01,Cash,10
1609,60,Male,17431,Retired,Dallas,Gold,89,19,46.41,137,Grocery,69,25,10,14,814.5,Net Banking,1
1610,57,Male,101590,Teacher,Chicago,Bronze,68,48,172.21,76,Fashion,56,12,11,4,8453.8,Net Banking,3
1611,59,Male,77175,Doctor,Dallas,Silver,73,26,252.84,136,Books,50,4,4,12,6645.54,Debit Card,9
1612,42,Female,132472,Business,Boston,Silver,79,50,38.08,121,Books,36,27,4,15,1911.44,Debit Card,9
1613,56,Female,47624,Teacher,Dallas,Platinum,16,29,53.23,263,Sports,24,27,5,6,1554.39,Cash,10
1614,52,Male,76264,Doctor,Los Angeles,Platinum,16,11,138.88,96,Electronics,79,29,12,13,1222.39,Cash,9
1615,20,Male,128766,Business,New York,Platinum,13,41,189.87,18,Beauty,30,29,15,3,7064.22,Debit Card,10
1616,67,Female,147767,Doctor,Chicago,Gold,78,32,202.73,285,Books,69,25,9,11,6307.96,Net Banking,5
1617,54,Female,115211,Freelancer,Phoenix,Platinum,86,21,67.76,8,Grocery,48,12,2,8,1210.8,Debit Card,6
1618,61,Female,134502,Business,Houston,Bronze,85,38,120.65,82,Toys,22,24,8,11,5041.64,UPI,9
1619,61,Female,59225,Freelancer,San Francisco,Gold,73,34,138.21,46,Home,33,12,15,14,5351.17,UPI,4
1620,68,Male,147475,Student,Houston,Gold,63,40,43.14,89,Toys,69,18,15,3,1944.94,Debit Card,4
1621,47,Female,25839,Student,Seattle,Platinum,41,22,169.79,0,Sports,96,18,2,7,3675.07,Cash,9
1622,55,Female,66977,Teacher,San Francisco,Silver,53,48,45.39,161,Fashion,50,12,3,2,2344.91,Debit Card,7
1623,51,Female,128050,Engineer,Boston,Bronze,68,27,354.69,152,Books,23,27,11,11,7955.83,Net Banking,6
1624,29,Female,40651,Freelancer,Miami,Silver,74,8,199.16,0,Electronics,10,10,14,13,1401.7,UPI,10
1625,36,Male,112919,Freelancer,New York,Silver,99,40,170.11,145,Sports,36,15,8,11,5571.28,Credit Card,6
1626,54,Male,54963,Student,Phoenix,Bronze,9,46,72.0,160,Sports,17,22,15,5,3928.62,Cash,5
1627,61,Female,132776,Freelancer,Houston,Bronze,51,31,120.99,134,Beauty,53,13,9,14,3862.18,Credit Card,4
1628,66,Female,94198,Engineer,Dallas,Silver,48,1,124.03,285,Toys,91,9,7,5,107.92,Cash,3
1629,34,Male,145697,Other,New York,Bronze,80,39,492.75,76,Home,8,1,5,2,20812.63,Credit Card,7
1630,27,Male,78294,Doctor,Dallas,Bronze,49,34,419.32,80,Beauty,44,7,7,1,14194.88,Credit Card,5
1631,66,Female,16789,Doctor,New York,Bronze,18,47,17.48,268,Beauty,61,30,0,5,799.96,Debit Card,2
1632,64,Female,104297,Engineer,New York,Platinum,10,24,312.25,268,Home,6,22,15,6,8733.37,Cash,3
1633,29,Male,133341,Freelancer,Seattle,Gold,85,28,135.4,41,Fashion,71,7,13,6,4106.94,UPI,5
1634,33,Male,59135,Freelancer,Los Angeles,Bronze,54,50,61.14,123,Beauty,90,25,3,9,3290.14,Credit Card,9
1635,41,Male,52067,Freelancer,Boston,Gold,79,4,355.74,229,Home,81,21,9,10,1193.75,Debit Card,6
1636,36,Male,32357,Retired,Dallas,Gold,15,18,74.49,356,Sports,37,20,10,0,1122.01,Net Banking,2
1637,25,Male,53262,Teacher,Dallas,Bronze,11,29,227.43,201,Books,54,26,15,11,7029.28,Cash,8
1638,48,Male,73643,Business,Dallas,Bronze,40,23,319.76,333,Sports,23,19,3,5,6343.95,Cash,6
1639,38,Female,106270,Engineer,Seattle,Silver,47,37,281.7,106,Home,91,13,1,8,10228.01,UPI,6
1640,34,Male,84103,Engineer,Houston,Silver,20,27,489.04,291,Sports,57,23,1,12,13572.76,Credit Card,8
1641,40,Male,101268,Retired,Chicago,Gold,98,16,395.01,290,Books,51,13,12,8,6037.25,Debit Card,7
1642,54,Male,101310,Engineer,Dallas,Silver,22,45,389.35,173,Grocery,58,17,10,14,14613.39,Credit Card,5
1643,33,Male,52412,Other,Houston,Bronze,48,27,184.24,311,Grocery,19,14,9,11,5458.7,Debit Card,9
1644,23,Female,62734,Other,Los Angeles,Platinum,82,9,14.11,86,Home,27,21,8,1,146.55,UPI,1
1645,25,Female,102793,Engineer,Dallas,Bronze,16,5,369.86,4,Home,89,29,5,3,1599.04,Credit Card,4
1646,42,Male,37228,Retired,Boston,Gold,5,8,499.87,171,Fashion,25,27,6,5,4565.38,Net Banking,10
1647,35,Female,135627,Engineer,Phoenix,Bronze,65,18,208.88,120,Books,21,15,10,3,4194.02,UPI,9
1648,42,Female,92924,Freelancer,Miami,Bronze,83,35,492.9,155,Home,25,13,10,11,17692.17,UPI,2
1649,29,Female,26319,Retired,Dallas,Silver,74,6,79.44,86,Beauty,51,9,14,8,494.96,Cash,3
1650,32,Female,21475,Teacher,Chicago,Bronze,21,43,155.29,97,Sports,71,21,3,14,7082.31,Debit Card,3
1651,43,Female,44545,Student,Phoenix,Silver,61,23,93.66,134,Toys,35,20,2,1,2175.52,Credit Card,6
1652,58,Female,111636,Freelancer,Boston,Bronze,77,46,242.84,6,Beauty,70,1,2,9,12709.25,Debit Card,3
1653,62,Male,45615,Other,Seattle,Silver,55,26,400.52,259,Home,50,4,4,5,10305.63,UPI,3
1654,43,Male,28746,Freelancer,Miami,Silver,24,39,176.92,363,Sports,15,30,10,0,7029.74,Credit Card,5
1655,64,Male,16245,Business,Seattle,Bronze,23,24,454.05,31,Grocery,24,2,13,8,8878.02,Net Banking,3
1656,49,Male,132408,Retired,Chicago,Gold,87,10,276.97,27,Toys,49,22,5,0,2415.26,Debit Card,5
1657,27,Male,127143,Other,Miami,Bronze,11,15,238.06,259,Sports,68,6,13,12,4147.64,Debit Card,3
1658,33,Female,42632,Student,Chicago,Bronze,47,38,395.65,243,Toys,7,23,15,12,12758.88,Net Banking,2
1659,24,Male,27856,Engineer,Seattle,Silver,2,20,59.71,364,Fashion,94,26,1,11,1387.21,UPI,8
1660,34,Male,83049,Student,Boston,Silver,70,29,389.14,263,Electronics,81,11,6,13,11898.63,Debit Card,3
1661,40,Female,73182,Teacher,Miami,Silver,53,6,129.05,141,Toys,54,29,15,7,904.42,Cash,6
1662,43,Female,148873,Doctor,San Francisco,Bronze,11,48,147.6,29,Books,38,9,6,12,7975.52,Cash,2
1663,38,Male,70654,Freelancer,Houston,Gold,15,9,303.73,129,Sports,94,10,0,14,3132.98,Credit Card,1
1664,39,Female,70381,Retired,Boston,Silver,73,50,451.95,265,Home,45,29,14,8,22817.9,Net Banking,8
1665,24,Female,73601,Retired,Miami,Bronze,12,5,293.42,69,Fashion,9,24,13,0,1658.0,UPI,3
1666,31,Female,15364,Student,Chicago,Bronze,36,48,327.99,118,Grocery,55,16,12,0,15494.95,Cash,2
1667,32,Female,22436,Business,Chicago,Gold,92,39,390.53,326,Toys,83,3,12,9,12453.65,Credit Card,2
1668,70,Male,101713,Other,Los Angeles,Silver,23,19,137.07,69,Toys,52,5,12,13,2762.0,Credit Card,5
1669,24,Female,75194,Teacher,Boston,Bronze,27,5,415.34,207,Grocery,77,6,12,6,2266.47,Debit Card,6
1670,26,Male,39544,Doctor,Chicago,Bronze,88,20,214.8,90,Electronics,49,26,11,9,3611.3,UPI,2
1671,68,Male,78295,Teacher,New York,Bronze,14,11,96.07,119,Home,55,4,6,4,1190.31,Cash,6
1672,65,Female,84409,Retired,Houston,Silver,54,50,181.56,206,Beauty,83,5,12,14,7535.37,Net Banking,1
1673,25,Female,141839,Engineer,Seattle,Gold,99,27,130.6,255,Beauty,70,16,15,10,3443.85,Debit Card,9
1674,67,Female,128759,Doctor,Phoenix,Silver,27,29,122.07,34,Sports,76,13,3,2,3522.93,Cash,4
1675,40,Male,32157,Other,Los Angeles,Silver,21,7,148.46,123,Grocery,79,10,3,8,846.66,Credit Card,5
1676,46,Female,80888,Other,Chicago,Platinum,49,50,98.66,111,Fashion,3,4,2,1,4076.25,Net Banking,3
1677,35,Female,79947,Retired,New York,Silver,62,3,337.17,206,Electronics,68,1,8,15,991.54,Credit Card,6
1678,48,Female,85880,Business,Los Angeles,Silver,77,5,294.2,101,Beauty,38,30,2,5,1359.94,Debit Card,1
1679,47,Female,19507,Doctor,New York,Bronze,72,13,327.74,193,Sports,70,13,15,3,4799.01,Net Banking,7
1680,69,Female,118134,Retired,Los Angeles,Silver,44,16,178.43,240,Toys,49,26,3,4,2756.51,Net Banking,8
1681,56,Male,58988,Business,Chicago,Silver,44,12,387.17,146,Sports,92,15,2,1,3912.95,Debit Card,3
1682,52,Female,113421,Engineer,New York,Bronze,98,39,73.51,131,Grocery,8,1,7,0,2474.56,Credit Card,2
1683,35,Female,117591,Business,Miami,Platinum,61,27,289.86,219,Fashion,95,16,7,8,8369.28,Net Banking,4
1684,59,Female,144614,Teacher,Boston,Gold,42,45,144.97,337,Fashion,85,25,9,2,7698.08,UPI,8
1685,56,Male,42213,Student,Phoenix,Gold,23,33,268.53,103,Toys,45,15,7,5,10171.56,UPI,8
1686,34,Female,72450,Teacher,Seattle,Silver,73,15,168.58,40,Beauty,29,8,14,14,2153.94,Credit Card,8
1687,31,Male,77222,Other,Phoenix,Silver,1,21,397.35,55,Toys,79,19,4,13,6730.11,Net Banking,2
1688,48,Male,27755,Retired,Seattle,Bronze,36,44,446.72,310,Sports,49,19,12,8,15932.41,Credit Card,4
1689,41,Female,146937,Retired,San Francisco,Bronze,55,17,373.86,249,Grocery,24,8,14,14,6495.06,UPI,10
1690,52,Female,48371,Freelancer,Houston,Gold,16,37,96.04,241,Toys,21,4,6,0,3533.44,Net Banking,1
1691,61,Female,20192,Teacher,San Francisco,Silver,89,49,144.68,126,Fashion,23,3,11,11,5709.45,Net Banking,7
1692,62,Male,17015,Doctor,Dallas,Gold,18,15,460.49,149,Sports,95,6,2,4,5683.71,Credit Card,10
1693,51,Male,123154,Other,Chicago,Bronze,98,20,224.24,330,Fashion,98,28,14,15,5381.32,Net Banking,6
1694,20,Male,43343,Engineer,Miami,Silver,38,19,471.18,335,Electronics,28,28,7,3,10617.36,Credit Card,7
1695,54,Male,84306,Other,Boston,Silver,67,1,202.3,148,Fashion,32,4,9,14,172.09,Cash,10
1696,60,Male,20829,Freelancer,Miami,Silver,20,4,476.37,168,Fashion,22,23,1,2,1649.46,Cash,5
1697,57,Male,49381,Freelancer,Phoenix,Gold,19,3,463.61,44,Sports,62,2,7,1,1613.45,UPI,6
1698,43,Female,126451,Freelancer,Seattle,Platinum,13,8,333.66,83,Fashion,67,29,5,13,2677.22,UPI,6
1699,40,Female,33263,Retired,San Francisco,Bronze,17,41,14.33,7,Fashion,73,7,1,2,695.16,Debit Card,6
1700,61,Male,73418,Student,Miami,Bronze,78,44,206.16,106,Electronics,6,30,11,13,9144.84,Cash,9
1701,56,Female,15148,Business,San Francisco,Bronze,30,5,456.51,264,Fashion,65,15,5,0,2353.06,Cash,4
1702,32,Female,147826,Doctor,Houston,Silver,86,9,443.7,145,Fashion,22,26,10,12,3546.27,Debit Card,2
1703,66,Male,41745,Other,Houston,Bronze,43,1,101.82,30,Sports,51,5,9,0,117.14,Credit Card,9
1704,21,Male,87914,Retired,Seattle,Gold,48,43,205.6,243,Grocery,68,29,1,12,9990.11,Cash,10
1705,46,Female,75653,Other,Dallas,Silver,43,30,419.4,34,Toys,57,28,2,12,11763.78,Cash,7
1706,39,Male,93315,Engineer,Miami,Silver,93,7,293.16,246,Electronics,72,8,10,7,2144.36,UPI,5
1707,42,Male,46075,Retired,Boston,Gold,66,22,425.18,17,Toys,55,21,4,4,8760.7,Debit Card,6
1708,30,Female,24795,Student,San Francisco,Silver,53,20,415.02,23,Fashion,42,19,15,1,8180.77,Debit Card,7
1709,35,Male,79555,Other,San Francisco,Silver,72,29,454.67,341,Grocery,52,17,0,2,15050.12,UPI,5
1710,50,Female,118107,Retired,Houston,Bronze,78,27,67.44,303,Toys,61,10,8,14,1759.28,Cash,5
1711,33,Female,66529,Retired,Chicago,Silver,34,25,81.16,315,Sports,19,18,9,13,2305.4,Net Banking,6
1712,62,Female,26009,Teacher,Seattle,Silver,77,46,50.58,348,Electronics,1,6,2,13,2754.91,Debit Card,8
1713,59,Female,44381,Engineer,San Francisco,Silver,74,35,468.28,277,Home,41,9,12,1,15841.36,Cash,2
1714,61,Female,142769,Freelancer,Houston,Platinum,72,27,242.83,29,Toys,63,4,11,14,7546.51,Credit Card,10
1715,19,Male,79610,Engineer,Houston,Platinum,71,11,41.52,142,Sports,88,6,0,9,420.91,Debit Card,9
1716,52,Male,83122,Engineer,New York,Gold,13,17,167.55,276,Grocery,48,22,5,1,2281.94,UPI,10
1717,59,Male,83184,Teacher,San Francisco,Bronze,90,31,182.19,355,Electronics,81,5,0,3,4709.19,Debit Card,5
1718,51,Male,102228,Business,New York,Gold,56,18,406.68,11,Fashion,32,30,2,11,8014.5,UPI,4
1719,47,Female,87943,Retired,Boston,Bronze,59,19,370.38,202,Toys,50,17,6,3,5911.78,Credit Card,8
1720,30,Female,95770,Doctor,Boston,Bronze,32,50,347.8,249,Grocery,14,20,3,6,20444.8,Cash,4
1721,30,Male,67726,Freelancer,Houston,Bronze,83,38,20.71,102,Toys,17,14,8,1,902.38,UPI,2
1722,35,Female,62780,Other,Chicago,Bronze,79,29,456.24,34,Sports,96,26,6,8,13309.56,UPI,5
1723,49,Male,57503,Business,Chicago,Bronze,54,15,115.62,323,Electronics,97,30,4,6,1790.85,Credit Card,5
1724,49,Male,72893,Student,New York,Silver,2,7,318.24,19,Grocery,30,9,8,3,2400.86,Net Banking,4
1725,52,Male,76358,Retired,Houston,Platinum,37,37,40.29,46,Books,51,5,2,11,1628.78,Debit Card,3
1726,56,Female,95857,Freelancer,New York,Bronze,83,37,49.95,83,Home,98,23,10,6,1841.65,Net Banking,5
1727,63,Female,135457,Doctor,Seattle,Platinum,97,7,14.69,267,Toys,92,0,13,14,95.15,Debit Card,9
1728,69,Female,132928,Retired,New York,Bronze,33,22,287.3,52,Grocery,62,27,13,9,7357.79,Credit Card,9
1729,46,Female,73706,Student,Dallas,Bronze,1,12,318.4,272,Sports,24,27,7,10,3127.81,Credit Card,9
1730,66,Male,97806,Teacher,San Francisco,Silver,28,8,34.73,17,Sports,63,27,7,0,261.85,Net Banking,6
1731,46,Female,70006,Business,Boston,Silver,17,18,152.34,103,Fashion,14,9,3,12,2924.75,Credit Card,8
1732,70,Female,102238,Retired,Los Angeles,Bronze,57,28,427.21,151,Fashion,34,22,0,6,13833.06,Cash,1
1733,61,Female,60798,Freelancer,Houston,Bronze,70,18,59.64,327,Grocery,59,14,3,12,890.69,Net Banking,1
1734,33,Male,92271,Engineer,Chicago,Silver,52,31,116.11,164,Sports,65,13,14,5,3828.27,UPI,7
1735,61,Male,45177,Other,Miami,Bronze,44,17,217.95,360,Books,86,15,15,14,3686.0,UPI,5
1736,64,Female,143022,Other,San Francisco,Gold,84,23,422.71,83,Toys,33,4,8,8,10447.57,Credit Card,2
1737,27,Female,145156,Other,Los Angeles,Silver,47,11,134.88,307,Grocery,58,13,9,7,1375.19,Credit Card,4
1738,47,Female,97215,Doctor,Dallas,Bronze,13,15,498.6,150,Books,18,15,0,1,8109.33,Debit Card,4
1739,42,Female,58013,Retired,Miami,Gold,76,30,184.08,36,Toys,12,13,2,14,4816.11,Net Banking,6
1740,56,Male,97600,Other,Chicago,Bronze,30,31,199.36,352,Beauty,74,6,7,10,6860.97,Net Banking,8
1741,37,Female,111099,Freelancer,Dallas,Gold,85,6,69.83,151,Home,66,30,15,2,460.77,Cash,3
1742,22,Female,68450,Engineer,Chicago,Gold,66,12,343.3,355,Sports,2,18,2,15,4855.83,UPI,7
1743,18,Female,137640,Freelancer,Chicago,Platinum,53,23,129.3,207,Books,70,3,15,12,2585.18,UPI,2
1744,47,Male,107403,Retired,Houston,Silver,18,39,318.15,49,Beauty,84,17,1,2,13509.66,Cash,9
1745,66,Male,114290,Student,Miami,Silver,28,40,119.35,219,Books,28,27,0,12,4435.33,Debit Card,7
1746,20,Female,146832,Engineer,Seattle,Bronze,4,36,200.06,46,Beauty,42,21,8,13,6573.72,Cash,1
1747,62,Female,39142,Engineer,New York,Silver,42,35,429.77,17,Sports,3,20,10,11,14449.87,Debit Card,4
1748,31,Female,125189,Freelancer,New York,Silver,6,3,372.06,121,Fashion,48,14,9,15,1020.28,Debit Card,2
1749,47,Female,122532,Teacher,San Francisco,Silver,9,42,85.75,281,Grocery,89,16,2,5,3238.75,Debit Card,10
1750,67,Female,146436,Retired,Chicago,Gold,20,28,307.78,119,Electronics,87,30,6,1,9543.0,Credit Card,5
1751,21,Male,71921,Other,San Francisco,Bronze,94,15,318.03,250,Electronics,13,0,9,10,5151.14,Credit Card,9
1752,35,Male,34797,Teacher,Miami,Gold,38,13,54.38,326,Home,57,23,2,1,596.48,Debit Card,3
1753,54,Male,47535,Business,Chicago,Gold,68,19,238.24,298,Books,88,14,12,3,4635.53,Cash,5
1754,42,Female,61300,Other,Chicago,Silver,50,40,137.73,46,Toys,3,15,7,0,5136.78,Cash,10
1755,65,Male,62176,Student,Los Angeles,Silver,60,18,238.89,84,Sports,63,23,8,0,5110.2,Cash,2
1756,18,Male,31105,Teacher,Boston,Bronze,13,31,390.76,298,Books,38,21,11,0,11750.36,Credit Card,4
1757,70,Male,94472,Freelancer,New York,Platinum,99,37,87.55,159,Fashion,59,10,7,4,2644.05,Debit Card,2
1758,63,Female,93097,Retired,Miami,Bronze,94,21,70.42,6,Fashion,28,8,4,12,1379.28,UPI,8
1759,32,Female,111160,Teacher,Dallas,Silver,42,39,141.97,244,Fashion,26,16,10,8,5122.03,Cash,7
1760,26,Male,61940,Business,Dallas,Silver,68,5,476.61,214,Electronics,84,30,9,3,1911.81,Credit Card,7
1761,32,Female,100001,Doctor,Seattle,Platinum,25,17,376.43,211,Beauty,91,25,11,13,6368.04,Net Banking,7
1762,66,Male,22928,Business,Phoenix,Gold,31,19,19.53,211,Home,65,14,1,7,431.3,Debit Card,9
1763,41,Male,63002,Engineer,Miami,Silver,12,4,206.49,287,Books,74,7,5,6,925.84,Cash,2
1764,21,Male,99853,Other,Phoenix,Bronze,64,26,136.13,217,Toys,74,17,7,12,3800.8,Credit Card,6
1765,29,Male,129614,Retired,Los Angeles,Bronze,79,24,322.69,250,Electronics,61,7,1,5,7259.86,Net Banking,4
1766,54,Female,132517,Engineer,Dallas,Bronze,61,39,235.05,343,Fashion,57,2,5,13,8184.12,Debit Card,10
1767,54,Female,94064,Teacher,Miami,Gold,53,38,482.6,320,Electronics,1,21,6,8,17184.31,UPI,6
1768,60,Female,134694,Teacher,Chicago,Gold,26,46,117.3,313,Electronics,32,22,13,9,4582.24,Debit Card,9
1769,23,Female,147631,Business,Boston,Gold,61,19,298.05,180,Home,32,18,8,0,4755.72,Debit Card,1
1770,56,Male,65893,Business,Houston,Silver,10,30,353.1,91,Grocery,27,13,15,6,10908.81,Cash,2
1771,63,Female,30167,Freelancer,Boston,Silver,12,26,414.53,217,Sports,13,1,10,8,12131.44,Debit Card,6
1772,41,Male,53598,Student,Seattle,Bronze,22,11,209.42,289,Books,17,30,8,14,1934.48,Net Banking,7
1773,28,Female,64777,Freelancer,Dallas,Bronze,53,39,346.59,89,Beauty,28,0,13,9,12625.9,Net Banking,3
1774,30,Female,131378,Engineer,San Francisco,Bronze,21,3,158.57,196,Books,89,29,1,15,403.93,Debit Card,1
1775,51,Female,96060,Freelancer,San Francisco,Gold,35,22,223.38,183,Grocery,52,4,0,13,4541.81,Debit Card,7
1776,42,Male,28285,Business,Houston,Bronze,71,17,448.86,65,Sports,36,16,12,15,8638.67,Net Banking,2
1777,24,Male,137970,Retired,Dallas,Gold,82,11,475.45,97,Fashion,47,0,6,12,4256.86,Net Banking,6
1778,69,Male,37694,Freelancer,Miami,Silver,27,47,362.22,305,Home,66,20,5,13,18026.83,Cash,4
1779,21,Male,19611,Doctor,Chicago,Silver,60,39,193.43,23,Home,32,15,9,1,6215.57,UPI,10
1780,25,Female,24372,Other,Seattle,Bronze,99,47,411.83,219,Grocery,32,2,9,14,18787.3,Net Banking,4
1781,37,Male,95618,Student,San Francisco,Bronze,47,27,22.67,173,Books,70,9,12,12,605.74,UPI,9
1782,46,Male,127945,Business,Houston,Bronze,66,49,60.35,244,Sports,95,18,9,3,2840.65,UPI,7
1783,70,Female,123397,Retired,Boston,Gold,96,43,334.07,113,Home,55,10,11,4,15154.43,Net Banking,1
1784,68,Female,111213,Teacher,Chicago,Bronze,15,29,152.71,265,Toys,73,22,3,14,5267.65,Cash,4
1785,62,Male,35874,Other,San Francisco,Gold,24,12,476.18,353,Toys,80,30,10,14,5182.29,Debit Card,10
1786,63,Female,147669,Freelancer,Boston,Gold,84,13,223.67,222,Grocery,89,2,10,10,3035.38,Credit Card,6
1787,27,Male,26600,Business,Miami,Bronze,10,11,220.39,307,Home,40,1,8,4,2283.66,Debit Card,2
1788,60,Female,149819,Teacher,Boston,Gold,88,31,342.26,234,Electronics,28,2,15,10,12729.95,Credit Card,4
1789,51,Male,94415,Teacher,Chicago,Silver,24,11,386.11,305,Electronics,81,14,0,12,5013.4,Net Banking,2
1790,43,Male,109348,Engineer,Boston,Gold,88,41,243.02,109,Grocery,31,26,6,6,8343.32,Debit Card,1
1791,58,Male,120736,Engineer,Miami,Bronze,57,43,114.86,313,Books,87,19,4,9,5874.61,Debit Card,1
1792,66,Male,39714,Retired,Seattle,Bronze,34,36,388.92,12,Grocery,31,8,4,7,15335.55,Credit Card,9
1793,20,Male,126573,Business,Chicago,Bronze,41,2,166.97,124,Books,26,14,5,12,399.71,Cash,9
1794,23,Female,28092,Other,Seattle,Bronze,40,23,95.8,314,Beauty,4,27,14,15,2442.21,Net Banking,4
1795,22,Male,110918,Retired,Houston,Gold,11,36,319.5,166,Fashion,58,1,1,8,9794.8,Net Banking,8
1796,22,Male,40457,Business,Dallas,Gold,90,14,54.32,52,Toys,79,29,10,4,836.67,Net Banking,10
1797,64,Male,86667,Doctor,Boston,Platinum,1,37,485.96,185,Electronics,23,5,13,1,19610.47,Debit Card,7
1798,40,Male,105751,Student,Los Angeles,Bronze,30,49,319.87,275,Home,69,4,10,1,13584.25,UPI,5
1799,66,Male,77894,Student,Seattle,Bronze,43,27,493.09,351,Grocery,60,5,2,4,14661.67,Credit Card,10
1800,26,Female,76305,Other,Miami,Silver,82,12,176.06,9,Sports,43,4,15,14,2260.42,Debit Card,2
1801,52,Female,67137,Business,San Francisco,Bronze,26,29,485.89,146,Home,89,21,10,4,16877.66,Cash,9
1802,37,Male,15559,Engineer,Seattle,Bronze,53,6,81.33,316,Fashion,94,11,8,4,511.16,Cash,7
1803,66,Female,81249,Other,San Francisco,Silver,47,44,29.94,332,Sports,26,3,3,13,1272.36,Debit Card,4
1804,59,Male,52361,Freelancer,Boston,Bronze,9,47,26.16,117,Home,67,23,5,5,1452.76,Credit Card,10
1805,52,Female,95720,Retired,Houston,Silver,9,23,237.79,339,Fashion,68,27,12,11,5748.84,Net Banking,2
1806,67,Female,30261,Doctor,New York,Bronze,1,10,50.67,17,Sports,55,24,12,15,476.02,Net Banking,2
1807,35,Male,35372,Student,Chicago,Silver,71,34,260.96,225,Toys,47,25,2,14,7172.8,UPI,3
1808,34,Female,70355,Business,San Francisco,Gold,44,44,170.48,111,Electronics,82,22,2,15,8271.15,Debit Card,6
1809,41,Female,113560,Engineer,San Francisco,Bronze,59,12,174.46,71,Grocery,59,29,8,7,1774.91,UPI,1
1810,20,Male,15037,Engineer,Chicago,Platinum,56,32,321.45,143,Books,75,13,15,15,12029.61,Cash,5
1811,49,Male,56420,Engineer,New York,Silver,51,26,89.92,103,Home,75,13,8,10,2769.4,Net Banking,10
1812,52,Female,112243,Retired,Boston,Platinum,16,7,385.61,214,Grocery,100,10,12,4,2414.68,Net Banking,3
1813,55,Female,144380,Freelancer,Miami,Bronze,38,32,295.2,76,Beauty,16,27,2,12,7983.36,UPI,7
1814,30,Female,49600,Teacher,Dallas,Silver,11,33,458.32,25,Home,58,0,2,2,15701.23,Debit Card,7
1815,64,Male,104520,Other,San Francisco,Silver,25,18,188.77,229,Grocery,89,20,14,8,3008.78,UPI,10
1816,42,Female,20167,Retired,New York,Gold,93,35,491.53,192,Books,1,22,5,3,17491.47,Cash,5
1817,26,Female,15432,Freelancer,New York,Silver,83,20,292.16,102,Home,90,30,12,11,5642.67,Debit Card,9
1818,21,Female,84687,Engineer,Houston,Silver,82,31,486.97,204,Toys,45,4,0,7,16859.44,Cash,10
1819,31,Male,86947,Business,San Francisco,Platinum,59,5,23.26,259,Electronics,94,4,13,15,139.55,Debit Card,8
1820,54,Male,111324,Other,Seattle,Bronze,29,32,366.71,232,Fashion,6,11,4,8,11531.96,UPI,9
1821,51,Male,65903,Doctor,Boston,Bronze,80,47,410.14,50,Fashion,91,4,8,10,20703.18,Credit Card,6
1822,28,Male,80792,Freelancer,Miami,Silver,40,42,36.05,130,Grocery,52,20,8,6,1418.29,UPI,8
1823,58,Female,48439,Business,New York,Silver,8,19,293.7,342,Sports,19,12,7,2,6389.45,Debit Card,10
1824,20,Male,66248,Retired,Houston,Silver,98,1,402.95,65,Grocery,43,10,5,9,328.32,Cash,2
1825,45,Female,49743,Retired,Houston,Silver,6,7,284.91,201,Home,19,20,13,10,1989.2,UPI,5
1826,46,Female,94803,Other,Chicago,Platinum,45,22,41.27,283,Fashion,39,0,8,5,790.55,Debit Card,8
1827,26,Female,90117,Engineer,San Francisco,Gold,53,50,349.79,299,Books,32,11,2,6,15228.76,Cash,2
1828,20,Female,37076,Doctor,New York,Bronze,94,34,39.69,145,Toys,65,5,12,11,1367.27,Cash,2
1829,42,Male,102483,Student,Miami,Bronze,98,10,410.56,257,Home,89,26,8,6,3789.96,Cash,3
1830,51,Male,149035,Student,Seattle,Platinum,21,47,31.09,311,Beauty,47,10,7,13,1437.27,Debit Card,2
1831,29,Male,134217,Retired,Los Angeles,Gold,57,42,77.32,103,Toys,13,11,11,7,2995.0,Cash,4
1832,59,Male,119504,Business,Los Angeles,Platinum,76,26,144.8,150,Fashion,74,28,14,9,3697.14,Cash,4
1833,26,Male,120649,Doctor,Seattle,Bronze,6,32,320.35,117,Sports,82,5,15,4,9373.37,UPI,1
1834,32,Female,141244,Business,New York,Gold,63,42,488.42,315,Sports,36,23,0,4,23004.42,Cash,6
1835,57,Male,47813,Doctor,San Francisco,Gold,6,27,67.73,198,Beauty,86,29,8,12,1871.01,Credit Card,7
1836,42,Male,81729,Doctor,Miami,Bronze,53,12,79.93,302,Home,70,4,7,15,829.26,Debit Card,7
1837,22,Male,19512,Retired,Chicago,Silver,4,40,190.75,333,Toys,27,17,7,15,6129.81,Cash,5
1838,28,Male,132907,Business,San Francisco,Silver,9,23,419.75,278,Home,72,15,5,1,7790.96,Cash,4
1839,51,Female,146708,Retired,Dallas,Silver,69,14,238.94,104,Home,24,12,8,11,3240.38,Net Banking,2
1840,41,Female,149847,Other,San Francisco,Gold,74,34,167.59,9,Toys,20,6,14,10,5274.39,UPI,5
1841,32,Female,79591,Doctor,San Francisco,Gold,72,17,284.99,112,Books,86,13,15,1,4383.82,Cash,4
1842,55,Female,26351,Freelancer,Boston,Gold,87,6,137.66,26,Sports,9,0,7,14,866.57,UPI,8
1843,25,Female,130400,Engineer,New York,Gold,4,27,206.57,98,Grocery,39,20,1,3,6276.12,UPI,10
1844,22,Male,135533,Other,Chicago,Silver,58,8,172.98,256,Grocery,83,27,5,6,1142.16,Credit Card,1
1845,65,Female,118627,Doctor,Boston,Bronze,37,33,404.03,326,Books,1,20,11,15,11252.9,Debit Card,7
1846,43,Female,143381,Freelancer,New York,Gold,71,35,462.89,135,Books,11,11,10,7,15350.56,Credit Card,5
1847,35,Female,110707,Doctor,Phoenix,Silver,6,47,382.19,225,Toys,74,2,14,2,17542.5,Debit Card,10
1848,23,Male,96678,Freelancer,Chicago,Bronze,51,17,225.15,126,Books,1,17,7,0,3667.15,Net Banking,5
1849,54,Male,88309,Business,New York,Silver,79,26,257.12,115,Fashion,91,10,13,3,7055.84,Credit Card,1
1850,65,Female,25778,Student,Los Angeles,Bronze,99,7,71.29,289,Toys,81,19,12,5,416.63,UPI,9
1851,30,Male,127713,Teacher,Boston,Silver,50,46,375.96,170,Electronics,44,6,12,5,17257.69,Cash,7
1852,45,Male,148180,Other,Phoenix,Bronze,96,24,302.27,211,Grocery,51,9,5,8,8159.1,Net Banking,2
1853,22,Female,51382,Doctor,Chicago,Bronze,14,25,452.2,188,Toys,17,18,12,14,13242.49,Debit Card,5
1854,30,Male,90787,Teacher,Dallas,Platinum,99,35,108.3,264,Grocery,66,12,13,12,3882.04,Credit Card,8
1855,34,Male,38341,Doctor,Miami,Gold,11,26,382.27,213,Home,23,13,10,6,8501.54,Net Banking,7
1856,67,Male,134967,Business,Dallas,Gold,10,50,345.49,88,Books,41,14,8,12,18846.29,Credit Card,2
1857,57,Female,146066,Business,Los Angeles,Silver,61,5,140.26,129,Toys,59,5,15,11,784.43,UPI,7
1858,62,Female,100820,Freelancer,Los Angeles,Gold,81,47,337.02,22,Home,74,6,11,13,13915.65,Credit Card,6
1859,49,Female,74949,Doctor,Seattle,Gold,13,38,462.94,178,Books,94,12,4,8,18840.77,Debit Card,8
1860,46,Male,77543,Business,Seattle,Silver,34,35,460.03,19,Beauty,99,15,7,9,18873.75,Debit Card,9
1861,68,Female,42610,Business,Dallas,Platinum,60,30,362.62,328,Grocery,25,14,9,10,11830.88,Cash,7
1862,20,Male,80226,Doctor,Boston,Bronze,51,50,33.56,241,Books,17,17,1,4,1621.33,Cash,8
1863,57,Male,60167,Freelancer,San Francisco,Platinum,5,25,437.41,239,Fashion,19,2,11,4,10684.89,Debit Card,10
1864,51,Male,82381,Freelancer,New York,Silver,74,24,332.31,28,Books,82,15,4,4,6634.15,Debit Card,7
1865,57,Female,61710,Freelancer,Miami,Silver,32,30,162.11,244,Toys,82,24,0,4,4914.1,Debit Card,7
1866,44,Female,31766,Freelancer,Phoenix,Bronze,12,20,101.75,119,Toys,46,0,4,13,2281.39,Net Banking,1
1867,30,Female,117416,Student,Miami,Silver,52,3,66.94,313,Home,35,23,6,3,239.26,Credit Card,5
1868,62,Female,27780,Doctor,Los Angeles,Silver,13,32,34.62,31,Toys,74,0,0,5,1063.22,Net Banking,10
1869,50,Male,63458,Retired,Seattle,Platinum,85,8,379.51,139,Beauty,23,18,12,11,2957.59,UPI,5
1870,23,Female,71221,Student,San Francisco,Platinum,54,50,125.56,157,Grocery,86,5,9,0,5159.92,Cash,4
1871,41,Male,16509,Business,Houston,Platinum,97,47,21.88,59,Fashion,44,10,2,15,1141.53,Credit Card,1
1872,36,Female,104493,Student,Chicago,Bronze,54,23,204.66,138,Toys,9,23,5,1,5115.12,Cash,7
1873,33,Female,131850,Other,Houston,Platinum,41,46,246.48,356,Beauty,32,6,15,8,10897.83,UPI,8
1874,57,Female,46533,Retired,Houston,Silver,48,16,92.92,211,Electronics,90,2,11,5,1611.17,Debit Card,5
1875,45,Male,123144,Retired,Boston,Gold,51,35,31.58,138,Home,93,27,0,5,1159.69,Cash,4
1876,50,Male,137402,Retired,Boston,Bronze,47,25,102.67,110,Fashion,59,5,2,9,2842.93,Debit Card,9
1877,65,Male,93467,Freelancer,Seattle,Silver,50,15,342.76,335,Toys,42,0,7,3,4759.17,Cash,3
1878,58,Male,16359,Business,Houston,Platinum,96,8,50.3,250,Grocery,62,7,8,4,426.68,UPI,3
1879,30,Male,134119,Student,Phoenix,Platinum,76,34,281.97,98,Beauty,19,24,6,8,10068.71,Cash,4
1880,60,Female,35344,Student,Los Angeles,Silver,46,25,81.74,177,Electronics,93,24,3,1,1708.77,UPI,7
1881,62,Male,133499,Other,Houston,Gold,99,49,105.89,0,Fashion,35,13,15,2,4733.99,Credit Card,2
1882,42,Male,84778,Doctor,San Francisco,Bronze,100,44,202.61,88,Electronics,76,3,6,9,10199.29,Net Banking,8
1883,70,Male,35601,Student,Chicago,Gold,38,19,59.4,112,Fashion,8,3,6,15,973.36,UPI,2
1884,59,Male,116013,Other,New York,Silver,92,43,94.87,282,Grocery,89,22,10,7,3882.89,Cash,4
1885,53,Female,45782,Business,Seattle,Bronze,13,50,180.99,115,Fashion,91,22,6,8,8054.91,Credit Card,2
1886,44,Male,126095,Freelancer,Seattle,Bronze,76,13,171.54,31,Grocery,43,15,7,14,1909.06,UPI,9
1887,55,Female,112123,Doctor,Dallas,Bronze,22,46,377.14,261,Toys,45,10,10,11,14825.36,Cash,4
1888,24,Female,59458,Other,San Francisco,Gold,2,12,46.64,40,Fashion,6,21,13,4,525.64,UPI,5
1889,22,Female,139225,Student,Boston,Bronze,93,15,431.62,166,Toys,13,6,13,2,7260.21,UPI,9
1890,60,Male,111188,Doctor,Los Angeles,Silver,77,23,409.95,342,Books,11,29,3,14,11187.58,Debit Card,2
1891,62,Female,136292,Teacher,Phoenix,Bronze,99,40,385.34,220,Beauty,70,0,3,0,15856.5,Cash,4
1892,68,Male,105570,Doctor,San Francisco,Silver,13,2,161.59,213,Toys,69,8,8,11,340.66,Net Banking,6
1893,48,Male,138791,Retired,Miami,Gold,57,40,413.21,312,Fashion,7,29,7,1,18371.28,UPI,1
1894,40,Male,140291,Freelancer,New York,Silver,34,23,99.57,345,Fashion,55,28,14,3,2438.33,Credit Card,1
1895,59,Male,113375,Retired,Chicago,Silver,19,5,70.96,130,Sports,55,5,10,3,404.23,Cash,7
1896,27,Male,53314,Teacher,Dallas,Silver,9,34,32.03,47,Sports,19,23,3,15,1256.32,Net Banking,6
1897,49,Female,123880,Retired,San Francisco,Bronze,95,10,470.26,133,Toys,6,30,5,4,4942.82,Cash,4
1898,60,Female,115326,Teacher,Dallas,Gold,33,27,160.93,6,Fashion,89,12,8,8,4402.57,Net Banking,5
1899,70,Male,136026,Doctor,New York,Bronze,27,42,459.63,43,Sports,9,20,15,13,18463.18,Net Banking,5
1900,47,Female,77451,Business,Houston,Bronze,45,4,143.58,316,Toys,20,11,15,15,565.49,UPI,9
1901,56,Male,60708,Freelancer,Dallas,Gold,2,4,454.71,85,Grocery,25,22,12,11,1706.41,Debit Card,5
1902,48,Female,32682,Business,Seattle,Bronze,79,8,452.93,47,Toys,50,18,13,1,3517.59,Cash,2
1903,35,Female,117406,Freelancer,Boston,Gold,83,6,462.6,316,Sports,72,25,11,14,3219.37,Credit Card,7
1904,53,Female,74372,Other,Houston,Bronze,57,25,253.12,352,Fashion,50,16,13,14,7523.67,Credit Card,10
1905,19,Female,54477,Freelancer,San Francisco,Gold,95,27,434.31,239,Home,38,22,14,1,11076.89,Debit Card,9
1906,31,Female,148692,Retired,Chicago,Bronze,57,47,475.88,151,Electronics,66,20,5,15,19866.61,Credit Card,7
1907,30,Male,68024,Retired,Seattle,Bronze,16,50,169.06,257,Home,57,0,10,4,7026.78,Cash,8
1908,46,Male,32824,Business,New York,Bronze,79,40,215.25,43,Home,22,8,4,11,9770.39,Credit Card,10
1909,29,Female,146837,Engineer,Houston,Gold,6,20,362.43,167,Home,56,24,11,1,8323.32,Cash,3
1910,56,Male,112151,Other,Seattle,Platinum,14,27,157.18,274,Home,36,21,6,13,4159.78,Net Banking,9
1911,19,Female,63926,Teacher,Boston,Silver,27,7,379.37,190,Toys,51,26,1,9,2700.65,UPI,7
1912,49,Male,27975,Retired,Houston,Gold,38,23,46.21,151,Electronics,68,24,7,4,1164.79,Debit Card,10
1913,30,Female,89877,Other,Los Angeles,Silver,19,20,266.51,49,Fashion,1,22,10,11,5065.51,Debit Card,4
1914,63,Female,92870,Retired,Los Angeles,Platinum,37,49,69.93,275,Toys,48,7,6,4,3017.42,Credit Card,10
1915,44,Female,96371,Retired,Houston,Gold,4,34,153.73,312,Fashion,33,26,5,6,4421.23,Cash,7
1916,66,Male,115970,Doctor,Houston,Bronze,58,29,136.73,305,Electronics,24,1,2,3,3545.24,UPI,3
1917,58,Male,113066,Business,Los Angeles,Gold,90,44,421.08,94,Books,49,17,8,1,19604.59,Credit Card,10
1918,34,Female,76562,Business,San Francisco,Silver,9,5,104.82,241,Books,69,3,14,7,492.17,UPI,7
1919,57,Female,55409,Retired,Dallas,Bronze,40,27,406.14,104,Beauty,58,0,1,13,12578.64,Cash,3
1920,48,Male,24834,Doctor,Chicago,Bronze,15,12,399.04,362,Toys,48,23,3,0,3998.47,Credit Card,2
1921,51,Male,117192,Retired,Seattle,Platinum,4,17,254.45,348,Sports,57,20,1,15,4180.95,Credit Card,1
1922,41,Male,15840,Teacher,Seattle,Platinum,90,37,124.58,259,Beauty,64,11,5,9,4161.35,UPI,6
1923,62,Male,46568,Doctor,New York,Gold,52,34,121.18,137,Grocery,99,15,11,0,4759.06,Credit Card,3
1924,52,Male,25846,Retired,Chicago,Platinum,18,30,237.81,318,Home,53,29,6,11,8008.15,UPI,10
1925,65,Female,101038,Freelancer,Phoenix,Gold,53,36,14.32,182,Books,60,22,8,11,615.39,Cash,2
1926,23,Male,144789,Engineer,Los Angeles,Bronze,59,6,270.36,56,Home,90,30,5,10,1375.12,UPI,3
1927,36,Female,122460,Freelancer,Phoenix,Bronze,99,32,476.86,239,Electronics,43,27,5,11,16982.28,Cash,8
1928,47,Female,89723,Engineer,Boston,Bronze,54,32,85.81,104,Electronics,41,17,4,6,2334.98,Cash,3
1929,24,Male,119194,Doctor,Chicago,Bronze,41,9,290.94,64,Beauty,26,4,9,3,2257.14,Net Banking,4
1930,27,Male,126417,Freelancer,Miami,Bronze,60,22,481.27,139,Grocery,59,15,15,2,8636.33,UPI,2
1931,58,Female,71888,Teacher,New York,Silver,93,10,431.66,61,Beauty,49,8,10,0,4255.66,Debit Card,8
1932,49,Male,56616,Other,Houston,Gold,88,29,426.69,151,Grocery,64,8,11,11,10522.27,Net Banking,6
1933,51,Female,21083,Freelancer,Boston,Gold,4,11,412.71,129,Toys,5,1,9,12,4264.43,Net Banking,9
1934,45,Male,97476,Business,Dallas,Silver,85,28,161.42,125,Fashion,44,13,3,7,4115.15,UPI,8
1935,32,Male,107416,Other,Miami,Platinum,39,2,446.4,211,Home,18,10,9,7,1062.92,Net Banking,4
1936,47,Male,17580,Other,Chicago,Silver,7,21,471.26,161,Fashion,57,1,10,11,10522.96,Net Banking,8
1937,54,Female,137834,Engineer,Chicago,Gold,23,31,252.94,204,Electronics,89,15,3,3,7560.29,Credit Card,1
1938,46,Male,127148,Engineer,Phoenix,Silver,85,41,183.74,28,Fashion,40,20,3,15,8673.75,Cash,9
1939,39,Female,57321,Retired,San Francisco,Bronze,63,17,212.97,181,Beauty,46,18,4,15,2988.85,Debit Card,5
1940,21,Male,24386,Teacher,Phoenix,Platinum,65,27,173.76,50,Grocery,58,12,0,1,4380.49,UPI,4
1941,37,Female,68171,Engineer,Seattle,Bronze,41,30,114.09,234,Electronics,85,16,1,3,3442.68,Credit Card,5
1942,49,Male,146743,Engineer,Phoenix,Silver,89,41,313.04,13,Fashion,24,26,15,6,10544.3,Debit Card,1
1943,53,Female,48545,Retired,San Francisco,Bronze,95,8,285.67,349,Electronics,28,28,2,3,1961.62,Debit Card,2
1944,67,Female,41855,Teacher,Dallas,Silver,44,37,236.67,57,Electronics,46,30,6,12,10140.53,Credit Card,2
1945,21,Female,50790,Freelancer,Boston,Platinum,45,5,56.96,136,Grocery,68,0,12,10,248.3,UPI,9
1946,44,Female,66012,Doctor,Los Angeles,Bronze,69,26,400.48,127,Beauty,72,20,12,10,12168.68,Cash,6
1947,34,Female,132827,Freelancer,Chicago,Gold,95,6,95.72,36,Home,54,18,0,2,481.53,Credit Card,3
1948,29,Female,29260,Business,Houston,Bronze,51,16,66.14,358,Beauty,33,15,14,9,1222.57,Net Banking,4
1949,39,Male,16074,Business,Phoenix,Bronze,65,1,315.3,267,Sports,67,24,2,11,309.46,Debit Card,1
1950,34,Female,16986,Engineer,Miami,Bronze,54,9,205.34,84,Beauty,84,12,6,0,1902.22,Net Banking,7
1951,27,Female,70479,Other,Dallas,Gold,56,21,39.31,209,Toys,35,27,5,8,753.4,UPI,7
1952,18,Female,145833,Business,New York,Bronze,94,7,184.23,138,Fashion,39,18,15,4,1172.69,Cash,8
1953,39,Male,17176,Doctor,Chicago,Silver,82,43,388.17,26,Toys,47,2,1,1,16638.79,Cash,1
1954,43,Male,99258,Engineer,San Francisco,Bronze,72,15,311.47,343,Sports,71,2,3,5,4402.58,Cash,9
1955,35,Male,130188,Retired,Seattle,Bronze,90,24,187.77,232,Sports,91,29,15,1,3745.24,Net Banking,2
1956,67,Female,99153,Business,San Francisco,Gold,40,5,103.98,170,Sports,5,0,15,11,489.47,UPI,1
1957,31,Male,92442,Other,Phoenix,Bronze,58,38,319.58,177,Sports,37,2,0,5,10952.5,Net Banking,1
1958,64,Male,55002,Retired,Boston,Bronze,15,29,444.9,353,Beauty,1,15,11,8,14706.53,Debit Card,8
1959,46,Female,72124,Student,Seattle,Bronze,19,46,326.67,19,Books,86,20,4,1,17061.62,Cash,3
1960,29,Female,64752,Student,Miami,Silver,10,46,408.32,302,Sports,56,7,11,12,16089.12,UPI,6
1961,53,Male,93947,Student,San Francisco,Silver,88,11,265.55,263,Fashion,7,22,1,14,3189.87,Net Banking,6
1962,52,Female,133972,Retired,Miami,Bronze,16,4,361.81,196,Fashion,64,15,13,0,1418.78,Net Banking,2
1963,69,Female,89716,Student,New York,Bronze,43,10,449.15,326,Electronics,8,27,7,6,5153.56,Net Banking,2
1964,29,Female,25073,Freelancer,Miami,Silver,31,34,388.86,63,Books,94,12,9,7,12025.98,Net Banking,1
1965,24,Female,52251,Student,Chicago,Bronze,16,4,455.83,43,Books,64,12,5,1,1522.92,Net Banking,9
1966,46,Male,111496,Engineer,Dallas,Gold,80,10,221.26,243,Toys,57,10,11,3,2478.55,Debit Card,1
1967,28,Female,53897,Teacher,Seattle,Gold,28,33,453.07,11,Fashion,28,3,11,7,17154.29,Cash,6
1968,50,Male,66616,Freelancer,Chicago,Silver,62,46,314.57,360,Home,26,3,0,11,16441.13,Net Banking,9
1969,23,Male,19482,Other,Houston,Bronze,20,18,436.32,259,Electronics,34,14,13,14,7317.5,Debit Card,6
1970,64,Male,122990,Teacher,San Francisco,Gold,35,12,29.29,295,Toys,96,27,1,13,285.52,UPI,6
1971,32,Male,58284,Engineer,San Francisco,Gold,59,23,332.35,256,Fashion,22,3,3,3,6542.13,UPI,4
1972,49,Female,87932,Other,Houston,Silver,9,44,425.51,234,Sports,20,7,2,11,21863.08,Debit Card,5
1973,68,Female,22338,Engineer,Miami,Gold,10,25,95.36,246,Grocery,14,23,8,8,2254.38,Debit Card,1
1974,28,Female,76480,Doctor,Chicago,Gold,45,37,334.28,140,Toys,23,1,0,0,14249.38,Debit Card,3
1975,40,Male,19695,Other,Seattle,Silver,82,4,414.23,305,Sports,67,14,6,9,1975.59,UPI,6
1976,43,Male,29318,Freelancer,Seattle,Bronze,15,13,151.1,180,Beauty,19,22,8,12,1882.36,Net Banking,2
1977,51,Male,65934,Teacher,Houston,Gold,30,18,208.57,364,Electronics,78,27,8,6,4169.4,Cash,1
1978,63,Female,136282,Student,San Francisco,Bronze,48,29,289.06,152,Grocery,39,26,5,2,7273.25,Net Banking,1
1979,51,Male,106891,Engineer,Houston,Gold,96,44,264.39,43,Books,37,13,13,10,11092.21,Credit Card,1
1980,46,Female,83754,Student,New York,Gold,40,30,29.2,108,Toys,99,27,11,11,947.9,Debit Card,10
1981,21,Female,100677,Other,New York,Gold,91,48,58.35,97,Fashion,1,20,15,9,2472.67,Net Banking,10
1982,34,Female,117320,Teacher,New York,Silver,91,38,59.23,226,Sports,19,1,12,10,2088.5,Cash,1
1983,52,Female,148909,Retired,Los Angeles,Bronze,83,28,138.51,80,Books,15,28,6,10,3977.3,Net Banking,6
1984,30,Male,140261,Freelancer,Dallas,Bronze,74,7,130.47,217,Electronics,89,2,15,2,983.14,Credit Card,10
1985,58,Female,120338,Business,Boston,Gold,44,24,373.69,148,Electronics,1,10,7,10,8455.12,Credit Card,4
1986,56,Male,55077,Retired,Phoenix,Gold,46,41,290.64,75,Books,31,6,2,6,11329.03,Net Banking,4
1987,32,Female,94915,Other,Los Angeles,Silver,6,10,384.35,79,Toys,52,15,4,14,3243.71,Cash,4
1988,46,Male,44669,Other,Seattle,Bronze,24,37,44.25,51,Fashion,43,21,12,5,1954.26,Net Banking,8
1989,46,Male,63624,Retired,Miami,Platinum,73,27,247.75,62,Electronics,46,21,3,2,6989.56,Debit Card,7
1990,28,Female,90147,Business,San Francisco,Platinum,91,21,168.65,83,Toys,86,27,8,13,3584.61,Cash,5
1991,69,Female,51943,Other,Miami,Silver,7,36,426.47,342,Fashion,50,6,8,13,13580.29,UPI,7
1992,49,Female,128694,Other,Houston,Silver,6,43,356.82,254,Books,20,21,3,1,15269.8,Cash,8
1993,19,Male,138351,Engineer,San Francisco,Gold,33,29,435.94,58,Toys,62,10,11,10,12375.82,Net Banking,10
1994,64,Female,53985,Doctor,Phoenix,Gold,85,7,32.75,7,Fashion,43,1,13,10,207.11,Net Banking,8
1995,31,Female,147574,Other,Phoenix,Platinum,38,13,363.2,306,Sports,5,7,1,5,4620.13,UPI,7
1996,37,Male,68836,Student,Chicago,Bronze,44,45,274.6,75,Electronics,79,6,0,9,10891.61,Credit Card,7
1997,39,Female,114714,Engineer,Miami,Silver,17,23,414.25,77,Books,66,5,2,6,10328.94,Net Banking,9
1998,28,Male,18770,Doctor,Boston,Silver,31,50,258.51,123,Beauty,12,15,1,8,15039.0,Credit Card,5
1999,44,Female,57865,Student,Phoenix,Gold,37,25,274.7,11,Beauty,57,20,4,8,5501.11,Credit Card,8
2000,20,Male,68811,Teacher,Dallas,Gold,11,41,35.37,279,Sports,60,10,14,8,1482.8,Debit Card,2
2001,34,Male,19001,Retired,Chicago,Platinum,92,45,337.58,44,Books,55,21,5,10,16602.77,Credit Card,8
2002,61,Female,75848,Retired,Boston,Silver,5,13,143.84,52,Sports,71,29,13,9,2174.49,Cash,1
2003,45,Male,67635,Business,San Francisco,Gold,64,37,19.65,180,Fashion,66,2,8,0,685.88,Credit Card,9
2004,46,Female,35946,Doctor,Miami,Silver,76,30,42.55,233,Books,72,17,3,3,1484.39,Debit Card,1
2005,38,Female,110852,Student,Miami,Silver,3,26,479.07,185,Beauty,73,8,3,3,14077.83,Net Banking,8
2006,64,Male,106103,Other,Boston,Bronze,56,12,179.58,292,Electronics,27,16,14,9,2176.69,Net Banking,3
2007,33,Female,58744,Engineer,Boston,Gold,63,1,435.36,74,Beauty,28,1,3,7,393.03,UPI,4
2008,54,Male,132729,Student,Phoenix,Platinum,38,18,480.24,197,Toys,37,26,0,2,9172.72,Credit Card,10
2009,37,Male,38671,Engineer,San Francisco,Bronze,54,21,472.2,78,Sports,79,9,13,15,8966.46,Cash,7
2010,23,Male,72813,Retired,Chicago,Bronze,2,24,442.05,232,Sports,19,9,2,13,9967.75,UPI,10
2011,36,Male,111748,Business,Dallas,Gold,90,17,448.47,167,Books,94,16,3,0,7523.32,UPI,3
2012,22,Male,119733,Other,Seattle,Silver,2,42,151.61,22,Books,51,7,13,2,6362.46,Debit Card,9
2013,20,Male,141865,Business,Seattle,Platinum,12,9,84.22,229,Books,13,19,0,5,663.73,Net Banking,3
2014,18,Male,98551,Student,Los Angeles,Bronze,40,40,323.24,304,Books,45,5,4,6,13931.91,Credit Card,8
2015,55,Male,144335,Student,Dallas,Bronze,2,28,249.17,134,Fashion,6,10,9,8,8349.55,Credit Card,8
2016,32,Female,54220,Engineer,San Francisco,Silver,80,15,58.39,292,Electronics,94,4,8,4,786.12,Net Banking,3
2017,51,Female,32158,Engineer,San Francisco,Bronze,94,13,342.0,37,Sports,1,23,0,4,4542.99,Debit Card,3
2018,52,Male,95992,Doctor,Chicago,Bronze,57,28,285.8,231,Toys,25,9,13,2,7857.45,Debit Card,10
2019,66,Female,77576,Retired,Miami,Bronze,47,17,432.9,354,Home,99,22,11,11,6793.45,Debit Card,5
2020,42,Female,103027,Doctor,Los Angeles,Bronze,36,9,308.5,167,Electronics,26,0,6,2,2687.41,Cash,8
2021,41,Female,73830,Doctor,Chicago,Bronze,4,21,291.23,284,Beauty,13,7,1,8,6685.15,Credit Card,6
2022,29,Female,27419,Student,Los Angeles,Platinum,75,30,225.97,102,Fashion,19,3,9,2,6547.9,Debit Card,5
2023,35,Female,48697,Freelancer,Miami,Bronze,24,11,236.77,144,Books,10,6,11,2,2611.51,Debit Card,5
2024,32,Female,99932,Freelancer,Houston,Silver,82,30,477.65,242,Beauty,45,18,10,15,14199.04,Net Banking,6
2025,61,Male,134712,Freelancer,Los Angeles,Gold,91,36,77.84,147,Books,71,14,8,8,2864.15,UPI,8
2026,33,Female,110428,Freelancer,Chicago,Silver,62,25,228.65,152,Home,15,1,3,3,5238.81,UPI,6
2027,44,Female,101649,Doctor,Houston,Silver,2,7,331.36,315,Sports,87,16,14,12,2328.52,UPI,7
2028,25,Female,137649,Student,Boston,Gold,15,20,222.18,318,Toys,100,25,13,5,3794.55,Credit Card,9
2029,63,Female,26136,Freelancer,Dallas,Gold,75,35,148.78,294,Sports,31,20,2,0,5710.08,Cash,7
2030,42,Male,99739,Other,Phoenix,Gold,91,10,150.81,125,Toys,8,30,11,10,1273.39,Credit Card,9
2031,34,Male,77502,Business,Chicago,Silver,49,35,124.49,191,Electronics,30,15,12,1,4853.79,Net Banking,10
2032,46,Male,38039,Teacher,Boston,Gold,87,1,178.51,82,Books,98,26,10,10,201.75,Debit Card,1
2033,70,Male,81720,Business,Seattle,Silver,35,14,437.12,20,Toys,97,13,6,13,4942.41,Credit Card,3
2034,25,Female,138168,Student,Seattle,Bronze,94,45,257.56,287,Sports,1,2,5,2,13124.0,UPI,6
2035,32,Male,103263,Student,San Francisco,Gold,47,5,127.72,283,Toys,16,26,10,1,676.45,Cash,3
2036,44,Male,74155,Teacher,Chicago,Silver,24,40,198.42,358,Home,11,18,9,13,6657.1,Net Banking,2
2037,63,Male,31911,Engineer,New York,Platinum,83,44,61.86,267,Electronics,27,7,7,10,3263.94,Debit Card,5
2038,67,Male,15916,Engineer,Phoenix,Bronze,60,38,452.98,120,Home,86,16,8,9,18008.26,Cash,1
2039,69,Female,74052,Other,New York,Bronze,93,34,210.02,110,Grocery,40,28,11,14,6857.5,Credit Card,5
2040,24,Male,32790,Engineer,Dallas,Platinum,77,24,490.39,78,Sports,83,17,14,15,13582.85,Credit Card,8
2041,20,Female,136937,Doctor,San Francisco,Bronze,48,4,180.29,347,Beauty,44,0,6,2,588.93,Cash,9
2042,46,Male,100053,Engineer,Phoenix,Platinum,23,27,419.81,84,Beauty,70,6,5,11,12320.29,Cash,10
2043,61,Female,64950,Retired,Houston,Platinum,12,5,135.63,79,Electronics,57,3,13,13,581.51,Debit Card,6
2044,70,Female,131211,Doctor,Los Angeles,Gold,41,43,47.31,150,Home,48,2,11,4,2077.05,UPI,4
2045,41,Male,71361,Doctor,Phoenix,Silver,29,13,25.55,243,Home,40,18,7,11,278.47,Cash,3
2046,20,Male,76451,Other,Miami,Silver,70,40,307.02,217,Home,39,9,15,0,13160.82,Debit Card,8
2047,37,Male,52696,Engineer,Houston,Gold,51,21,162.67,14,Home,84,26,8,0,3368.15,Cash,2
2048,63,Male,117395,Engineer,Los Angeles,Gold,23,37,227.32,100,Grocery,3,2,13,10,6751.22,Cash,8
2049,32,Female,139121,Other,Dallas,Silver,31,32,411.14,267,Toys,55,1,7,6,10900.92,UPI,7
2050,42,Female,61728,Teacher,Seattle,Platinum,21,38,131.57,34,Sports,1,4,5,8,5405.71,Debit Card,2
2051,47,Male,70401,Freelancer,Los Angeles,Silver,24,31,161.24,350,Home,23,16,7,14,4797.42,Credit Card,2
2052,31,Male,40103,Other,Miami,Platinum,72,32,424.21,282,Fashion,67,4,8,8,14509.49,Debit Card,2
2053,24,Female,65044,Teacher,San Francisco,Bronze,9,15,251.45,124,Fashion,62,25,5,6,3605.56,Debit Card,1
2054,34,Male,72730,Doctor,Los Angeles,Bronze,22,48,415.56,223,Books,34,13,13,10,18843.32,Debit Card,7
2055,61,Female,40825,Teacher,Phoenix,Silver,4,30,193.49,160,Books,17,15,5,10,6628.77,UPI,8
2056,37,Male,52271,Doctor,Phoenix,Bronze,77,43,205.2,12,Beauty,48,23,1,12,10075.87,UPI,7
2057,53,Female,92256,Student,San Francisco,Gold,98,7,91.9,164,Sports,91,22,8,1,751.32,Net Banking,4
2058,26,Female,81433,Doctor,Phoenix,Bronze,3,38,459.01,257,Fashion,53,30,7,10,19696.08,Credit Card,9
2059,55,Female,116999,Doctor,Dallas,Platinum,28,31,449.42,292,Electronics,61,13,4,6,11855.77,UPI,2
2060,65,Female,38572,Teacher,Miami,Bronze,90,44,492.27,113,Sports,87,29,9,12,17903.99,UPI,5
2061,39,Female,53546,Freelancer,Chicago,Silver,98,26,207.2,119,Beauty,11,26,2,11,4435.64,Debit Card,2
2062,70,Male,69165,Student,Chicago,Bronze,15,36,411.12,68,Books,15,30,8,8,17643.2,Debit Card,3
2063,70,Female,78690,Business,Seattle,Silver,8,46,213.33,273,Grocery,90,18,10,14,9817.7,Cash,2
2064,19,Male,51948,Business,Boston,Bronze,48,43,232.61,47,Electronics,11,12,9,6,8462.57,Cash,8
2065,41,Female,42007,Freelancer,Dallas,Bronze,99,26,416.7,336,Electronics,7,11,13,1,11026.16,Cash,10
2066,25,Female,115819,Business,Boston,Gold,88,44,96.91,321,Toys,47,24,12,14,4622.73,UPI,6
2067,28,Male,106207,Student,Chicago,Bronze,52,2,117.95,361,Home,8,26,6,15,197.64,Cash,5
2068,30,Male,91772,Engineer,Los Angeles,Bronze,55,43,164.22,57,Sports,5,25,12,14,6627.62,Credit Card,5
2069,34,Male,37024,Student,Los Angeles,Gold,37,45,396.21,77,Toys,81,15,8,6,15603.08,Cash,9
2070,25,Male,97912,Teacher,Los Angeles,Bronze,4,43,192.6,203,Books,87,28,12,13,9856.77,Net Banking,2
2071,38,Female,100481,Other,Phoenix,Silver,55,9,185.5,224,Grocery,66,22,13,3,1548.11,Net Banking,1
2072,35,Male,103553,Retired,Phoenix,Bronze,12,48,499.42,262,Electronics,91,16,15,7,25798.89,Debit Card,6
2073,47,Female,147828,Doctor,New York,Bronze,19,5,198.07,102,Grocery,63,21,6,2,1156.11,UPI,8
2074,35,Male,117488,Doctor,Los Angeles,Silver,79,27,131.41,108,Toys,21,19,11,11,4063.52,Net Banking,8
2075,63,Male,111741,Other,Los Angeles,Bronze,57,12,315.37,264,Beauty,71,5,7,13,3623.94,Credit Card,6
2076,64,Female,93210,Teacher,Houston,Gold,94,35,402.92,324,Electronics,90,13,13,4,13035.58,Debit Card,3
2077,48,Female,62367,Teacher,San Francisco,Platinum,37,29,44.11,55,Books,94,15,9,2,1437.42,Net Banking,3
2078,55,Male,74884,Retired,Chicago,Bronze,76,16,313.26,311,Fashion,12,30,13,6,4421.04,Cash,2
2079,49,Female,117572,Retired,Phoenix,Platinum,83,19,27.51,251,Books,11,2,4,15,568.13,Net Banking,2
2080,28,Female,68251,Doctor,Miami,Bronze,98,49,267.9,299,Beauty,54,20,9,14,14887.64,Net Banking,2
2081,62,Female,99821,Retired,Phoenix,Bronze,7,43,135.93,71,Beauty,81,18,9,2,6661.47,Debit Card,7
2082,42,Female,98583,Retired,Miami,Bronze,92,27,160.25,140,Home,10,6,13,9,3476.83,UPI,10
2083,50,Female,25207,Retired,New York,Silver,55,18,238.88,179,Toys,16,30,5,4,4299.62,Cash,9
2084,55,Female,42757,Other,Miami,Silver,28,41,464.28,202,Electronics,15,4,11,0,17951.15,Cash,10
2085,58,Female,48822,Freelancer,Phoenix,Bronze,93,13,358.23,270,Fashion,58,19,7,3,5549.01,Cash,7
2086,25,Female,56340,Engineer,Seattle,Gold,37,30,469.05,109,Toys,79,30,13,5,14319.59,Cash,8
2087,28,Male,58351,Retired,Phoenix,Gold,84,26,333.39,81,Grocery,84,25,15,1,8416.57,UPI,5
2088,39,Female,121311,Engineer,Dallas,Bronze,61,6,13.48,83,Fashion,4,22,13,5,72.61,Cash,2
2089,68,Male,90320,Engineer,Seattle,Gold,75,3,140.14,256,Toys,96,22,6,9,478.54,UPI,8
2090,41,Female,117565,Teacher,Los Angeles,Platinum,39,23,453.83,192,Beauty,22,9,0,6,9683.92,Debit Card,5
2091,58,Female,34937,Retired,Chicago,Bronze,23,12,325.29,138,Electronics,35,8,9,15,4413.67,Credit Card,9
2092,34,Female,26219,Doctor,Miami,Bronze,52,41,491.01,220,Fashion,14,30,3,7,23284.86,UPI,6
2093,29,Female,24399,Freelancer,Phoenix,Silver,84,41,86.42,188,Books,94,2,12,2,2917.03,Cash,7
2094,63,Male,141733,Doctor,Phoenix,Silver,84,15,155.41,348,Fashion,31,26,7,11,2340.46,Debit Card,1
2095,49,Male,35047,Retired,Miami,Silver,11,1,187.56,343,Beauty,74,26,14,9,181.59,Debit Card,8
2096,32,Female,100693,Doctor,Boston,Bronze,66,50,170.01,339,Toys,70,9,10,10,8137.05,Net Banking,7
2097,33,Male,115931,Retired,Chicago,Silver,13,47,133.48,196,Grocery,91,15,8,2,5951.02,Net Banking,7
2098,39,Female,42050,Freelancer,Houston,Silver,77,8,227.3,300,Toys,11,23,14,4,1841.67,Credit Card,7
2099,45,Female,88551,Student,San Francisco,Silver,41,31,324.73,73,Fashion,36,22,5,2,8577.58,Credit Card,7
2100,37,Male,83666,Freelancer,Los Angeles,Bronze,49,11,162.52,197,Home,74,8,10,8,2053.22,Net Banking,1
2101,50,Male,97016,Other,Seattle,Silver,15,17,49.05,323,Toys,80,1,3,6,853.19,Net Banking,9
2102,27,Female,128135,Student,Phoenix,Bronze,56,27,357.18,259,Toys,24,5,1,15,9054.08,Debit Card,7
2103,57,Female,68010,Business,New York,Silver,54,31,234.92,198,Toys,85,4,11,4,6533.96,UPI,7
2104,49,Male,53165,Student,Chicago,Platinum,31,27,282.68,303,Fashion,40,2,8,4,7988.22,Net Banking,1
2105,67,Female,26528,Engineer,Miami,Silver,61,14,233.15,352,Sports,100,6,0,0,3638.47,Cash,6
2106,50,Male,135840,Other,Phoenix,Bronze,58,23,446.28,136,Beauty,42,14,4,8,10021.62,UPI,10
2107,19,Female,52136,Engineer,Seattle,Silver,87,5,283.79,345,Sports,87,20,7,13,1693.96,UPI,8
2108,50,Female,101008,Other,New York,Gold,60,30,462.41,174,Beauty,21,5,3,14,14069.66,Cash,5
2109,50,Male,27076,Freelancer,San Francisco,Gold,53,34,260.18,315,Beauty,96,3,0,1,10540.72,Cash,1
2110,58,Male,138911,Engineer,San Francisco,Silver,86,47,153.37,307,Sports,81,22,3,15,8542.23,Cash,5
2111,30,Male,131625,Engineer,Seattle,Bronze,61,19,184.17,341,Books,51,28,4,6,3638.84,Debit Card,2
2112,47,Female,65298,Business,Chicago,Silver,80,31,265.84,352,Grocery,81,12,4,13,8509.16,Net Banking,2
2113,50,Female,69304,Engineer,New York,Silver,42,16,269.69,303,Grocery,55,22,11,6,3634.43,Net Banking,4
2114,30,Female,94360,Teacher,Miami,Platinum,29,45,346.8,132,Beauty,85,4,13,1,18285.73,Debit Card,4
2115,69,Female,84835,Teacher,New York,Silver,84,27,120.0,26,Books,4,14,0,7,3632.96,UPI,10
2116,43,Male,127424,Teacher,Dallas,Silver,92,26,332.83,256,Books,62,6,14,13,8655.18,Debit Card,7
2117,39,Female,71911,Student,Miami,Silver,27,39,391.51,50,Sports,87,6,1,7,14086.52,Net Banking,9
2118,56,Female,118088,Freelancer,Los Angeles,Bronze,44,29,341.53,143,Fashion,25,9,5,8,11245.6,Credit Card,2
2119,19,Female,30185,Freelancer,Houston,Gold,93,49,246.1,354,Beauty,96,12,9,1,11053.27,Debit Card,8
2120,55,Male,65613,Doctor,Los Angeles,Silver,5,39,495.92,355,Home,70,23,13,0,19664.71,Credit Card,8
2121,56,Female,15386,Business,Houston,Platinum,52,44,208.36,235,Beauty,14,29,4,15,8063.4,Credit Card,8
2122,43,Female,45020,Teacher,Los Angeles,Silver,53,45,62.23,159,Electronics,41,10,8,8,3141.45,Cash,9
2123,63,Male,57678,Teacher,New York,Bronze,52,29,412.54,358,Grocery,57,0,12,13,13173.47,Cash,9
2124,67,Female,76394,Engineer,Chicago,Silver,38,45,113.98,302,Sports,38,19,6,2,4701.9,Cash,10
2125,32,Female,130377,Teacher,Seattle,Bronze,44,46,359.51,270,Fashion,62,10,12,9,14006.28,Credit Card,7
2126,51,Male,136716,Engineer,Phoenix,Bronze,53,47,97.7,153,Home,41,0,4,12,3998.75,Net Banking,5
2127,59,Female,70918,Engineer,Houston,Bronze,2,31,18.27,36,Books,45,2,14,12,592.73,Cash,7
2128,61,Female,130640,Doctor,Phoenix,Gold,54,2,88.3,216,Fashion,80,7,12,1,151.88,Cash,7
2129,66,Female,119446,Student,Dallas,Silver,84,6,194.72,129,Home,96,12,11,9,1084.26,UPI,10
2130,57,Male,109702,Engineer,Dallas,Bronze,77,9,62.24,75,Beauty,16,27,11,1,636.16,Credit Card,10
2131,28,Female,120509,Engineer,Phoenix,Silver,90,15,106.86,287,Toys,19,6,8,1,1334.75,Credit Card,7
2132,20,Female,108608,Freelancer,Dallas,Silver,35,20,384.67,196,Toys,37,2,13,7,7943.22,Cash,8
2133,23,Male,129310,Doctor,Miami,Platinum,46,48,387.24,310,Fashion,85,19,0,2,17842.73,UPI,2
2134,26,Male,60802,Engineer,Phoenix,Silver,72,2,410.57,216,Fashion,79,1,2,0,696.43,UPI,4
2135,23,Female,49622,Business,Dallas,Gold,92,3,422.17,98,Beauty,61,17,1,7,1271.29,Debit Card,9
2136,26,Female,124935,Student,Houston,Bronze,79,30,216.01,311,Grocery,26,4,14,1,6523.45,Debit Card,4
2137,56,Female,132919,Other,Chicago,Gold,55,8,435.1,284,Electronics,94,28,11,5,3311.06,Cash,2
2138,48,Female,148669,Business,Dallas,Gold,72,40,267.71,229,Grocery,79,17,6,7,8803.68,Credit Card,7
2139,49,Male,84519,Teacher,Phoenix,Platinum,11,21,240.59,108,Grocery,64,15,8,9,4459.98,UPI,6
2140,58,Female,59772,Student,Houston,Bronze,29,39,362.08,339,Electronics,13,26,15,8,13582.93,UPI,4
2141,67,Male,137431,Teacher,Phoenix,Silver,69,43,114.77,163,Toys,91,6,13,0,4495.34,UPI,8
2142,29,Male,111090,Freelancer,San Francisco,Silver,63,13,396.85,115,Beauty,87,0,12,8,4458.51,Credit Card,6
2143,25,Female,59871,Retired,New York,Bronze,47,40,220.44,70,Grocery,34,8,11,7,8771.63,Debit Card,8
2144,25,Female,41372,Retired,New York,Silver,7,41,72.37,213,Sports,98,14,1,5,2845.64,Cash,4
2145,67,Male,54080,Retired,New York,Platinum,64,48,68.46,337,Sports,23,25,11,11,3502.88,Debit Card,2
2146,45,Male,121242,Engineer,Los Angeles,Silver,82,37,90.8,52,Electronics,20,0,5,4,3440.81,UPI,6
2147,37,Female,57722,Doctor,Miami,Platinum,64,32,446.38,84,Sports,54,26,1,15,12397.2,UPI,9
2148,64,Male,44048,Business,Phoenix,Bronze,92,14,495.56,341,Toys,73,16,2,5,7458.63,Credit Card,9
2149,24,Female,100205,Teacher,Miami,Gold,12,1,184.92,75,Beauty,58,29,0,1,182.36,Credit Card,9
2150,28,Female,69711,Engineer,Phoenix,Silver,12,27,153.15,266,Fashion,59,8,5,10,3495.7,Credit Card,3
2151,37,Male,35968,Retired,San Francisco,Silver,36,24,117.2,247,Toys,20,22,1,2,2271.0,Cash,3
2152,33,Male,26292,Business,Dallas,Platinum,29,49,413.67,331,Beauty,39,29,2,14,21294.86,Net Banking,10
2153,21,Female,94459,Business,Los Angeles,Bronze,11,22,112.51,285,Electronics,78,14,5,8,2592.69,Net Banking,3
2154,23,Male,65192,Freelancer,Chicago,Gold,53,14,462.8,78,Fashion,90,9,5,2,7309.76,Cash,5
2155,39,Female,99193,Freelancer,Phoenix,Silver,70,45,337.0,106,Sports,91,27,3,12,16756.92,Cash,5
2156,43,Female,84165,Retired,Houston,Bronze,85,8,449.59,81,Grocery,98,19,0,15,4139.83,Cash,5
2157,20,Female,82650,Teacher,Dallas,Platinum,74,27,281.46,201,Books,93,2,6,9,6968.42,Debit Card,8
2158,58,Male,144858,Retired,Seattle,Silver,96,3,348.43,229,Toys,32,27,14,15,1008.99,Cash,10
2159,59,Female,116398,Retired,Seattle,Gold,47,33,313.53,226,Sports,41,4,1,6,8533.47,Debit Card,8
2160,31,Female,112885,Engineer,Chicago,Bronze,33,47,417.29,19,Beauty,69,1,5,10,18917.15,Credit Card,8
2161,28,Female,115588,Doctor,Houston,Gold,81,21,419.57,267,Beauty,68,21,6,12,7823.32,UPI,9
2162,35,Female,118356,Retired,New York,Silver,67,32,299.0,322,Books,87,5,13,12,10736.51,Net Banking,10
2163,29,Female,98509,Teacher,Los Angeles,Bronze,43,40,319.93,177,Toys,21,15,1,3,13597.11,UPI,6
2164,40,Female,66672,Business,Miami,Silver,18,41,461.72,139,Electronics,97,11,15,11,21063.54,Net Banking,2
2165,29,Female,37113,Business,Boston,Bronze,74,45,465.63,309,Grocery,24,16,14,10,21728.48,Credit Card,9
2166,30,Female,15694,Other,Boston,Silver,53,44,335.48,79,Grocery,16,11,5,12,15339.38,Net Banking,6
2167,42,Female,30588,Student,Los Angeles,Bronze,39,41,13.8,181,Fashion,32,25,0,8,505.88,Credit Card,1
2168,62,Female,79373,Retired,Dallas,Bronze,72,32,61.16,73,Toys,83,24,5,11,2090.06,UPI,5
2169,68,Female,100603,Other,San Francisco,Bronze,34,24,430.39,146,Fashion,26,16,7,12,8858.34,Debit Card,7
2170,36,Male,21704,Other,Dallas,Silver,37,11,51.51,232,Beauty,3,21,7,3,515.81,Net Banking,1
2171,63,Female,55136,Engineer,Seattle,Silver,41,37,114.62,141,Electronics,99,6,6,9,3698.01,Cash,7
2172,53,Female,82507,Student,Miami,Silver,97,21,122.97,149,Books,82,23,3,14,3046.7,Debit Card,5
2173,62,Female,62361,Freelancer,Seattle,Bronze,49,18,304.12,131,Beauty,7,15,3,12,6345.84,Debit Card,5
2174,25,Male,73847,Doctor,Phoenix,Silver,10,11,292.55,238,Home,96,17,4,12,3700.55,Credit Card,2
2175,46,Female,121359,Teacher,Seattle,Gold,40,27,151.81,314,Toys,88,26,7,13,4853.35,UPI,4
2176,70,Male,133906,Retired,Boston,Bronze,18,43,111.73,161,Grocery,16,7,13,9,5020.77,Cash,9
2177,49,Female,29677,Business,Boston,Gold,25,38,384.62,319,Grocery,53,26,3,5,16923.05,UPI,2
2178,68,Female,42818,Engineer,Miami,Silver,41,1,468.37,249,Beauty,88,25,8,11,429.38,UPI,9
2179,61,Male,16868,Business,Seattle,Gold,36,29,35.87,127,Books,4,29,2,15,992.28,Debit Card,8
2180,35,Female,98591,Retired,Los Angeles,Bronze,2,21,75.26,273,Grocery,45,30,8,1,1559.58,Cash,4
2181,23,Male,138962,Freelancer,Los Angeles,Bronze,83,29,324.66,81,Toys,32,17,1,6,7868.82,Net Banking,2
2182,35,Male,82264,Student,Chicago,Gold,74,9,404.18,231,Books,98,1,5,2,4110.06,Cash,6
2183,36,Female,88168,Retired,San Francisco,Gold,49,7,397.68,30,Toys,83,8,14,0,2359.71,Credit Card,7
2184,39,Female,86939,Student,Miami,Bronze,67,38,362.64,233,Fashion,78,22,4,11,15432.05,Debit Card,2
2185,54,Female,30732,Teacher,Seattle,Bronze,53,31,444.84,83,Grocery,58,23,4,6,16119.21,Cash,8
2186,49,Female,70244,Engineer,Miami,Silver,19,27,116.5,41,Fashion,13,15,14,4,3230.84,Credit Card,9
2187,58,Male,24340,Freelancer,Dallas,Silver,26,42,62.57,201,Sports,22,16,14,10,2276.74,Net Banking,5
2188,20,Male,37394,Engineer,New York,Gold,54,32,311.53,250,Books,95,9,10,11,9716.57,UPI,6
2189,45,Female,113557,Teacher,Houston,Bronze,51,5,412.92,84,Electronics,44,21,14,6,1766.35,UPI,6
2190,27,Male,34159,Freelancer,Dallas,Silver,25,33,295.2,182,Electronics,44,0,5,14,8257.13,Credit Card,10
2191,68,Male,137366,Other,Dallas,Bronze,17,15,481.87,265,Grocery,30,20,9,15,7968.43,Debit Card,2
2192,52,Female,21212,Freelancer,Seattle,Bronze,74,5,399.83,70,Toys,23,17,6,0,1913.62,UPI,1
2193,46,Male,52405,Student,New York,Bronze,61,20,353.39,21,Electronics,12,14,3,4,5654.6,Debit Card,5
2194,32,Male,145632,Student,Los Angeles,Gold,46,38,39.53,75,Home,14,8,14,1,1230.83,Debit Card,6
2195,50,Female,92061,Student,Los Angeles,Silver,55,37,62.79,268,Sports,36,2,3,0,2618.52,UPI,1
2196,24,Male,109296,Business,Dallas,Gold,50,17,394.57,167,Toys,45,15,11,5,7028.85,Net Banking,8
2197,29,Female,70186,Other,San Francisco,Bronze,75,50,107.14,352,Grocery,72,25,8,11,6095.23,Cash,5
2198,66,Male,138145,Doctor,Los Angeles,Bronze,11,4,24.13,350,Fashion,24,22,3,4,87.78,UPI,5
2199,47,Female,25532,Retired,Phoenix,Bronze,12,21,456.27,239,Sports,3,14,15,3,8870.02,Cash,8
2200,38,Male,81540,Student,Dallas,Bronze,40,34,446.49,50,Books,78,1,7,0,15890.34,Debit Card,8
2201,48,Male,118021,Doctor,Houston,Gold,48,40,117.06,82,Home,51,9,9,14,4991.73,Net Banking,9
2202,41,Female,18271,Doctor,New York,Bronze,56,5,392.3,351,Sports,75,3,12,4,1590.01,Debit Card,4
2203,37,Female,15209,Engineer,Chicago,Bronze,8,4,33.51,89,Electronics,55,25,0,6,155.87,Net Banking,3
2204,54,Female,34977,Teacher,Boston,Bronze,88,22,149.68,12,Home,38,18,3,0,3687.01,Credit Card,10
2205,21,Female,124920,Business,Miami,Bronze,14,14,315.6,156,Toys,92,16,1,3,3767.77,Net Banking,2
2206,45,Male,143156,Doctor,Dallas,Gold,87,4,383.96,198,Fashion,87,9,10,5,1235.01,Net Banking,1
2207,61,Male,114588,Retired,Los Angeles,Silver,56,8,15.1,153,Beauty,82,21,9,12,133.81,Debit Card,10
2208,37,Male,83684,Business,Miami,Gold,54,3,169.84,197,Sports,20,20,4,7,591.63,UPI,5
2209,41,Female,138862,Engineer,Houston,Silver,100,46,115.03,223,Electronics,97,5,15,6,4914.86,UPI,6
2210,67,Male,20607,Student,Seattle,Bronze,17,29,499.4,117,Books,2,29,1,14,13444.5,Cash,8
2211,66,Male,109786,Freelancer,Boston,Bronze,45,26,338.78,150,Books,26,0,15,6,8859.79,Credit Card,6
2212,68,Female,141406,Doctor,San Francisco,Gold,5,50,208.78,243,Sports,2,10,6,14,11167.88,Net Banking,2
2213,49,Female,22399,Teacher,Chicago,Gold,3,30,47.07,74,Toys,67,15,9,7,1495.51,Cash,8
2214,58,Male,141812,Freelancer,Seattle,Bronze,9,12,303.35,212,Fashion,84,23,6,12,4008.05,Net Banking,5
2215,53,Female,113662,Engineer,Houston,Bronze,84,15,324.43,274,Toys,74,19,14,14,4115.04,Net Banking,3
2216,70,Male,48617,Business,Los Angeles,Bronze,20,41,410.04,353,Books,42,6,8,6,16944.89,Credit Card,6
2217,51,Male,117826,Retired,Phoenix,Bronze,83,2,151.4,243,Toys,85,23,12,12,303.57,Credit Card,6
2218,53,Female,144851,Other,New York,Bronze,21,1,490.9,177,Fashion,40,2,3,3,579.23,Cash,3
2219,19,Male,126077,Student,Seattle,Bronze,80,47,225.34,107,Grocery,9,13,14,10,12362.86,UPI,7
2220,32,Female,65624,Business,Seattle,Silver,33,47,155.01,290,Toys,2,3,14,5,8014.96,Net Banking,7
2221,51,Female,24628,Teacher,Chicago,Bronze,5,28,180.74,176,Beauty,28,8,4,11,5823.7,Debit Card,7
2222,53,Male,146401,Doctor,New York,Bronze,24,40,264.6,173,Beauty,3,14,2,1,11623.86,Cash,8
2223,23,Male,53619,Teacher,Houston,Gold,63,35,468.98,92,Electronics,16,11,13,7,17861.92,Net Banking,7
2224,56,Male,22032,Business,Miami,Silver,79,34,370.23,99,Beauty,4,24,6,2,11156.38,Credit Card,4
2225,59,Female,53034,Business,Miami,Platinum,26,4,292.78,180,Fashion,23,15,14,15,1226.05,Credit Card,5
2226,68,Male,117658,Freelancer,New York,Bronze,89,18,89.78,158,Beauty,94,22,4,3,1884.99,Credit Card,4
2227,68,Female,136123,Teacher,San Francisco,Silver,92,12,83.18,95,Electronics,77,18,8,1,1098.03,Credit Card,2
2228,29,Female,101158,Teacher,Dallas,Bronze,33,50,256.08,231,Sports,6,13,11,15,13340.35,UPI,7
2229,20,Male,70264,Teacher,San Francisco,Silver,18,21,367.07,250,Beauty,74,26,12,15,6962.83,UPI,3
2230,62,Female,109120,Student,San Francisco,Bronze,18,10,378.0,339,Beauty,55,3,13,14,4050.11,Net Banking,1
2231,35,Male,62850,Retired,Seattle,Bronze,38,21,120.7,66,Toys,81,22,6,8,2379.64,Net Banking,1
2232,57,Male,19722,Business,Seattle,Platinum,33,40,59.05,236,Books,8,28,3,1,1951.23,Cash,9
2233,38,Male,32772,Engineer,Boston,Silver,27,25,198.39,18,Fashion,73,5,6,13,4442.65,Credit Card,3
2234,32,Male,101105,Student,Los Angeles,Platinum,49,50,459.9,286,Fashion,98,21,0,12,21976.17,Credit Card,7
2235,50,Male,19576,Student,Houston,Bronze,50,17,277.23,287,Books,81,10,14,5,5649.21,Debit Card,9
2236,52,Male,114404,Student,Houston,Bronze,15,6,166.85,206,Sports,86,3,14,2,1105.26,Debit Card,7
2237,43,Male,56476,Freelancer,Boston,Silver,77,14,168.58,310,Books,64,25,1,11,2152.02,Credit Card,8
2238,25,Female,39154,Other,Seattle,Gold,52,37,74.72,102,Home,67,7,14,15,3054.81,Debit Card,6
2239,53,Male,32165,Retired,Chicago,Silver,98,40,241.88,158,Home,41,8,13,14,9124.26,Debit Card,3
2240,65,Female,29439,Retired,Chicago,Platinum,68,40,397.77,194,Grocery,40,25,2,5,16597.59,Credit Card,1
2241,47,Female,133211,Engineer,Los Angeles,Bronze,99,18,484.59,50,Beauty,93,22,4,3,9646.1,UPI,10
2242,40,Female,59518,Other,New York,Gold,19,30,255.78,223,Fashion,27,23,11,12,8412.61,UPI,8
2243,59,Male,41962,Teacher,Seattle,Bronze,95,9,91.94,201,Grocery,39,25,4,7,708.32,Net Banking,6
2244,61,Female,52763,Freelancer,Miami,Bronze,25,14,344.65,91,Beauty,53,1,15,2,5453.4,UPI,2
2245,31,Female,131189,Business,Miami,Silver,76,46,380.83,154,Beauty,40,19,6,7,20481.82,Credit Card,10
2246,31,Male,125290,Other,Seattle,Silver,76,46,45.13,175,Toys,52,2,8,2,1854.61,Debit Card,8
2247,19,Male,125814,Doctor,Phoenix,Bronze,25,17,426.57,109,Grocery,37,5,9,13,6756.88,Credit Card,4
2248,54,Female,34464,Freelancer,New York,Bronze,33,34,416.37,298,Fashion,67,1,8,4,16637.93,Cash,10
2249,22,Male,138980,Doctor,Miami,Silver,60,46,241.55,222,Sports,19,22,5,10,13261.01,Debit Card,9
2250,55,Male,57299,Business,Dallas,Silver,37,22,284.61,178,Home,34,7,14,12,6144.96,Credit Card,9
2251,62,Male,46541,Engineer,San Francisco,Bronze,92,32,359.57,225,Beauty,78,19,6,1,9363.95,Net Banking,9
2252,58,Male,88545,Retired,Seattle,Bronze,43,12,341.61,74,Books,85,23,11,5,4809.14,Net Banking,4
2253,64,Female,144188,Doctor,Phoenix,Bronze,9,16,18.1,70,Electronics,66,7,12,6,234.62,Debit Card,6
2254,31,Male,44765,Student,Dallas,Platinum,14,22,69.99,327,Electronics,10,2,14,7,1435.2,UPI,4
2255,56,Male,38769,Freelancer,San Francisco,Platinum,3,38,89.67,208,Electronics,52,16,7,12,2848.21,Net Banking,10
2256,42,Male,35156,Other,San Francisco,Silver,69,50,380.28,102,Books,42,10,3,3,19103.32,Cash,10
2257,37,Female,88631,Other,Los Angeles,Platinum,56,39,225.64,40,Sports,60,2,6,8,7172.22,Debit Card,5
2258,19,Female,52909,Doctor,New York,Silver,26,2,277.3,333,Home,81,25,13,1,493.68,Cash,7
2259,56,Male,84487,Business,Seattle,Bronze,53,45,388.62,279,Beauty,2,30,5,13,17200.01,Debit Card,7
2260,23,Male,62655,Retired,Phoenix,Bronze,41,8,177.08,29,Fashion,91,11,7,13,1175.34,UPI,10
2261,34,Female,66786,Student,Boston,Platinum,82,44,376.96,242,Fashion,1,13,14,7,16456.36,Credit Card,6
2262,42,Male,83304,Other,Los Angeles,Silver,21,1,226.73,51,Toys,50,30,0,5,205.43,Debit Card,10
2263,45,Male,118606,Doctor,Chicago,Gold,39,41,194.82,56,Books,36,28,4,3,7242.9,Credit Card,4
2264,19,Female,135938,Retired,Dallas,Gold,80,40,173.19,189,Home,97,0,11,1,8138.64,Debit Card,5
2265,52,Male,95981,Business,Boston,Silver,23,41,482.82,78,Sports,22,11,12,3,21301.9,UPI,5
2266,54,Male,70107,Engineer,Dallas,Bronze,93,5,388.27,195,Home,99,29,2,14,2274.86,Cash,9
2267,22,Female,147232,Business,Seattle,Bronze,74,45,19.9,196,Beauty,98,17,8,2,922.61,Credit Card,6
2268,18,Female,102897,Engineer,Phoenix,Bronze,58,46,479.13,30,Toys,82,23,8,12,25629.61,Cash,4
2269,57,Male,87577,Other,Phoenix,Bronze,69,36,389.97,331,Grocery,36,3,2,3,15933.77,Debit Card,6
2270,29,Female,119180,Retired,San Francisco,Silver,75,17,83.1,29,Grocery,3,29,9,3,1694.02,Debit Card,7
2271,53,Male,34924,Retired,Boston,Bronze,29,41,47.41,112,Beauty,44,28,13,14,1946.22,UPI,7
2272,62,Male,126193,Student,Phoenix,Bronze,62,30,161.02,137,Beauty,16,24,11,10,5209.56,Debit Card,10
2273,40,Male,16095,Business,Miami,Silver,53,15,315.85,221,Fashion,11,22,14,6,4094.68,UPI,3
2274,64,Female,119205,Teacher,Dallas,Bronze,45,20,312.11,171,Sports,10,2,1,0,7339.56,Debit Card,6
2275,48,Female,29123,Other,San Francisco,Silver,27,36,145.17,154,Toys,51,29,4,14,5014.46,Cash,7
2276,28,Male,60278,Freelancer,Seattle,Silver,34,2,228.38,275,Sports,42,16,3,8,532.88,Debit Card,1
2277,27,Male,112911,Teacher,Phoenix,Silver,14,45,113.83,219,Toys,85,30,14,4,4304.23,Credit Card,4
2278,20,Female,66999,Other,Houston,Platinum,41,4,34.78,275,Home,25,12,6,2,139.97,Net Banking,7
2279,31,Female,46153,Teacher,Seattle,Bronze,74,50,263.32,11,Toys,99,16,11,6,10540.18,Credit Card,10
2280,33,Female,33344,Teacher,Boston,Bronze,60,24,180.03,84,Toys,6,29,13,6,4175.58,Credit Card,1
2281,27,Male,52656,Freelancer,Miami,Gold,42,48,276.01,221,Books,44,16,7,7,11039.61,UPI,8
2282,46,Female,16212,Teacher,New York,Silver,51,42,473.79,48,Books,8,25,3,9,19494.67,Debit Card,6
2283,27,Female,135385,Engineer,Chicago,Gold,75,2,80.25,179,Fashion,34,18,2,3,164.08,Cash,6
2284,29,Male,93784,Business,Houston,Bronze,11,46,10.96,9,Electronics,41,4,14,12,575.2,Debit Card,3
2285,47,Male,113723,Retired,San Francisco,Gold,35,2,47.67,260,Grocery,1,7,8,8,87.54,Net Banking,6
2286,58,Male,96144,Student,Dallas,Platinum,19,50,236.73,319,Beauty,3,23,7,1,12152.81,Debit Card,4
2287,18,Female,46368,Teacher,Boston,Silver,88,1,356.4,185,Home,52,1,10,5,294.59,Net Banking,9
2288,22,Male,76160,Retired,Boston,Bronze,65,13,294.57,228,Grocery,91,24,10,2,4462.8,Net Banking,4
2289,37,Male,25715,Teacher,New York,Gold,76,6,252.5,157,Grocery,77,8,6,7,1485.75,Credit Card,6
2290,25,Male,73784,Other,Houston,Gold,61,22,183.44,272,Home,43,6,10,7,3636.29,Net Banking,6
2291,60,Male,144193,Student,Dallas,Gold,47,17,161.89,322,Sports,47,15,7,15,2711.65,Net Banking,1
2292,29,Female,114644,Other,Chicago,Bronze,14,49,194.38,20,Fashion,83,11,7,5,9454.16,Cash,4
2293,18,Male,41797,Student,Los Angeles,Gold,67,22,309.7,15,Electronics,19,25,9,3,7476.47,UPI,9
2294,37,Female,62573,Teacher,Los Angeles,Bronze,52,43,92.2,282,Electronics,70,20,7,13,4717.2,Debit Card,10
2295,45,Female,91120,Engineer,Boston,Bronze,32,6,387.97,114,Toys,47,4,10,7,2035.58,Cash,6
2296,60,Female,29780,Retired,Houston,Silver,80,3,291.87,5,Home,78,23,0,5,719.57,UPI,4
2297,54,Male,52905,Student,New York,Bronze,10,46,141.89,297,Home,5,30,3,11,6933.46,Credit Card,7
2298,64,Female,131049,Business,Boston,Silver,17,6,255.56,258,Toys,64,23,9,8,1769.24,Cash,10
2299,54,Male,144651,Retired,Los Angeles,Silver,40,17,481.76,39,Fashion,45,20,15,13,8402.99,Cash,7
2300,29,Male,48359,Business,Boston,Bronze,68,35,20.04,275,Grocery,64,21,6,6,583.53,Credit Card,5
2301,54,Male,81062,Retired,Los Angeles,Silver,63,49,107.77,231,Fashion,45,5,5,8,5115.5,Net Banking,4
2302,66,Female,88391,Engineer,Houston,Platinum,15,50,229.71,6,Books,36,21,2,12,12196.37,Credit Card,4
2303,66,Male,58463,Other,Houston,Bronze,97,37,322.84,314,Fashion,9,20,2,13,11123.49,Debit Card,7
2304,61,Male,114596,Freelancer,New York,Silver,39,47,113.99,92,Books,23,24,11,15,6096.67,Credit Card,6
2305,45,Male,110018,Other,San Francisco,Bronze,57,35,466.39,307,Beauty,32,29,3,7,14526.05,Cash,4
2306,64,Female,31571,Doctor,San Francisco,Silver,10,23,324.86,20,Toys,93,16,13,13,7066.79,Credit Card,3
2307,32,Female,40104,Engineer,Boston,Bronze,71,8,439.94,10,Beauty,45,14,9,15,4105.78,Debit Card,2
2308,23,Female,23625,Teacher,Boston,Bronze,97,7,171.37,49,Grocery,28,9,5,3,1234.88,Net Banking,4
2309,61,Male,54199,Doctor,Boston,Bronze,17,50,416.19,264,Sports,52,2,13,11,16699.5,Net Banking,7
2310,37,Female,135725,Teacher,New York,Platinum,76,10,195.33,44,Electronics,11,6,0,5,1753.3,UPI,2
2311,67,Male,46218,Business,Seattle,Silver,17,26,133.85,284,Beauty,19,28,9,13,3832.73,UPI,9
2312,31,Male,106916,Student,Boston,Silver,16,10,456.71,317,Grocery,64,24,3,6,3748.76,Debit Card,9
2313,19,Female,138182,Retired,San Francisco,Bronze,78,19,55.19,270,Home,65,1,8,3,1255.42,UPI,6
2314,26,Male,35566,Teacher,San Francisco,Silver,3,23,472.02,274,Fashion,73,12,6,3,12584.4,Net Banking,9
2315,54,Female,48205,Business,Dallas,Bronze,51,31,234.67,34,Books,57,26,10,9,6471.13,Net Banking,1
2316,37,Male,124084,Engineer,Houston,Bronze,94,33,496.39,140,Beauty,66,28,5,2,18972.36,UPI,6
2317,43,Female,44717,Teacher,Seattle,Silver,46,2,274.4,143,Fashion,4,13,10,9,592.59,Credit Card,3
2318,46,Male,122292,Other,Los Angeles,Bronze,55,28,381.17,322,Fashion,29,3,4,5,10354.07,Net Banking,6
2319,18,Male,53562,Business,San Francisco,Bronze,99,32,13.46,244,Beauty,4,7,15,10,378.36,UPI,5
2320,52,Male,35169,Student,Chicago,Silver,26,33,253.37,350,Books,1,4,11,1,7358.57,UPI,5
2321,23,Male,36604,Retired,Chicago,Gold,76,9,371.35,310,Grocery,92,11,12,12,3467.91,Debit Card,1
2322,54,Male,104670,Teacher,San Francisco,Bronze,31,29,393.59,192,Home,18,26,1,10,11030.88,Debit Card,5
2323,70,Female,129605,Freelancer,Chicago,Bronze,81,15,87.44,34,Books,13,23,1,3,1361.55,Net Banking,6
2324,22,Male,103738,Business,Phoenix,Bronze,72,18,215.3,271,Electronics,70,11,5,7,3612.27,Cash,1
2325,50,Female,146756,Teacher,Seattle,Platinum,19,18,215.35,177,Grocery,49,10,8,2,3457.78,UPI,10
2326,66,Female,143140,Student,Houston,Gold,90,7,60.78,269,Sports,47,1,13,11,482.74,Credit Card,7
2327,68,Female,117537,Retired,San Francisco,Silver,68,14,227.09,317,Books,86,27,11,12,3713.43,Cash,1
2328,31,Male,126301,Teacher,San Francisco,Platinum,15,29,405.48,150,Books,30,23,8,7,12724.36,UPI,7
2329,29,Male,23007,Teacher,Los Angeles,Silver,58,50,157.09,98,Books,27,21,0,6,6791.28,Cash,9
2330,59,Male,129915,Retired,Seattle,Platinum,78,19,221.96,28,Sports,72,4,6,13,3529.51,UPI,7
2331,37,Female,132419,Freelancer,Boston,Bronze,30,5,480.87,149,Electronics,28,12,6,6,2441.94,UPI,10
2332,70,Male,56787,Business,Boston,Bronze,48,41,25.54,207,Books,2,17,9,10,1068.23,Cash,5
2333,67,Male,64582,Doctor,Miami,Silver,56,50,299.85,348,Home,20,22,1,8,15827.53,Debit Card,3
2334,41,Female,98629,Other,Dallas,Bronze,42,45,374.28,261,Books,75,16,15,3,19579.02,UPI,7
2335,60,Female,20782,Retired,Phoenix,Silver,24,5,382.83,209,Toys,78,29,13,10,2026.54,Net Banking,6
2336,51,Female,81770,Teacher,New York,Bronze,52,15,360.81,88,Sports,24,5,11,7,6313.05,Cash,8
2337,42,Female,72645,Doctor,New York,Silver,43,26,365.96,236,Fashion,77,18,9,1,8059.92,Debit Card,8
2338,67,Female,118509,Engineer,Miami,Bronze,34,24,38.92,247,Sports,72,21,3,14,1012.26,Credit Card,10
2339,46,Female,44204,Teacher,Houston,Bronze,60,19,271.73,257,Toys,44,16,12,2,6045.6,UPI,6
2340,56,Male,32152,Doctor,New York,Platinum,83,20,393.65,191,Toys,21,16,7,3,7755.87,UPI,7
2341,48,Female,105555,Engineer,Boston,Gold,3,43,56.09,95,Beauty,22,17,5,8,2862.91,Net Banking,3
2342,64,Male,34689,Freelancer,Chicago,Platinum,68,9,15.9,35,Toys,73,25,10,0,146.11,Debit Card,4
2343,60,Male,98251,Business,Dallas,Gold,11,28,409.14,95,Books,58,14,13,15,13485.79,UPI,7
2344,67,Male,121565,Teacher,Seattle,Silver,13,16,359.02,36,Fashion,11,22,12,6,6315.35,Debit Card,6
2345,40,Female,53712,Business,Boston,Silver,50,11,211.98,233,Books,80,27,14,1,2292.38,UPI,3
2346,61,Male,64632,Engineer,Los Angeles,Bronze,82,34,470.79,101,Grocery,53,29,15,4,13025.05,Credit Card,10
2347,55,Female,35478,Business,Seattle,Bronze,19,25,385.63,179,Home,9,27,6,0,10247.7,Net Banking,7
2348,37,Female,37551,Business,New York,Bronze,44,40,484.25,324,Electronics,67,19,9,5,17466.15,Credit Card,3
2349,40,Male,63068,Retired,Los Angeles,Gold,33,21,465.36,69,Beauty,100,3,10,12,8946.41,Credit Card,10
2350,62,Female,108608,Student,Seattle,Bronze,38,5,245.83,106,Toys,52,3,10,11,993.05,Cash,8
2351,69,Male,50561,Engineer,San Francisco,Platinum,3,11,379.81,270,Beauty,13,4,13,2,4274.26,Credit Card,7
2352,33,Male,148964,Business,Phoenix,Silver,99,43,337.9,353,Electronics,1,14,5,12,13305.1,Net Banking,4
2353,67,Female,39395,Other,Boston,Gold,65,9,407.61,46,Sports,44,1,8,5,4376.34,Net Banking,1
2354,59,Male,33756,Doctor,Los Angeles,Bronze,35,11,395.97,107,Electronics,75,10,10,7,4789.51,UPI,6
2355,25,Male,81333,Engineer,Miami,Bronze,36,37,85.08,363,Electronics,24,22,11,7,2968.51,Credit Card,5
2356,67,Male,128561,Student,Phoenix,Platinum,38,41,124.53,68,Sports,5,2,9,11,4685.93,Debit Card,9
2357,38,Female,43024,Teacher,Seattle,Bronze,39,1,140.21,307,Books,66,10,14,3,152.27,Cash,10
2358,18,Male,20947,Freelancer,Houston,Bronze,25,26,411.06,1,Grocery,81,2,9,6,9636.79,Cash,6
2359,25,Female,142192,Business,Miami,Bronze,64,10,407.26,218,Home,81,10,8,11,3987.9,Cash,1
2360,46,Female,109238,Doctor,Boston,Bronze,13,40,252.71,44,Electronics,20,28,5,15,8735.22,Net Banking,3
2361,49,Male,82428,Student,San Francisco,Bronze,68,19,294.61,232,Sports,64,30,5,15,5047.03,Net Banking,2
2362,55,Male,78355,Engineer,Los Angeles,Silver,70,16,415.19,188,Toys,15,1,8,5,5575.86,UPI,3
2363,22,Female,144958,Freelancer,Chicago,Silver,75,45,163.17,347,Beauty,68,21,9,1,7128.68,Credit Card,1
2364,64,Female,146637,Freelancer,Los Angeles,Silver,1,37,34.59,121,Electronics,54,19,8,5,1498.31,Net Banking,2
2365,39,Male,33402,Other,Phoenix,Bronze,72,50,246.47,64,Toys,11,19,2,1,10355.98,Cash,8
2366,64,Male,90851,Business,Los Angeles,Gold,54,41,457.72,148,Toys,23,14,6,12,18296.09,Net Banking,3
2367,51,Female,27834,Student,Phoenix,Gold,98,4,397.33,248,Toys,1,7,2,3,1461.11,Credit Card,9
2368,18,Female,82850,Student,Miami,Bronze,9,14,189.64,66,Home,42,27,3,4,2509.43,Net Banking,4
2369,43,Female,52180,Doctor,Los Angeles,Bronze,36,30,41.74,349,Books,47,30,13,8,1388.18,Credit Card,2
2370,60,Female,149955,Teacher,Miami,Bronze,37,7,322.09,58,Toys,68,1,8,12,2196.05,UPI,7
2371,27,Female,124688,Teacher,San Francisco,Gold,59,12,418.9,114,Books,38,22,9,2,5329.2,Net Banking,9
2372,47,Male,121520,Retired,San Francisco,Gold,21,24,335.82,115,Electronics,2,17,7,11,9581.98,Credit Card,5
2373,67,Female,26695,Teacher,Phoenix,Platinum,20,39,218.29,236,Books,45,21,5,15,8909.9,Credit Card,1
2374,35,Female,142135,Retired,Seattle,Bronze,1,43,70.44,46,Grocery,27,28,15,4,2831.91,Debit Card,9
2375,34,Male,73481,Freelancer,San Francisco,Silver,99,22,456.28,108,Grocery,98,20,5,1,9627.22,UPI,9
2376,43,Male,88438,Freelancer,Dallas,Bronze,59,47,145.22,273,Beauty,77,7,7,2,7360.2,Net Banking,7
2377,25,Female,126491,Other,Los Angeles,Bronze,28,30,119.9,112,Grocery,61,21,12,12,3876.61,Debit Card,1
2378,64,Female,136844,Engineer,Dallas,Silver,71,39,409.83,32,Books,82,11,1,4,15140.11,Net Banking,4
2379,57,Male,109910,Freelancer,Los Angeles,Bronze,56,20,490.8,279,Home,11,22,13,6,10697.35,Cash,1
2380,66,Female,71494,Freelancer,New York,Gold,9,26,333.48,291,Beauty,69,5,4,12,8845.89,Cash,3
2381,29,Female,61978,Student,Miami,Silver,65,49,316.16,315,Books,29,23,12,15,18468.88,Credit Card,7
2382,44,Male,132845,Engineer,Phoenix,Gold,36,5,166.52,161,Electronics,25,1,6,5,968.51,Debit Card,1
2383,25,Female,145621,Student,Boston,Bronze,98,40,20.0,89,Sports,78,11,11,13,903.63,Credit Card,8
2384,42,Male,69672,Doctor,Boston,Platinum,34,42,103.98,50,Grocery,54,22,12,13,3553.71,Credit Card,10
2385,63,Male,76821,Retired,Houston,Platinum,81,6,296.37,143,Beauty,48,20,2,1,1693.17,Credit Card,4
2386,21,Male,98661,Retired,Seattle,Platinum,32,34,84.15,103,Grocery,46,29,7,12,2944.98,Cash,4
2387,50,Male,84224,Doctor,Phoenix,Gold,66,5,443.08,169,Grocery,41,11,2,13,2234.56,Credit Card,1
2388,18,Female,104405,Retired,San Francisco,Gold,100,10,102.19,15,Toys,41,12,13,8,1129.64,Credit Card,5
2389,36,Male,69796,Engineer,Chicago,Silver,25,28,265.83,132,Fashion,61,30,3,7,8661.2,Credit Card,8
2390,48,Female,143554,Engineer,Seattle,Bronze,51,3,260.89,169,Electronics,11,8,9,8,872.57,Credit Card,8
2391,33,Female,138777,Freelancer,Seattle,Silver,63,13,305.93,29,Grocery,44,14,9,8,3531.98,Debit Card,7
2392,31,Female,19023,Retired,Chicago,Gold,90,48,170.44,159,Toys,32,10,5,4,8134.04,Net Banking,7
2393,70,Female,87959,Doctor,Miami,Platinum,45,47,438.03,146,Sports,49,8,5,10,19711.31,Debit Card,8
2394,65,Female,54218,Business,Seattle,Silver,26,2,227.71,306,Home,6,23,1,6,503.91,UPI,8
2395,22,Male,43460,Teacher,New York,Bronze,21,35,353.08,236,Fashion,57,7,1,6,14310.95,Debit Card,1
2396,58,Male,139579,Freelancer,Seattle,Silver,82,50,321.6,174,Toys,6,29,2,15,14708.88,UPI,2
2397,43,Male,79680,Teacher,Houston,Platinum,93,47,67.41,71,Toys,47,19,2,9,3154.22,Cash,10
2398,45,Male,46017,Doctor,Dallas,Bronze,51,28,315.09,362,Beauty,63,27,3,8,9640.96,Net Banking,8
2399,19,Female,107038,Retired,Boston,Bronze,24,37,279.84,126,Beauty,49,23,3,8,8490.15,Credit Card,1
2400,67,Male,34515,Retired,Miami,Silver,92,23,450.32,195,Sports,22,17,3,5,12275.84,UPI,9
2401,23,Female,48001,Teacher,Phoenix,Bronze,12,43,441.63,184,Sports,67,10,9,2,21268.63,Cash,9
2402,26,Female,16391,Business,San Francisco,Bronze,11,23,83.97,149,Home,19,4,9,7,1964.35,Net Banking,10
2403,50,Male,124388,Retired,New York,Bronze,27,35,50.03,213,Electronics,55,3,10,0,1946.22,UPI,2
2404,58,Male,57215,Business,Miami,Gold,23,41,154.35,93,Sports,34,20,2,9,7179.79,Cash,6
2405,42,Male,94720,Student,Dallas,Bronze,33,39,493.44,57,Beauty,41,4,15,10,19196.71,Credit Card,4
2406,65,Male,42114,Engineer,Houston,Silver,80,32,20.57,218,Electronics,7,20,0,3,642.46,Cash,10
2407,30,Female,128142,Teacher,Dallas,Gold,92,2,339.72,218,Sports,57,6,8,9,771.22,Cash,7
2408,26,Female,121206,Retired,Phoenix,Platinum,92,47,308.17,12,Sports,16,16,13,1,16567.78,Credit Card,2
2409,70,Male,60647,Business,Chicago,Platinum,38,44,326.82,282,Books,59,28,1,4,12215.17,UPI,10
2410,30,Female,57679,Other,San Francisco,Silver,55,48,116.96,139,Beauty,38,17,13,11,6529.94,Cash,1
2411,48,Female,15427,Other,Chicago,Platinum,70,16,121.09,273,Electronics,9,22,2,11,1764.46,Credit Card,9
2412,58,Female,144669,Retired,Los Angeles,Bronze,42,16,221.01,118,Fashion,77,0,1,6,3772.61,UPI,9
2413,28,Male,81267,Engineer,Houston,Gold,29,3,56.97,270,Fashion,34,15,5,10,185.22,Credit Card,9
2414,21,Female,15799,Engineer,San Francisco,Silver,34,28,46.56,96,Home,46,8,5,0,1188.81,Debit Card,5
2415,51,Male,70659,Student,Phoenix,Bronze,57,29,53.3,329,Electronics,37,11,12,3,1424.63,UPI,3
2416,55,Male,22025,Engineer,Miami,Silver,3,20,290.76,46,Sports,43,18,0,2,6295.07,Debit Card,6
2417,63,Female,29481,Engineer,Boston,Bronze,6,36,204.89,151,Toys,47,10,3,3,6417.38,Cash,10
2418,21,Female,40411,Freelancer,San Francisco,Gold,48,33,153.87,172,Sports,6,5,9,5,5805.68,Cash,1
2419,55,Male,120928,Other,Miami,Bronze,64,22,164.75,274,Electronics,38,3,14,9,3222.75,Cash,10
2420,36,Female,138014,Doctor,Miami,Silver,13,8,111.57,346,Toys,61,15,4,5,839.42,UPI,8
2421,23,Female,66690,Other,Los Angeles,Bronze,36,47,211.64,236,Fashion,4,2,11,11,9018.65,Net Banking,10
2422,51,Male,67870,Other,New York,Bronze,79,24,109.5,30,Toys,5,7,5,0,2360.26,UPI,4
2423,35,Male,101928,Retired,Houston,Platinum,70,37,352.04,212,Toys,70,15,4,2,15520.47,UPI,2
2424,30,Male,85765,Other,Houston,Gold,33,20,70.73,271,Home,60,28,14,0,1275.02,Net Banking,4
2425,58,Male,38772,Student,Los Angeles,Platinum,76,12,474.64,77,Books,77,1,2,12,5874.13,UPI,1
2426,40,Female,145417,Student,Chicago,Bronze,57,20,54.01,278,Books,88,12,2,0,1186.22,Debit Card,10
2427,36,Female,33799,Teacher,Chicago,Bronze,55,20,472.3,40,Grocery,92,18,2,0,7715.4,Net Banking,10
2428,62,Male,127051,Engineer,Phoenix,Silver,13,4,418.31,145,Beauty,77,23,5,2,1928.62,Net Banking,8
2429,28,Male,144941,Teacher,New York,Silver,97,30,343.55,11,Electronics,56,15,3,13,8875.5,Debit Card,6
2430,18,Male,38555,Freelancer,Miami,Bronze,51,31,457.03,247,Home,82,18,3,1,14667.01,Net Banking,1
2431,41,Female,107152,Other,Seattle,Gold,92,22,78.22,228,Grocery,59,7,2,13,1817.98,Net Banking,1
2432,24,Male,142219,Business,Seattle,Bronze,53,15,96.39,330,Beauty,7,22,13,11,1520.78,Debit Card,2
2433,42,Female,134833,Engineer,Chicago,Bronze,36,38,133.55,178,Toys,68,1,3,3,5548.79,Credit Card,7
2434,38,Male,84002,Business,Los Angeles,Bronze,5,37,129.96,340,Grocery,31,0,15,6,5637.97,Credit Card,2
2435,32,Male,61553,Other,New York,Silver,25,28,162.32,159,Grocery,88,16,7,10,5321.04,Credit Card,3
2436,18,Male,18088,Doctor,Dallas,Gold,81,11,292.06,220,Beauty,86,17,2,10,3313.0,Debit Card,9
2437,29,Female,60783,Freelancer,Boston,Silver,37,14,23.8,326,Grocery,85,6,9,13,315.86,Cash,1
2438,24,Female,16115,Engineer,New York,Silver,19,11,197.31,163,Fashion,48,8,2,14,2015.45,UPI,9
2439,32,Female,87908,Teacher,Phoenix,Bronze,35,9,130.73,167,Home,42,22,5,1,1358.56,Net Banking,6
2440,38,Male,84109,Teacher,Miami,Platinum,34,24,307.25,218,Electronics,90,2,0,1,8415.59,Debit Card,9
2441,36,Female,17978,Engineer,Miami,Platinum,54,10,492.73,69,Books,30,23,9,12,4524.88,UPI,10
2442,46,Female,123943,Retired,Houston,Silver,46,38,263.65,259,Home,51,23,5,11,8625.5,Debit Card,8
2443,42,Male,24422,Teacher,San Francisco,Bronze,6,43,218.59,62,Books,35,24,14,11,10757.17,Net Banking,7
2444,50,Male,104233,Other,San Francisco,Silver,83,41,190.44,245,Fashion,62,10,10,14,8146.44,Cash,10
2445,66,Female,71174,Other,Houston,Silver,1,37,394.63,49,Fashion,51,27,8,12,13509.94,Debit Card,7
2446,49,Female,52743,Retired,Phoenix,Platinum,71,42,45.27,285,Books,87,15,2,10,1985.49,UPI,6
2447,66,Female,145288,Engineer,Miami,Platinum,34,32,480.29,233,Beauty,50,28,1,6,12702.38,UPI,8
2448,52,Female,144000,Student,San Francisco,Gold,56,20,214.78,15,Beauty,30,8,15,11,3763.18,Net Banking,9
2449,61,Male,137778,Teacher,San Francisco,Bronze,83,14,163.71,3,Beauty,19,11,2,8,2333.92,Credit Card,8
2450,55,Male,44430,Retired,Boston,Platinum,97,38,487.29,281,Grocery,96,13,15,10,18807.13,Net Banking,9
2451,43,Male,43834,Engineer,San Francisco,Silver,26,4,468.58,156,Grocery,50,24,15,14,1684.39,Net Banking,5
2452,28,Female,39435,Engineer,Miami,Gold,42,24,324.55,219,Books,54,3,11,2,9291.23,Credit Card,3
2453,52,Female,102212,Retired,Phoenix,Silver,91,32,19.07,347,Electronics,83,25,2,9,588.87,Cash,4
2454,25,Male,70797,Teacher,Dallas,Bronze,38,10,376.78,363,Grocery,86,3,1,7,4082.09,Debit Card,4
2455,63,Male,69555,Student,Chicago,Silver,26,43,174.42,50,Electronics,4,10,15,5,6775.42,UPI,9
2456,31,Female,100350,Teacher,New York,Bronze,99,16,200.26,41,Fashion,12,1,12,14,3107.37,Debit Card,9
2457,27,Female,29716,Engineer,Los Angeles,Bronze,59,39,87.78,134,Electronics,15,30,10,12,3876.99,Debit Card,1
2458,19,Male,75261,Student,Seattle,Gold,84,32,266.49,273,Electronics,15,23,3,13,9716.77,UPI,5
2459,63,Male,16995,Other,New York,Bronze,24,18,374.83,258,Toys,10,17,7,5,5762.59,Credit Card,2
2460,26,Male,37414,Business,Boston,Bronze,21,25,143.78,190,Toys,61,2,6,2,3385.54,UPI,5
2461,20,Female,30522,Doctor,San Francisco,Bronze,60,7,469.98,255,Beauty,19,24,9,9,2899.22,Credit Card,5
2462,38,Female,144632,Teacher,Phoenix,Silver,90,47,105.42,235,Toys,53,1,8,8,5728.21,Credit Card,3
2463,43,Female,89034,Freelancer,Dallas,Platinum,20,18,42.47,275,Grocery,72,0,7,8,842.09,Net Banking,4
2464,25,Female,57322,Engineer,Seattle,Bronze,6,47,325.74,353,Sports,57,4,12,3,15697.49,Cash,7
2465,65,Female,82638,Student,Houston,Bronze,67,18,426.17,72,Toys,95,6,6,15,8131.58,Net Banking,10
2466,19,Female,116334,Retired,Dallas,Platinum,10,3,477.04,73,Sports,9,19,5,12,1668.2,Cash,4
2467,23,Male,45846,Other,Chicago,Gold,12,1,385.91,122,Beauty,29,30,2,12,355.54,Credit Card,3
2468,45,Male,88643,Retired,San Francisco,Bronze,97,33,107.83,69,Home,7,3,9,9,2866.18,Net Banking,10
2469,70,Female,129930,Retired,Los Angeles,Gold,22,7,489.05,78,Home,72,26,3,11,2774.77,Debit Card,4
2470,46,Male,39399,Student,Seattle,Silver,62,10,460.52,247,Home,17,2,7,5,3770.16,UPI,2
2471,43,Female,138182,Business,San Francisco,Gold,61,44,89.95,186,Fashion,79,5,11,4,3369.64,UPI,1
2472,42,Male,63591,Teacher,Seattle,Silver,80,8,283.81,140,Fashion,16,11,1,3,2334.85,UPI,5
2473,29,Female,50877,Freelancer,Los Angeles,Platinum,17,32,282.2,297,Fashion,71,28,14,1,10768.16,Cash,9
2474,22,Male,99106,Other,Chicago,Bronze,10,23,226.84,43,Electronics,83,15,11,3,5050.19,UPI,9
2475,51,Male,93018,Retired,Houston,Bronze,12,17,492.3,246,Books,38,7,5,6,9080.19,Cash,1
2476,65,Female,114854,Student,Miami,Bronze,83,14,39.21,335,Grocery,89,10,15,2,613.1,Cash,1
2477,54,Female,135832,Retired,Phoenix,Silver,40,17,317.33,225,Fashion,76,12,14,2,6044.98,Cash,8
2478,32,Male,101576,Business,Dallas,Platinum,23,25,110.6,66,Sports,96,13,12,10,2702.29,Debit Card,7
2479,61,Male,107508,Engineer,New York,Silver,40,21,268.39,275,Toys,47,26,0,2,5748.79,Credit Card,7
2480,53,Female,61835,Retired,Houston,Bronze,74,6,392.07,252,Electronics,10,17,6,15,2191.28,Debit Card,9
2481,32,Male,57464,Business,Houston,Silver,74,20,130.9,302,Fashion,24,21,3,8,2814.73,Credit Card,5
2482,60,Female,127454,Teacher,Boston,Silver,50,49,202.75,279,Fashion,50,7,11,13,9469.28,Debit Card,8
2483,65,Female,131062,Other,Seattle,Platinum,10,20,475.88,178,Toys,68,0,0,0,8798.31,Cash,7
2484,40,Male,82445,Other,Seattle,Silver,94,26,383.13,278,Home,43,3,4,4,10468.63,Credit Card,2
2485,23,Female,125454,Retired,Boston,Silver,4,32,290.63,128,Home,37,16,4,8,8709.62,UPI,2
2486,63,Male,136906,Business,Dallas,Gold,1,8,118.78,114,Toys,45,29,12,13,915.27,Debit Card,4
2487,67,Male,113384,Student,Seattle,Gold,43,45,218.4,321,Grocery,54,19,5,6,10656.99,Credit Card,1
2488,61,Female,75032,Student,Miami,Silver,83,48,389.29,273,Grocery,43,29,14,11,21326.87,UPI,10
2489,60,Male,128521,Doctor,Phoenix,Bronze,5,44,412.07,201,Electronics,68,26,11,11,17658.23,Net Banking,5
2490,62,Female,131378,Business,New York,Gold,94,29,129.86,116,Sports,100,24,7,0,3799.38,Cash,5
2491,38,Female,32140,Engineer,New York,Gold,90,17,334.41,34,Beauty,37,21,14,3,6245.24,Debit Card,1
2492,40,Female,17670,Retired,Los Angeles,Gold,34,18,56.55,105,Home,89,5,3,5,905.91,Debit Card,5
2493,60,Male,51519,Freelancer,Los Angeles,Platinum,66,40,21.37,248,Sports,41,4,15,4,825.74,Net Banking,4
2494,33,Female,59512,Freelancer,Phoenix,Gold,24,18,278.85,151,Books,94,13,12,1,5644.62,Credit Card,10
2495,64,Male,118565,Teacher,San Francisco,Gold,14,11,119.95,140,Home,1,18,11,0,1527.65,Debit Card,5
2496,70,Female,120156,Doctor,San Francisco,Platinum,41,45,48.67,294,Grocery,93,13,6,10,2317.1,Debit Card,4
2497,32,Female,40595,Business,Houston,Bronze,42,12,367.62,161,Grocery,16,1,10,3,4223.33,Debit Card,9
2498,42,Female,23630,Engineer,Houston,Silver,13,15,254.01,146,Beauty,37,8,14,11,3971.58,Debit Card,9
2499,53,Male,122461,Doctor,Boston,Silver,29,26,400.18,255,Toys,37,24,3,9,9068.06,Net Banking,3
2500,28,Male,89191,Student,Chicago,Bronze,65,3,335.33,90,Sports,7,6,13,15,816.58,Cash,3
2501,68,Female,115591,Teacher,Los Angeles,Gold,46,3,367.6,217,Sports,40,17,12,4,915.15,Debit Card,3
2502,32,Female,78753,Retired,Chicago,Gold,34,38,160.61,138,Beauty,51,19,14,14,5146.62,Net Banking,7
2503,21,Male,75520,Retired,Seattle,Gold,63,35,139.01,176,Grocery,64,10,1,3,4331.44,UPI,1
2504,38,Male,19008,Retired,New York,Platinum,4,9,304.43,290,Electronics,97,7,7,2,2697.92,Debit Card,4
2505,30,Male,122408,Business,Houston,Bronze,28,43,108.04,339,Sports,22,25,4,9,4148.27,Credit Card,9
2506,39,Female,15496,Freelancer,San Francisco,Gold,83,40,409.55,75,Fashion,43,21,9,14,16939.2,Net Banking,8
2507,36,Male,114767,Engineer,Phoenix,Silver,1,4,266.23,56,Toys,62,20,3,7,1277.18,Credit Card,3
2508,51,Female,38212,Retired,Los Angeles,Bronze,36,20,121.23,27,Sports,54,26,11,11,2422.84,Cash,8
2509,31,Male,35637,Retired,New York,Bronze,13,15,316.33,321,Books,27,9,13,13,5232.46,UPI,6
2510,21,Female,60227,Student,Dallas,Gold,5,29,473.07,320,Sports,29,17,1,5,12579.81,Credit Card,10
2511,65,Female,134753,Other,Phoenix,Silver,97,5,50.23,149,Toys,16,16,6,10,297.65,Debit Card,3
2512,70,Female,135118,Doctor,Chicago,Gold,14,39,63.58,306,Books,85,16,4,14,2230.77,Net Banking,9
2513,69,Male,24884,Retired,Miami,Silver,80,40,423.48,346,Toys,11,0,8,13,17593.94,UPI,10
2514,63,Male,131481,Teacher,Chicago,Bronze,32,7,63.7,198,Sports,21,30,6,11,532.11,Net Banking,7
2515,44,Male,83259,Doctor,Los Angeles,Bronze,50,8,29.29,163,Grocery,9,26,8,2,263.21,UPI,8
2516,46,Female,64810,Freelancer,Phoenix,Bronze,27,32,180.49,181,Fashion,27,21,12,5,6912.41,Credit Card,10
2517,64,Female,144926,Doctor,Miami,Platinum,35,36,238.69,239,Books,86,3,11,14,8179.48,Cash,2
2518,45,Male,19761,Engineer,Seattle,Bronze,3,33,289.03,241,Sports,79,10,9,9,7926.57,Net Banking,3
2519,52,Female,31375,Student,Dallas,Platinum,4,37,258.58,65,Electronics,23,8,14,7,8585.8,Debit Card,7
2520,25,Female,117654,Business,Chicago,Platinum,7,32,457.46,170,Home,51,8,9,6,17318.27,Net Banking,2
2521,33,Female,47975,Engineer,Dallas,Platinum,77,43,386.65,132,Books,93,2,12,14,15765.24,Cash,6
2522,59,Male,147955,Freelancer,Phoenix,Silver,3,36,492.07,80,Home,80,5,4,12,15055.74,Credit Card,7
2523,53,Female,89489,Teacher,New York,Platinum,81,34,243.46,164,Fashion,3,5,10,0,8585.92,Debit Card,6
2524,47,Male,23381,Freelancer,Phoenix,Bronze,59,49,51.32,62,Beauty,16,9,5,15,2515.11,Debit Card,5
2525,35,Male,77999,Freelancer,San Francisco,Bronze,74,25,478.21,354,Electronics,8,9,7,5,9862.93,Credit Card,9
2526,19,Male,64907,Doctor,Miami,Bronze,1,44,12.02,50,Beauty,90,16,9,0,518.93,Net Banking,3
2527,66,Male,85467,Teacher,New York,Platinum,28,32,390.29,71,Sports,42,14,5,12,13153.05,Debit Card,5
2528,30,Male,57623,Engineer,Chicago,Bronze,59,2,25.33,42,Books,73,24,10,3,45.24,Net Banking,5
2529,21,Female,125724,Freelancer,Seattle,Silver,53,9,382.99,322,Toys,35,3,3,9,2929.1,Net Banking,8
2530,43,Male,118069,Engineer,Dallas,Bronze,10,38,469.59,320,Grocery,71,21,1,15,20448.25,Credit Card,8
2531,42,Male,34996,Retired,Phoenix,Bronze,71,29,200.74,317,Sports,72,9,5,2,6113.58,Cash,1
2532,47,Male,120682,Retired,Boston,Bronze,3,38,128.07,215,Sports,99,27,12,6,4195.56,Cash,6
2533,28,Female,98609,Retired,Los Angeles,Gold,7,18,120.88,190,Beauty,48,7,12,1,2288.21,Net Banking,6
2534,24,Female,116490,Business,Chicago,Silver,9,22,250.94,157,Sports,54,0,11,12,6040.19,Credit Card,10
2535,48,Female,86325,Doctor,Los Angeles,Platinum,99,35,93.73,89,Electronics,36,23,13,11,3408.53,Cash,2
2536,61,Female,43930,Engineer,New York,Silver,90,15,339.73,103,Grocery,6,21,13,3,4313.53,Net Banking,5
2537,27,Male,129426,Retired,San Francisco,Platinum,69,7,190.49,50,Beauty,71,16,8,14,1133.28,Debit Card,6
2538,56,Male,32529,Retired,Chicago,Silver,13,13,168.32,253,Fashion,12,11,7,15,1790.04,Debit Card,3
2539,30,Female,68546,Teacher,San Francisco,Silver,94,42,236.03,106,Home,59,11,2,4,8858.51,UPI,1
2540,48,Female,22942,Freelancer,San Francisco,Silver,40,36,275.87,293,Sports,65,24,4,1,8182.01,UPI,9
2541,24,Female,22548,Retired,Seattle,Silver,62,16,79.55,235,Home,50,12,5,15,1428.24,UPI,2
2542,66,Female,130248,Business,New York,Gold,62,41,356.8,322,Books,43,24,6,8,11793.19,Cash,4
2543,59,Male,112780,Teacher,Phoenix,Silver,10,21,442.64,332,Toys,43,25,1,1,9596.68,Debit Card,9
2544,59,Female,15296,Doctor,Boston,Gold,87,28,146.21,355,Beauty,49,13,5,15,4601.25,Debit Card,9
2545,53,Female,82945,Other,Miami,Gold,11,10,98.39,104,Toys,89,7,1,15,1139.3,Cash,8
2546,37,Female,74980,Other,San Francisco,Bronze,76,19,382.65,254,Toys,76,13,7,5,7007.03,Debit Card,4
2547,21,Female,71782,Business,New York,Silver,62,17,99.94,303,Home,55,6,6,11,1781.16,Debit Card,1
2548,24,Female,111382,Business,Seattle,Bronze,77,1,30.22,19,Sports,91,16,1,7,35.67,Net Banking,7
2549,18,Female,68444,Business,Chicago,Silver,56,13,313.43,358,Books,87,10,3,11,4354.29,Debit Card,2
2550,61,Female,50036,Freelancer,Houston,Silver,49,36,127.48,71,Sports,83,0,6,6,5325.57,Net Banking,8
2551,62,Male,54322,Other,Houston,Platinum,16,47,94.19,116,Beauty,85,7,8,13,4753.27,UPI,10
2552,59,Male,66667,Retired,Boston,Bronze,73,42,490.99,129,Electronics,50,12,15,14,17058.15,Credit Card,10
2553,64,Male,109527,Student,Seattle,Bronze,74,20,153.01,119,Fashion,21,25,2,5,2689.16,Net Banking,2
2554,30,Male,98337,Business,New York,Bronze,93,41,452.69,212,Sports,88,23,9,14,21830.25,Debit Card,10
2555,39,Male,66468,Teacher,Seattle,Bronze,9,40,97.33,228,Electronics,13,16,9,7,4429.32,UPI,3
2556,38,Male,87894,Other,Miami,Gold,33,6,411.3,182,Sports,42,23,7,4,2391.52,Credit Card,6
2557,39,Female,78138,Teacher,Miami,Gold,88,23,255.99,133,Sports,100,23,12,9,5089.68,Credit Card,4
2558,45,Female,37588,Doctor,Phoenix,Gold,35,42,48.51,338,Electronics,15,11,15,8,1758.02,UPI,2
2559,26,Male,77901,Engineer,Houston,Gold,75,24,369.47,230,Sports,50,30,8,1,10303.29,UPI,1
2560,43,Female,98038,Engineer,Houston,Bronze,39,49,447.12,363,Fashion,1,25,12,5,18983.68,Credit Card,3
2561,26,Male,146732,Student,Miami,Bronze,77,5,89.88,339,Home,51,15,7,11,428.96,Credit Card,4
2562,32,Female,122211,Freelancer,Seattle,Bronze,87,32,365.54,245,Beauty,34,9,3,9,13572.61,Debit Card,9
2563,27,Female,21922,Retired,Boston,Gold,25,46,228.08,251,Books,42,28,3,11,8533.65,Net Banking,9
2564,41,Female,108697,Freelancer,Boston,Gold,80,17,379.4,224,Books,62,15,10,11,6787.1,Net Banking,5
2565,59,Female,132217,Retired,San Francisco,Silver,56,11,359.82,156,Toys,95,29,6,15,3721.48,Credit Card,5
2566,25,Female,84506,Business,Chicago,Bronze,48,27,23.03,118,Home,32,27,3,10,524.26,Credit Card,7
2567,41,Female,139338,Other,Houston,Bronze,85,4,97.57,93,Electronics,100,2,14,6,400.82,Cash,8
2568,33,Male,42843,Retired,Miami,Platinum,10,23,240.8,227,Home,61,0,10,15,5504.95,Credit Card,3
2569,66,Male,118064,Other,Seattle,Bronze,41,23,467.46,364,Grocery,93,18,12,8,9027.89,Net Banking,5
2570,43,Female,141417,Student,New York,Gold,83,49,177.62,185,Books,54,23,9,4,7892.96,Debit Card,7
2571,44,Male,131585,Doctor,Chicago,Bronze,99,34,318.15,333,Sports,74,29,9,5,11857.08,Cash,2
2572,54,Female,45346,Doctor,Boston,Bronze,59,21,15.92,184,Beauty,58,7,6,8,368.53,Net Banking,9
2573,21,Male,138152,Engineer,Los Angeles,Gold,28,22,358.45,279,Toys,85,15,8,9,8197.18,Debit Card,3
2574,67,Female,126769,Doctor,Los Angeles,Bronze,41,1,305.5,229,Fashion,100,27,11,5,257.9,Cash,7
2575,41,Male,117391,Business,Seattle,Gold,66,32,360.54,264,Fashion,24,14,8,13,13166.77,Cash,9
2576,36,Female,88143,Teacher,Dallas,Gold,51,28,453.28,157,Grocery,27,6,8,10,11030.24,Cash,9
2577,53,Male,51787,Doctor,Dallas,Silver,62,18,81.78,351,Toys,21,1,9,11,1602.13,Cash,3
2578,56,Female,48583,Student,Houston,Gold,30,7,138.18,76,Home,18,12,11,0,790.28,Cash,2
2579,27,Male,136943,Business,New York,Silver,40,38,497.93,81,Fashion,55,4,9,3,17648.54,Cash,5
2580,42,Female,126233,Doctor,San Francisco,Bronze,40,6,86.58,180,Home,68,9,14,3,514.98,UPI,5
2581,35,Female,29925,Freelancer,Seattle,Gold,69,14,363.11,341,Beauty,47,7,5,2,4123.69,Debit Card,8
2582,36,Female,98184,Retired,Los Angeles,Silver,62,30,365.29,195,Grocery,54,12,0,13,9518.96,Net Banking,6
2583,53,Male,91515,Doctor,Los Angeles,Bronze,15,44,344.67,59,Toys,18,18,15,7,14066.95,Credit Card,7
2584,27,Male,61069,Freelancer,New York,Platinum,100,46,121.45,150,Home,73,5,11,5,6664.95,Net Banking,8
2585,50,Male,115854,Business,Houston,Silver,3,14,115.42,60,Electronics,64,17,7,6,1796.52,UPI,9
2586,67,Female,69471,Doctor,Dallas,Gold,24,44,336.51,134,Home,49,7,13,15,16824.24,UPI,4
2587,22,Male,47705,Freelancer,Phoenix,Gold,41,41,101.26,330,Home,94,8,13,8,4429.85,Cash,5
2588,64,Female,143501,Teacher,Houston,Silver,63,9,334.17,38,Grocery,35,16,5,7,2757.78,UPI,4
2589,66,Male,131361,Other,Houston,Silver,48,31,251.34,252,Electronics,94,3,6,2,8444.31,Net Banking,9
2590,52,Male,102273,Engineer,Boston,Silver,61,2,199.45,105,Fashion,39,21,1,14,426.62,UPI,2
2591,61,Male,38241,Business,San Francisco,Silver,48,18,157.11,232,Books,58,29,2,3,2952.36,Net Banking,8
2592,51,Male,65818,Freelancer,San Francisco,Gold,47,5,474.31,353,Beauty,57,17,5,0,2180.23,Cash,7
2593,50,Female,107307,Student,Los Angeles,Gold,56,26,258.97,169,Home,6,5,2,13,6095.49,Cash,7
2594,38,Male,81920,Other,San Francisco,Bronze,76,23,285.01,216,Sports,78,10,4,3,6125.99,UPI,8
2595,34,Male,133642,Doctor,Los Angeles,Silver,8,12,475.14,347,Grocery,93,22,12,11,5273.82,Credit Card,1
2596,39,Female,80453,Freelancer,Houston,Platinum,78,14,330.4,13,Fashion,96,21,3,8,3844.49,Cash,1
2597,65,Female,37689,Other,New York,Silver,18,13,479.35,15,Home,78,9,4,4,6985.01,Debit Card,7
2598,54,Male,45844,Retired,Phoenix,Gold,84,35,62.12,218,Beauty,20,25,7,2,2060.5,Debit Card,2
2599,32,Male,110687,Other,New York,Gold,23,47,424.85,168,Sports,50,10,14,1,21618.4,Cash,4
2600,52,Female,38365,Freelancer,Houston,Bronze,69,15,174.35,13,Grocery,9,7,3,5,2385.03,UPI,6
2601,45,Female,113303,Freelancer,Miami,Bronze,65,35,407.14,242,Beauty,76,20,8,3,14831.39,Cash,5
2602,24,Female,43523,Retired,Seattle,Gold,46,19,429.26,318,Fashion,14,2,2,5,6637.87,UPI,5
2603,49,Male,127105,Engineer,Dallas,Silver,66,15,143.03,7,Books,23,1,11,2,1807.36,Net Banking,6
2604,28,Male,63888,Other,Seattle,Silver,80,8,210.33,282,Home,48,17,6,2,1591.46,Credit Card,10
2605,27,Male,128884,Retired,Phoenix,Gold,69,23,365.75,110,Home,98,1,6,0,7634.07,Credit Card,7
2606,26,Female,121968,Retired,San Francisco,Gold,22,13,58.54,39,Toys,80,25,0,8,716.39,Net Banking,2
2607,31,Female,65110,Other,Seattle,Bronze,65,23,380.21,67,Home,82,11,2,6,10251.36,Net Banking,4
2608,30,Female,146565,Student,San Francisco,Bronze,12,31,64.13,122,Grocery,56,30,9,8,1649.19,Net Banking,7
2609,42,Male,97001,Retired,Houston,Bronze,19,30,458.08,316,Home,40,4,0,10,13537.53,Credit Card,5
2610,19,Female,54767,Student,Phoenix,Silver,22,42,145.41,165,Grocery,97,25,7,0,5370.09,Cash,10
2611,52,Male,44550,Teacher,Boston,Bronze,55,2,292.04,202,Toys,69,3,9,7,550.4,Debit Card,9
2612,24,Female,149042,Other,Dallas,Silver,62,11,67.41,127,Home,39,15,4,1,794.02,UPI,6
2613,38,Male,113315,Retired,Dallas,Bronze,51,25,142.05,363,Electronics,74,13,14,2,4223.06,Debit Card,4
2614,35,Male,110494,Engineer,Miami,Silver,48,29,207.94,151,Books,86,1,3,0,6499.96,UPI,10
2615,20,Female,142424,Retired,Boston,Bronze,17,22,248.65,145,Home,43,20,2,6,6312.39,Credit Card,4
2616,59,Male,128855,Freelancer,Los Angeles,Silver,13,19,10.03,48,Electronics,97,6,6,11,163.68,Cash,3
2617,56,Female,97681,Business,Dallas,Silver,28,9,445.44,2,Grocery,31,20,7,10,3498.04,Debit Card,6
2618,58,Male,116489,Engineer,Chicago,Bronze,67,41,13.76,250,Beauty,70,10,7,4,649.18,Net Banking,8
2619,66,Female,145546,Retired,Los Angeles,Platinum,5,38,389.11,76,Fashion,100,23,12,12,15422.12,Net Banking,1
2620,28,Female,43900,Engineer,Dallas,Bronze,100,29,240.58,219,Sports,3,11,0,10,7792.05,Net Banking,2
2621,56,Male,29126,Other,Houston,Silver,60,10,266.7,347,Toys,4,21,6,2,2371.35,Debit Card,4
2622,41,Female,126198,Student,Phoenix,Platinum,15,22,112.05,227,Electronics,27,28,4,12,2315.81,Cash,7
2623,63,Male,94303,Teacher,Phoenix,Silver,81,24,307.61,117,Fashion,89,24,1,3,6145.41,Cash,2
2624,36,Female,82061,Teacher,Chicago,Gold,44,8,273.24,266,Home,27,25,7,11,2531.81,Net Banking,10
2625,21,Female,31978,Other,Houston,Bronze,46,47,90.48,234,Grocery,100,4,14,11,5028.83,Debit Card,8
2626,43,Female,71344,Other,Chicago,Silver,29,6,126.68,167,Fashion,47,23,1,9,868.76,Net Banking,3
2627,55,Female,61648,Engineer,San Francisco,Silver,68,7,42.78,259,Toys,60,15,5,5,291.94,UPI,2
2628,59,Male,16055,Other,New York,Bronze,96,20,42.48,192,Fashion,36,29,11,5,795.61,UPI,7
2629,49,Female,90582,Engineer,Dallas,Silver,49,17,16.75,183,Books,46,21,4,14,280.49,Debit Card,10
2630,56,Female,96214,Other,Houston,Bronze,43,36,118.03,9,Books,61,6,5,1,4482.98,UPI,9
2631,62,Male,122954,Retired,New York,Silver,68,8,343.03,336,Home,42,27,10,6,2669.06,Credit Card,4
2632,63,Male,53725,Other,New York,Platinum,77,13,164.95,326,Fashion,7,7,9,11,2077.12,Credit Card,2
2633,53,Male,68380,Doctor,Phoenix,Bronze,20,24,177.94,358,Grocery,30,3,7,12,4152.76,Credit Card,9
2634,57,Male,68333,Freelancer,Phoenix,Bronze,18,46,74.63,140,Books,50,3,8,1,3768.83,UPI,10
2635,54,Male,57459,Student,Boston,Silver,64,50,291.98,21,Electronics,47,26,12,8,16273.74,Cash,5
2636,50,Male,131518,Freelancer,San Francisco,Silver,49,31,177.65,311,Toys,93,5,2,13,6323.39,Credit Card,10
2637,53,Female,51163,Business,Houston,Gold,42,23,341.4,192,Sports,40,1,2,1,7044.95,Net Banking,7
2638,20,Male,99730,Business,Miami,Silver,12,17,373.32,91,Beauty,5,8,6,4,5476.99,Cash,10
2639,26,Female,34476,Teacher,Houston,Bronze,89,50,296.5,96,Electronics,70,27,2,15,13906.61,Debit Card,5
2640,25,Male,83580,Student,San Francisco,Gold,94,46,145.27,140,Sports,58,7,10,7,6469.78,UPI,5
2641,50,Female,120576,Freelancer,Phoenix,Gold,79,24,259.22,256,Grocery,44,17,13,7,6723.63,Net Banking,6
2642,23,Female,101593,Teacher,Phoenix,Silver,36,43,133.45,37,Sports,71,27,9,12,6330.39,Debit Card,5
2643,58,Female,124071,Business,Dallas,Silver,8,10,452.43,246,Grocery,32,11,11,10,5400.48,UPI,8
2644,56,Male,129832,Engineer,Seattle,Bronze,28,31,385.53,255,Sports,79,15,4,12,11369.26,UPI,4
2645,21,Male,83682,Student,Phoenix,Bronze,86,45,251.57,297,Books,77,29,9,14,10879.23,Net Banking,3
2646,30,Male,106713,Student,Chicago,Bronze,60,20,483.07,84,Toys,82,0,14,3,9824.02,UPI,3
2647,66,Male,119060,Other,Dallas,Silver,49,16,277.91,36,Electronics,74,25,3,6,5016.32,UPI,2
2648,19,Female,98030,Other,Los Angeles,Platinum,38,14,170.98,184,Home,40,19,10,7,2547.81,UPI,8
2649,22,Male,135360,Freelancer,Seattle,Silver,80,3,56.78,97,Home,57,29,8,15,175.29,Cash,7
2650,61,Female,100973,Other,Seattle,Bronze,58,30,276.44,317,Home,11,26,10,15,8784.56,Credit Card,6
2651,44,Female,51731,Other,Chicago,Bronze,5,18,431.6,29,Grocery,40,3,11,7,7658.33,Net Banking,2
2652,49,Male,129360,Retired,Seattle,Bronze,46,6,434.69,190,Fashion,47,13,7,4,2878.4,Cash,2
2653,38,Male,16750,Doctor,Miami,Silver,98,20,306.24,337,Toys,2,17,11,9,5084.31,Net Banking,10
2654,25,Male,80018,Freelancer,Phoenix,Silver,75,35,202.78,278,Home,91,4,8,1,7122.92,Cash,1
2655,55,Female,101984,Other,Phoenix,Bronze,2,19,328.65,200,Grocery,52,27,5,1,7010.1,UPI,10
2656,25,Male,122983,Engineer,Dallas,Silver,89,26,383.45,321,Books,72,2,1,4,9182.17,UPI,2
2657,67,Female,43451,Retired,San Francisco,Bronze,25,35,211.7,188,Grocery,49,18,7,15,8427.32,Cash,9
2658,20,Male,108743,Retired,Chicago,Bronze,1,12,243.36,257,Sports,59,11,13,15,3250.7,UPI,1
2659,61,Female,86474,Retired,Phoenix,Bronze,95,8,343.5,154,Grocery,38,25,0,3,2836.67,Credit Card,10
2660,20,Male,27150,Engineer,New York,Bronze,69,37,439.56,318,Sports,16,30,10,13,14651.33,Net Banking,4
2661,39,Male,28406,Teacher,Boston,Bronze,40,49,397.6,227,Books,88,27,4,3,22296.24,UPI,2
2662,23,Female,131047,Student,Phoenix,Bronze,68,10,20.97,4,Electronics,87,18,1,2,170.27,Debit Card,5
2663,19,Male,138971,Teacher,Houston,Gold,69,21,70.94,128,Grocery,78,19,12,8,1544.87,Cash,10
2664,40,Male,118157,Engineer,New York,Gold,69,49,427.86,73,Fashion,27,10,6,7,23334.74,Cash,8
2665,61,Male,33325,Doctor,San Francisco,Silver,16,41,418.57,364,Fashion,74,20,4,15,17061.17,UPI,1
2666,19,Male,109415,Student,New York,Gold,54,45,200.52,23,Electronics,28,19,9,3,7589.96,Cash,9
2667,55,Male,32669,Engineer,Seattle,Bronze,63,42,296.3,314,Books,89,8,2,6,14107.11,Debit Card,7
2668,34,Male,142385,Doctor,Boston,Gold,18,29,453.86,278,Home,66,19,13,7,15315.7,Cash,5
2669,52,Male,87010,Freelancer,Los Angeles,Bronze,17,31,456.66,205,Fashion,45,26,6,13,14514.96,Debit Card,5
2670,51,Female,147915,Business,Boston,Silver,99,40,393.72,145,Toys,33,22,11,15,17557.74,Cash,9
2671,40,Female,65812,Retired,Phoenix,Silver,82,7,112.7,88,Sports,60,25,2,5,823.84,Cash,9
2672,47,Male,31059,Other,Dallas,Bronze,4,34,367.84,21,Grocery,50,26,5,1,12873.17,Debit Card,2
2673,69,Male,101269,Engineer,Miami,Platinum,95,34,59.54,299,Beauty,46,4,3,7,1725.38,Net Banking,8
2674,25,Male,40395,Business,San Francisco,Bronze,95,30,448.03,43,Books,35,9,11,2,13101.07,Credit Card,5
2675,39,Female,35202,Teacher,Dallas,Bronze,9,4,83.08,36,Toys,41,8,9,13,356.09,Debit Card,2
2676,61,Female,118235,Business,Phoenix,Bronze,31,41,334.55,6,Toys,58,24,1,3,13466.82,Credit Card,9
2677,53,Male,60510,Engineer,Dallas,Bronze,5,30,309.02,279,Grocery,77,12,8,3,9707.3,Cash,4
2678,22,Female,102945,Business,Houston,Bronze,100,25,390.68,168,Books,55,28,5,6,11309.44,Net Banking,5
2679,30,Male,85649,Retired,New York,Bronze,16,14,280.27,69,Books,5,28,14,7,3713.81,Debit Card,7
2680,46,Male,121723,Student,Miami,Bronze,42,24,39.19,212,Grocery,5,7,15,8,1064.14,Net Banking,2
2681,48,Male,17881,Engineer,Phoenix,Gold,41,43,355.86,70,Beauty,22,21,4,0,12419.36,Debit Card,5
2682,64,Male,60913,Doctor,Seattle,Bronze,80,31,197.75,206,Home,34,12,12,0,6995.01,UPI,8
2683,33,Female,126860,Business,San Francisco,Bronze,84,39,166.94,71,Books,65,27,4,11,5486.34,Debit Card,1
2684,59,Female,99785,Student,Seattle,Silver,30,28,495.92,315,Fashion,59,26,7,13,12893.99,Credit Card,8
2685,47,Male,77457,Retired,New York,Platinum,26,25,299.3,179,Toys,17,21,4,6,7522.74,UPI,2
2686,33,Female,20741,Teacher,Miami,Bronze,49,19,358.25,207,Fashion,51,27,7,3,7215.25,Cash,4
2687,29,Female,112091,Teacher,New York,Bronze,31,4,267.9,176,Grocery,49,30,7,9,1265.82,Debit Card,3
2688,34,Male,43690,Retired,Chicago,Platinum,50,34,387.29,194,Fashion,9,17,0,7,12151.46,Credit Card,2
2689,33,Female,47833,Business,Seattle,Bronze,15,32,378.52,300,Books,74,22,3,4,10103.63,Cash,10
2690,29,Male,117566,Teacher,New York,Silver,52,25,332.0,238,Books,15,8,8,0,8163.33,Credit Card,10
2691,25,Male,86240,Doctor,New York,Bronze,38,22,498.89,153,Sports,29,30,13,1,10296.27,Cash,2
2692,37,Male,121898,Engineer,Dallas,Platinum,38,28,235.3,153,Books,53,8,14,9,6852.25,Debit Card,10
2693,20,Male,92711,Student,Phoenix,Platinum,60,18,356.03,29,Sports,25,1,1,13,7492.31,Net Banking,6
2694,33,Female,54023,Freelancer,Dallas,Gold,20,7,400.91,26,Beauty,85,24,10,2,2967.3,Cash,3
2695,47,Male,55209,Business,Chicago,Bronze,99,11,194.26,239,Books,81,6,3,1,2203.54,Net Banking,10
2696,62,Female,108590,Teacher,Boston,Silver,87,42,234.02,242,Toys,91,4,3,8,8830.56,Cash,4
2697,40,Male,101612,Engineer,Boston,Bronze,44,11,484.89,131,Toys,28,20,0,12,4831.91,Net Banking,4
2698,45,Male,95522,Freelancer,Dallas,Gold,89,9,25.82,178,Grocery,23,5,9,6,226.44,Debit Card,2
2699,68,Female,126654,Doctor,Los Angeles,Platinum,63,35,174.29,338,Home,100,12,9,15,7054.93,Credit Card,4
2700,57,Male,134107,Teacher,Seattle,Silver,50,37,248.24,97,Sports,3,23,15,1,9476.9,Debit Card,2
2701,22,Female,37462,Teacher,Dallas,Silver,22,23,10.72,325,Electronics,33,17,13,6,246.03,Cash,4
2702,37,Female,32821,Student,Houston,Bronze,72,33,450.57,236,Fashion,71,2,6,11,15121.86,UPI,8
2703,57,Male,107889,Doctor,Houston,Silver,54,1,150.26,334,Home,69,9,11,11,170.32,Credit Card,9
2704,61,Male,103952,Doctor,San Francisco,Silver,9,20,136.28,137,Grocery,90,22,0,9,2919.55,Net Banking,4
2705,18,Male,133066,Business,Chicago,Bronze,15,5,411.96,117,Sports,17,2,4,0,2411.96,Credit Card,4
2706,47,Male,94364,Freelancer,Chicago,Bronze,48,29,146.21,105,Beauty,81,0,7,13,4378.73,Credit Card,7
2707,38,Male,85077,Student,Dallas,Bronze,20,26,332.24,35,Sports,67,5,3,13,7587.93,Debit Card,1
2708,37,Male,55644,Business,Miami,Gold,35,38,412.54,45,Electronics,67,22,4,4,12658.64,Cash,7
2709,23,Female,77643,Student,New York,Gold,67,3,398.31,103,Sports,34,15,10,4,1107.52,Debit Card,9
2710,39,Female,28311,Doctor,Phoenix,Platinum,60,21,393.16,363,Grocery,8,24,9,8,6812.28,Cash,4
2711,35,Male,144466,Student,New York,Gold,98,13,53.43,359,Beauty,45,16,15,3,668.77,UPI,2
2712,25,Female,45531,Student,New York,Silver,34,31,49.13,69,Books,60,26,11,3,1332.89,Debit Card,4
2713,56,Female,29588,Student,Chicago,Bronze,100,17,160.32,206,Toys,56,15,2,5,2621.78,UPI,2
2714,49,Male,64416,Other,Chicago,Platinum,99,35,27.61,220,Beauty,70,24,4,14,927.39,Cash,10
2715,50,Male,36711,Engineer,Houston,Silver,73,23,255.21,88,Electronics,22,9,11,13,5344.52,Credit Card,7
2716,70,Female,131348,Engineer,Chicago,Silver,94,3,203.44,2,Toys,33,6,2,10,647.63,UPI,6
2717,33,Male,37076,Freelancer,Dallas,Silver,54,45,282.94,297,Grocery,50,7,3,1,12393.28,UPI,2
2718,29,Female,99274,Freelancer,Houston,Gold,90,2,156.41,230,Electronics,71,2,10,13,362.05,Cash,6
2719,55,Male,72609,Retired,Seattle,Bronze,12,3,248.02,117,Electronics,83,4,2,9,617.89,Cash,9
2720,69,Female,73480,Doctor,New York,Bronze,88,20,174.02,310,Electronics,46,30,4,15,3355.97,Debit Card,8
2721,51,Female,22044,Student,Seattle,Silver,19,48,105.65,113,Sports,52,18,1,5,5630.96,Debit Card,9
2722,31,Female,70486,Doctor,New York,Gold,80,44,328.19,201,Fashion,74,6,8,6,14408.8,Cash,5
2723,53,Female,70162,Engineer,New York,Silver,26,9,339.98,29,Sports,87,17,2,3,3630.27,UPI,10
2724,50,Male,44882,Other,San Francisco,Silver,23,48,416.32,363,Grocery,66,21,9,9,17384.11,Net Banking,2
2725,40,Male,69078,Student,New York,Bronze,33,4,438.63,246,Home,21,25,13,8,1625.4,Debit Card,5
2726,67,Female,73734,Business,Miami,Gold,57,25,355.19,80,Electronics,24,17,0,15,7516.37,Cash,10
2727,62,Female,123730,Engineer,Seattle,Gold,30,50,346.87,245,Electronics,48,24,4,4,15586.46,Net Banking,3
2728,19,Male,102985,Engineer,New York,Silver,23,1,37.77,183,Fashion,13,30,3,13,40.38,Net Banking,4
2729,58,Male,59028,Engineer,Los Angeles,Bronze,74,39,63.79,272,Beauty,64,5,1,2,2474.82,Net Banking,7
2730,38,Female,113938,Retired,Los Angeles,Platinum,36,12,408.16,32,Electronics,5,4,14,8,4235.85,Net Banking,2
2731,19,Female,133319,Student,Los Angeles,Silver,95,40,124.15,101,Toys,18,5,15,0,4915.73,Credit Card,6
2732,44,Female,47543,Freelancer,Dallas,Gold,86,40,184.23,276,Sports,75,28,11,7,8393.23,Debit Card,1
2733,26,Female,139279,Teacher,Houston,Bronze,43,24,81.2,110,Books,37,27,11,0,1901.89,Net Banking,10
2734,18,Female,44362,Business,Seattle,Bronze,66,9,105.62,205,Electronics,54,5,7,9,765.49,Net Banking,3
2735,28,Male,57915,Business,New York,Gold,53,46,389.95,265,Grocery,32,21,8,7,14744.23,Cash,7
2736,20,Female,66370,Doctor,Boston,Bronze,87,20,138.31,214,Books,28,30,5,4,2697.73,Cash,5
2737,69,Male,126375,Student,Houston,Silver,99,5,230.03,102,Fashion,86,25,7,6,1193.05,Credit Card,8
2738,40,Male,84812,Freelancer,Boston,Silver,60,20,84.32,294,Home,45,21,1,7,1947.14,Net Banking,7
2739,43,Male,49017,Engineer,Phoenix,Gold,37,21,342.19,77,Beauty,28,24,10,14,8571.34,Credit Card,7
2740,21,Female,71792,Teacher,Miami,Bronze,61,2,366.85,174,Home,65,22,5,10,874.68,Cash,1
2741,35,Male,144198,Student,Phoenix,Bronze,96,21,187.23,341,Grocery,70,10,0,11,4022.88,Debit Card,1
2742,23,Male,32629,Student,Chicago,Platinum,53,42,394.53,51,Sports,75,16,9,0,13493.03,UPI,6
2743,52,Male,143614,Retired,Houston,Silver,12,24,127.55,296,Home,42,25,2,0,2710.36,UPI,8
2744,39,Male,111950,Freelancer,Boston,Bronze,35,9,349.03,174,Grocery,33,8,14,6,3058.76,Credit Card,3
2745,60,Female,79829,Teacher,San Francisco,Bronze,67,39,367.68,342,Home,16,21,15,0,16517.27,Cash,8
2746,32,Female,25588,Engineer,New York,Platinum,98,30,484.64,198,Electronics,13,15,6,3,11756.74,UPI,8
2747,39,Male,146514,Student,Dallas,Bronze,38,18,123.84,87,Fashion,21,9,11,14,2237.45,Net Banking,1
2748,54,Male,120280,Business,Seattle,Silver,24,44,55.92,170,Toys,59,14,12,5,2611.52,Debit Card,5
2749,69,Female,55721,Other,New York,Silver,81,43,138.89,36,Electronics,47,7,12,1,5466.37,Cash,9
2750,59,Female,25599,Business,Seattle,Gold,40,10,70.2,122,Fashion,39,13,0,9,650.24,Credit Card,10
2751,29,Female,87594,Teacher,San Francisco,Gold,65,45,93.15,200,Sports,88,15,5,4,4004.68,Cash,10
2752,64,Male,149011,Other,New York,Silver,57,41,173.72,63,Grocery,43,18,6,9,6480.34,Debit Card,3
2753,66,Female,37149,Engineer,Miami,Bronze,72,48,212.86,187,Home,27,2,2,9,9960.57,Cash,9
2754,59,Male,142616,Teacher,Chicago,Gold,79,21,452.82,214,Fashion,37,12,10,10,8208.71,Credit Card,9
2755,55,Male,124034,Student,Los Angeles,Silver,45,22,105.85,242,Grocery,3,29,7,15,2048.63,Net Banking,1
2756,35,Female,35951,Retired,San Francisco,Platinum,89,17,486.16,149,Books,76,27,7,10,6734.54,Cash,2
2757,62,Male,61766,Retired,Chicago,Silver,72,5,406.98,123,Home,7,8,4,14,1962.71,Credit Card,3
2758,52,Female,72014,Business,New York,Silver,96,6,441.92,197,Toys,58,11,10,9,2871.42,Net Banking,4
2759,47,Male,102122,Retired,Boston,Bronze,13,10,465.43,35,Books,20,24,1,10,4665.75,UPI,5
2760,41,Female,24308,Doctor,Chicago,Gold,79,43,379.09,301,Books,79,4,1,5,16500.77,Cash,5
2761,59,Male,74252,Teacher,Dallas,Bronze,6,2,396.5,277,Toys,65,20,4,4,777.12,Net Banking,10
2762,47,Male,98211,Retired,Chicago,Bronze,97,7,224.53,34,Fashion,74,18,3,9,1625.05,UPI,5
2763,31,Female,141534,Doctor,Phoenix,Bronze,71,46,260.12,112,Electronics,14,6,11,7,10671.69,Cash,3
2764,23,Female,23720,Doctor,Miami,Bronze,97,4,466.92,174,Fashion,79,6,3,10,1649.17,Cash,6
2765,20,Female,141204,Freelancer,San Francisco,Bronze,47,37,195.35,32,Fashion,98,18,4,3,8505.75,Debit Card,4
2766,33,Female,94993,Business,Los Angeles,Bronze,93,19,30.55,212,Beauty,49,7,0,7,568.94,Cash,9
2767,24,Male,62113,Teacher,New York,Gold,44,28,383.75,202,Home,89,5,14,10,12151.2,Cash,2
2768,69,Female,63926,Doctor,San Francisco,Bronze,32,20,290.85,253,Home,95,2,6,2,6786.88,Net Banking,1
2769,31,Female,40905,Student,Houston,Gold,3,30,409.29,55,Books,74,21,2,6,12842.95,Credit Card,7
2770,26,Male,65385,Retired,San Francisco,Bronze,54,42,47.02,322,Sports,37,0,9,11,1815.9,Debit Card,9
2771,32,Female,45653,Freelancer,Dallas,Silver,84,38,314.4,12,Home,6,5,13,4,12806.46,Cash,10
2772,38,Female,106865,Engineer,San Francisco,Silver,78,2,131.38,49,Electronics,6,22,14,11,255.5,Net Banking,9
2773,52,Male,140813,Retired,Houston,Platinum,92,3,452.6,247,Electronics,28,19,9,4,1614.73,Net Banking,3
2774,19,Female,30052,Retired,Chicago,Gold,38,47,63.86,232,Grocery,78,30,13,5,3375.14,Credit Card,1
2775,44,Female,36381,Retired,Phoenix,Silver,4,42,423.1,27,Fashion,13,19,15,14,20008.85,UPI,9
2776,19,Female,98108,Freelancer,Chicago,Gold,79,49,53.39,103,Fashion,13,18,7,11,2708.92,Cash,7
2777,52,Female,64892,Engineer,Chicago,Bronze,17,39,22.3,353,Home,10,20,8,4,698.69,UPI,8
2778,35,Female,106501,Business,Houston,Silver,37,25,125.18,95,Fashion,80,27,7,12,3544.87,Credit Card,6
2779,31,Female,98391,Teacher,Seattle,Bronze,88,2,173.19,342,Electronics,39,12,10,0,280.62,Net Banking,10
2780,37,Male,32920,Teacher,Los Angeles,Bronze,36,39,317.0,343,Beauty,99,26,11,14,10495.49,UPI,6
2781,35,Female,31702,Engineer,Houston,Bronze,58,15,74.55,192,Grocery,79,16,13,8,1269.74,Credit Card,4
2782,27,Male,16894,Other,Chicago,Gold,41,3,224.29,124,Fashion,23,21,1,10,597.18,UPI,2
2783,42,Male,45985,Retired,San Francisco,Silver,8,5,110.09,80,Beauty,37,17,14,3,625.56,Net Banking,1
2784,19,Male,140702,Student,Los Angeles,Gold,67,40,429.1,6,Home,8,19,6,4,15353.89,Cash,6
2785,42,Male,88527,Engineer,New York,Silver,30,36,32.03,329,Toys,90,29,15,0,1277.94,Debit Card,9
2786,50,Female,143676,Engineer,Boston,Bronze,86,50,184.41,82,Sports,60,5,11,2,9376.06,Net Banking,10
2787,53,Female,57235,Teacher,New York,Gold,52,40,319.37,23,Electronics,86,10,3,2,13648.56,UPI,10
2788,48,Female,39976,Doctor,Dallas,Gold,97,38,457.41,113,Sports,5,26,12,7,19732.14,Cash,2
2789,31,Male,97643,Student,Chicago,Platinum,25,37,435.32,14,Toys,98,5,4,10,19225.31,Debit Card,1
2790,18,Female,122631,Teacher,San Francisco,Silver,52,27,448.64,112,Electronics,27,27,10,15,10105.83,Credit Card,1
2791,63,Female,71697,Freelancer,Seattle,Gold,59,5,40.8,341,Grocery,19,25,15,7,219.13,Cash,7
2792,33,Female,85382,Engineer,Phoenix,Gold,30,17,422.05,249,Toys,43,6,9,8,8491.36,Net Banking,1
2793,63,Male,31651,Other,Phoenix,Bronze,67,38,392.16,144,Home,43,0,4,13,14149.8,UPI,9
2794,69,Male,29633,Doctor,Los Angeles,Bronze,4,45,452.19,18,Sports,35,27,10,9,18995.33,Debit Card,9
2795,20,Female,94164,Student,Seattle,Bronze,93,41,162.67,8,Grocery,84,21,8,14,7149.61,Cash,3
2796,52,Male,15569,Business,Boston,Bronze,57,12,456.76,319,Books,55,24,11,6,5266.15,Debit Card,2
2797,58,Male,82509,Student,New York,Silver,63,42,207.29,184,Books,61,23,1,5,7711.8,Debit Card,9
2798,23,Female,138425,Student,Boston,Platinum,32,31,320.71,37,Grocery,47,7,1,15,8595.73,Cash,3
2799,42,Male,116126,Retired,Miami,Silver,87,33,217.85,210,Grocery,77,26,2,13,6305.17,UPI,2
2800,30,Male,142522,Engineer,New York,Gold,83,43,219.55,133,Sports,56,13,4,15,10212.18,Credit Card,4
2801,70,Female,48038,Engineer,New York,Silver,79,29,277.85,101,Sports,82,21,11,7,9407.13,Cash,7
2802,51,Male,53138,Business,New York,Bronze,51,38,184.4,148,Toys,18,19,3,2,7864.92,Credit Card,4
2803,25,Male,125740,Business,San Francisco,Bronze,63,3,398.44,92,Sports,65,0,9,14,1170.55,Debit Card,8
2804,38,Male,126174,Business,Houston,Silver,80,38,320.48,289,Books,96,4,9,14,12317.56,Debit Card,5
2805,51,Male,64272,Teacher,San Francisco,Gold,87,41,347.98,139,Books,53,28,15,9,14952.99,UPI,2
2806,21,Male,66455,Teacher,Phoenix,Platinum,1,40,123.21,294,Fashion,89,4,11,9,5086.0,Cash,10
2807,42,Male,83447,Engineer,San Francisco,Bronze,19,30,485.09,351,Toys,85,13,8,9,17279.72,Cash,4
2808,32,Male,92108,Engineer,Boston,Gold,35,47,333.49,261,Grocery,91,6,2,7,18098.45,Net Banking,7
2809,21,Male,53333,Business,San Francisco,Bronze,63,22,106.63,80,Home,11,16,0,2,1917.54,UPI,1
2810,62,Female,136219,Teacher,Houston,Silver,94,38,377.74,31,Fashion,1,28,4,12,16281.97,Cash,7
2811,29,Female,98029,Doctor,Los Angeles,Silver,81,32,95.12,187,Electronics,83,10,7,1,2573.95,Debit Card,3
2812,49,Female,54697,Teacher,Seattle,Bronze,26,43,41.06,135,Toys,96,21,0,8,1899.91,UPI,7
2813,49,Female,32634,Engineer,Los Angeles,Bronze,13,10,268.5,165,Books,8,30,0,0,2454.79,Net Banking,3
2814,45,Male,140520,Teacher,Miami,Bronze,86,32,281.23,146,Sports,19,6,12,9,9983.47,Net Banking,8
2815,30,Female,39561,Engineer,Phoenix,Bronze,23,43,102.59,244,Home,55,0,5,9,3544.28,Debit Card,4
2816,48,Female,70063,Business,Miami,Gold,97,4,180.71,182,Toys,16,14,14,1,688.8,Cash,1
2817,31,Male,40921,Retired,Miami,Bronze,91,29,473.43,8,Beauty,99,18,6,6,11101.77,Debit Card,1
2818,37,Male,34340,Business,Seattle,Silver,35,45,149.65,155,Electronics,66,9,13,0,7955.92,Net Banking,4
2819,35,Male,77781,Business,Seattle,Bronze,12,8,86.23,317,Grocery,12,8,7,11,556.11,UPI,9
2820,46,Male,29901,Doctor,Houston,Gold,9,20,496.36,175,Books,93,12,7,4,8558.4,Cash,5
2821,23,Male,25638,Retired,Houston,Gold,98,47,158.13,113,Books,74,23,2,11,7548.86,Debit Card,5
2822,49,Female,59324,Doctor,Los Angeles,Gold,78,7,343.32,242,Grocery,62,12,14,8,2543.73,Cash,3
2823,46,Male,103356,Engineer,Houston,Silver,67,1,123.46,166,Toys,86,29,3,8,134.77,UPI,5
2824,60,Female,47642,Student,Houston,Bronze,44,25,279.56,222,Toys,98,25,8,10,6281.44,Net Banking,7
2825,19,Female,40378,Freelancer,Dallas,Gold,61,26,199.28,190,Home,58,5,10,3,4768.84,Debit Card,3
2826,40,Male,65867,Doctor,Chicago,Bronze,21,9,481.17,274,Fashion,21,7,4,9,3879.99,Net Banking,5
2827,36,Female,88686,Engineer,Los Angeles,Bronze,7,23,222.07,288,Books,37,11,14,13,4584.74,Debit Card,3
2828,48,Female,57875,Retired,Seattle,Bronze,97,40,296.25,63,Sports,5,1,13,14,13185.7,Cash,1
2829,68,Male,133171,Teacher,Los Angeles,Silver,99,2,472.94,281,Books,70,28,10,1,1115.38,Credit Card,6
2830,22,Female,115061,Retired,Seattle,Silver,11,26,494.72,172,Home,32,15,13,8,13355.63,Debit Card,3
2831,36,Female,79377,Business,San Francisco,Silver,45,14,59.81,256,Sports,67,28,8,10,722.6,Debit Card,2
2832,51,Female,69691,Business,Chicago,Silver,32,44,418.82,202,Books,10,11,11,3,15224.78,Net Banking,3
2833,27,Male,64063,Business,Dallas,Bronze,86,31,197.24,76,Electronics,69,22,4,2,5476.52,Credit Card,5
2834,42,Male,106782,Engineer,Dallas,Platinum,83,26,301.47,102,Home,88,17,4,12,6828.01,Credit Card,5
2835,19,Male,93343,Business,Boston,Silver,36,49,193.77,225,Electronics,84,2,8,2,9792.94,Credit Card,9
2836,28,Female,98071,Doctor,Phoenix,Silver,37,19,206.55,225,Electronics,62,17,5,12,4235.16,Credit Card,9
2837,67,Male,136399,Teacher,Seattle,Silver,75,38,87.84,226,Toys,37,10,2,6,2676.47,UPI,2
2838,48,Female,46357,Business,Phoenix,Bronze,41,5,290.66,95,Beauty,95,4,11,11,1418.2,Cash,6
2839,32,Male,47314,Engineer,San Francisco,Bronze,77,6,277.89,75,Beauty,47,12,4,15,1749.36,Debit Card,9
2840,26,Female,85283,Teacher,Dallas,Silver,92,35,102.78,32,Grocery,81,9,0,1,3155.37,Cash,9
2841,40,Male,74567,Business,San Francisco,Bronze,49,16,275.45,81,Toys,49,20,8,4,5114.06,Cash,6
2842,36,Male,62006,Student,Miami,Bronze,15,31,486.82,68,Books,24,21,9,1,15387.29,Cash,1
2843,26,Female,76606,Other,Chicago,Gold,13,18,360.06,338,Grocery,82,14,13,6,6080.28,Cash,1
2844,52,Male,33891,Business,Boston,Silver,53,14,245.68,218,Grocery,26,5,9,6,2777.31,UPI,9
2845,38,Female,116732,Freelancer,San Francisco,Silver,33,25,458.88,361,Toys,55,15,10,2,11399.99,Net Banking,3
2846,26,Male,44877,Retired,Boston,Silver,72,15,291.9,357,Home,7,30,6,2,4091.18,UPI,5
2847,45,Male,29026,Doctor,Chicago,Platinum,32,26,76.17,301,Sports,78,22,0,7,2352.38,Debit Card,6
2848,63,Female,35422,Teacher,Los Angeles,Bronze,48,36,278.28,119,Grocery,41,29,15,6,9532.22,Credit Card,1
2849,68,Female,48481,Doctor,San Francisco,Gold,68,11,98.68,47,Fashion,2,7,13,3,1268.28,Net Banking,1
2850,24,Female,104180,Student,Houston,Silver,57,37,386.08,67,Electronics,30,19,10,1,15348.07,Debit Card,4
2851,33,Male,124384,Student,New York,Bronze,62,41,483.92,338,Home,81,24,10,11,16459.57,Credit Card,6
2852,33,Female,73031,Freelancer,Dallas,Bronze,82,37,186.8,84,Sports,20,2,3,15,8107.92,UPI,8
2853,50,Male,147818,Doctor,Dallas,Silver,87,7,223.11,275,Books,56,4,1,12,1354.65,Cash,7
2854,21,Female,98127,Teacher,Dallas,Silver,93,18,216.53,255,Beauty,74,30,2,2,3816.51,Debit Card,2
2855,21,Female,107254,Student,Los Angeles,Bronze,2,50,149.8,204,Electronics,24,14,3,10,8757.32,Cash,4
2856,56,Female,83232,Other,New York,Silver,77,20,399.15,232,Grocery,12,2,11,10,9032.0,Cash,5
2857,57,Female,95224,Student,Chicago,Silver,16,2,312.69,64,Beauty,91,14,13,13,622.27,Cash,8
2858,34,Female,44960,Business,Los Angeles,Silver,8,26,41.39,316,Beauty,15,1,1,10,949.98,Net Banking,7
2859,54,Female,102695,Freelancer,Dallas,Gold,19,23,421.02,78,Beauty,73,11,9,14,9719.33,Credit Card,4
2860,56,Male,145066,Retired,Dallas,Gold,32,32,101.67,13,Toys,82,26,0,2,3315.43,Cash,8
2861,69,Female,17693,Engineer,Phoenix,Silver,67,13,489.78,324,Home,48,4,10,4,7632.77,Debit Card,8
2862,46,Male,130313,Retired,Boston,Platinum,32,13,194.56,304,Toys,61,8,3,15,2857.11,Net Banking,4
2863,69,Female,43810,Other,Boston,Bronze,85,17,312.06,168,Electronics,71,21,8,12,6071.74,Credit Card,2
2864,53,Female,35092,Retired,Phoenix,Bronze,25,25,48.13,158,Sports,28,3,13,6,1437.25,Debit Card,3
2865,55,Female,73105,Other,Miami,Bronze,53,22,178.89,115,Electronics,100,22,10,3,3972.29,Net Banking,5
2866,56,Male,43555,Student,Phoenix,Silver,81,27,403.15,345,Toys,3,25,10,0,11256.13,Net Banking,1
2867,67,Male,86934,Teacher,Boston,Silver,25,17,243.83,191,Fashion,16,20,8,2,4069.58,Credit Card,5
2868,54,Female,87788,Teacher,Dallas,Silver,33,26,453.26,344,Grocery,36,27,11,2,10019.19,Cash,4
2869,69,Male,92257,Business,Houston,Bronze,31,38,291.82,182,Home,4,6,8,0,11201.19,Debit Card,5
2870,52,Female,32939,Other,Boston,Bronze,36,14,465.0,230,Toys,99,15,2,7,6725.06,UPI,1
2871,24,Female,143068,Teacher,New York,Gold,87,14,491.48,167,Sports,9,12,15,3,6157.62,Cash,10
2872,44,Male,15036,Business,Houston,Gold,89,12,232.41,14,Home,12,1,0,4,3104.43,UPI,7
2873,45,Male,108948,Student,Los Angeles,Silver,49,5,286.93,192,Sports,74,1,0,2,1219.16,Debit Card,10
2874,39,Male,98707,Student,Boston,Silver,44,37,419.11,232,Grocery,44,8,13,3,15519.47,UPI,9
2875,31,Male,54051,Retired,Chicago,Silver,48,4,118.55,262,Books,66,14,2,0,505.06,UPI,5
2876,24,Female,95738,Student,San Francisco,Bronze,30,29,432.2,53,Fashion,19,30,9,12,10302.44,Credit Card,3
2877,54,Male,88596,Student,San Francisco,Silver,13,25,300.04,179,Beauty,13,3,13,12,8413.28,Credit Card,9
2878,39,Male,75071,Other,New York,Silver,43,45,365.5,3,Grocery,55,16,7,3,15159.03,Credit Card,6
2879,22,Female,145613,Engineer,Seattle,Silver,93,4,49.13,256,Toys,97,8,15,1,213.64,UPI,6
2880,19,Male,88601,Freelancer,San Francisco,Bronze,16,50,385.43,360,Beauty,65,14,14,9,16251.34,UPI,10
2881,44,Male,44873,Retired,New York,Platinum,91,16,162.29,321,Grocery,92,0,3,13,2721.59,Net Banking,10
2882,38,Male,86468,Retired,Seattle,Gold,26,50,404.56,239,Electronics,70,29,10,5,20690.91,Net Banking,3
2883,55,Male,41470,Freelancer,Los Angeles,Bronze,75,2,259.48,162,Toys,3,30,7,1,446.31,Credit Card,1
2884,32,Female,23328,Engineer,Seattle,Silver,47,23,144.56,336,Home,25,26,13,14,3490.78,Net Banking,4
2885,38,Female,136173,Student,Chicago,Platinum,37,4,476.85,137,Fashion,52,1,6,8,2053.37,Cash,4
2886,27,Male,61638,Teacher,Boston,Bronze,3,20,384.88,323,Toys,16,8,13,1,7692.99,Net Banking,3
2887,40,Male,26268,Business,San Francisco,Silver,26,17,492.99,228,Home,43,10,7,3,8644.25,Net Banking,5
2888,56,Female,128920,Retired,Dallas,Silver,98,6,188.59,101,Toys,56,18,1,12,1306.89,Cash,9
2889,22,Male,125379,Freelancer,Phoenix,Silver,97,18,328.12,192,Fashion,68,26,7,3,6373.23,Cash,9
2890,18,Male,22887,Doctor,Boston,Gold,15,20,309.68,306,Grocery,8,0,8,15,7199.33,Debit Card,8
2891,30,Male,39918,Business,Los Angeles,Bronze,66,39,346.9,29,Fashion,80,18,9,11,13812.37,UPI,10
2892,38,Male,50497,Doctor,Los Angeles,Bronze,28,45,28.78,294,Beauty,44,8,10,10,1126.66,UPI,6
2893,43,Male,108562,Doctor,New York,Bronze,84,41,152.94,246,Fashion,38,27,5,15,5634.18,Credit Card,4
2894,67,Male,26929,Other,Miami,Bronze,38,34,455.58,220,Fashion,23,1,13,0,13484.8,Debit Card,2
2895,62,Male,117201,Retired,Seattle,Silver,44,40,217.67,171,Home,6,4,2,12,8133.02,Debit Card,10
2896,38,Male,131566,Student,Seattle,Gold,53,46,480.72,159,Fashion,43,16,6,10,21914.42,Debit Card,3
2897,70,Male,43546,Other,New York,Bronze,80,24,114.62,171,Books,44,25,8,6,2482.32,Debit Card,9
2898,35,Female,97494,Doctor,Phoenix,Silver,4,18,498.74,62,Sports,80,0,15,0,8889.83,Net Banking,1
2899,54,Female,61566,Student,Dallas,Silver,72,30,351.81,60,Books,80,13,7,12,9981.66,Debit Card,7
2900,62,Female,100464,Engineer,Los Angeles,Bronze,44,1,390.43,64,Grocery,23,11,14,7,399.07,Credit Card,10
2901,49,Male,143279,Teacher,Boston,Silver,46,23,204.46,168,Electronics,16,22,13,15,4568.11,UPI,6
2902,53,Male,96991,Doctor,Phoenix,Silver,84,29,454.43,80,Toys,100,25,7,2,12831.05,Debit Card,2
2903,34,Female,107680,Retired,Dallas,Silver,26,41,277.28,246,Toys,76,9,10,13,11325.83,UPI,5
2904,52,Male,43013,Teacher,Miami,Bronze,96,41,343.66,267,Electronics,9,18,6,7,16839.74,Cash,2
2905,66,Female,67132,Student,Boston,Silver,13,32,56.46,257,Sports,82,14,4,7,1847.59,Credit Card,9
2906,28,Male,122855,Doctor,New York,Platinum,69,2,319.52,72,Home,9,0,1,9,696.13,Cash,5
2907,38,Female,106627,Business,Boston,Silver,44,48,440.75,331,Sports,85,0,4,11,20451.47,Debit Card,6
2908,69,Female,137772,Other,Chicago,Bronze,53,36,97.36,187,Electronics,58,28,4,13,3260.8,Net Banking,4
2909,70,Female,79068,Retired,Miami,Silver,51,45,371.49,24,Beauty,65,10,1,9,19502.63,Net Banking,1
2910,43,Male,31116,Engineer,New York,Bronze,13,17,22.45,227,Electronics,59,30,10,4,418.65,Credit Card,3
2911,21,Female,66369,Freelancer,New York,Silver,41,43,463.84,117,Electronics,23,10,9,13,20602.75,Debit Card,5
2912,51,Male,118100,Engineer,New York,Bronze,11,2,491.63,107,Books,69,4,0,13,918.93,Debit Card,3
2913,69,Male,44655,Other,San Francisco,Bronze,37,4,183.55,241,Toys,19,2,4,2,663.09,Debit Card,8
2914,65,Male,62632,Doctor,Phoenix,Silver,60,44,62.47,98,Grocery,35,10,5,10,2476.09,Debit Card,2
2915,35,Male,33895,Other,Dallas,Bronze,32,34,332.7,21,Electronics,97,3,12,10,11328.68,Credit Card,2
2916,57,Male,38086,Retired,Seattle,Silver,45,1,24.62,55,Electronics,55,5,6,11,28.31,Credit Card,1
2917,52,Male,100637,Engineer,Los Angeles,Bronze,18,23,246.42,148,Books,82,17,10,10,6531.52,Credit Card,1
2918,58,Male,122334,Freelancer,Los Angeles,Bronze,93,6,143.17,310,Fashion,40,6,1,8,943.2,Net Banking,4
2919,46,Female,78083,Business,Chicago,Gold,79,16,241.94,39,Sports,14,20,5,0,3936.83,Debit Card,8
2920,69,Female,110028,Teacher,Chicago,Platinum,20,2,18.96,149,Books,84,23,14,0,33.9,Cash,8
2921,46,Female,81957,Other,Chicago,Bronze,44,46,35.29,120,Toys,13,3,15,15,1609.61,UPI,8
2922,55,Male,112551,Business,Houston,Silver,36,12,17.83,259,Electronics,53,13,11,13,230.63,Credit Card,1
2923,59,Male,93506,Engineer,Chicago,Bronze,69,27,313.37,25,Electronics,80,27,7,1,8782.56,Credit Card,1
2924,38,Male,109024,Freelancer,Los Angeles,Silver,37,19,284.45,111,Beauty,95,7,5,12,5434.89,Net Banking,7
2925,59,Male,96481,Teacher,Miami,Silver,33,28,124.25,22,Toys,39,19,2,9,3379.1,Net Banking,7
2926,30,Female,15255,Retired,Dallas,Bronze,82,35,326.86,168,Toys,99,10,2,5,12595.62,UPI,10
2927,66,Male,30487,Freelancer,Chicago,Gold,19,43,443.26,313,Books,84,29,10,1,21669.41,Net Banking,5
2928,58,Female,34346,Business,Miami,Bronze,51,4,145.89,263,Electronics,65,13,6,3,635.59,Credit Card,8
2929,34,Male,50050,Student,Houston,Bronze,32,49,417.68,115,Grocery,56,20,1,5,24051.43,Debit Card,6
2930,26,Female,23744,Student,Houston,Gold,22,49,334.63,306,Home,40,2,2,1,18232.49,Debit Card,1
2931,58,Male,76596,Teacher,Seattle,Silver,1,7,26.57,230,Beauty,46,10,6,3,182.32,Net Banking,7
2932,18,Female,134640,Other,San Francisco,Silver,54,37,193.82,188,Electronics,77,3,8,6,7506.25,UPI,8
2933,19,Male,70032,Teacher,San Francisco,Silver,89,25,258.8,256,Home,7,8,0,0,6481.3,Debit Card,8
2934,65,Female,57687,Teacher,Boston,Silver,20,41,368.53,119,Grocery,45,4,4,15,15389.7,Credit Card,10
2935,46,Male,77863,Student,San Francisco,Silver,58,17,150.69,285,Sports,22,12,12,15,2967.2,Debit Card,9
2936,50,Female,146663,Business,Boston,Bronze,35,41,491.54,272,Electronics,7,19,1,8,18547.81,UPI,3
2937,27,Female,21277,Other,Phoenix,Silver,70,14,345.42,357,Sports,84,3,11,9,3894.03,Net Banking,2
2938,67,Male,76860,Teacher,San Francisco,Silver,70,37,192.68,151,Electronics,52,6,4,9,7687.08,Cash,8
2939,57,Female,148332,Student,Houston,Silver,61,2,57.54,85,Beauty,100,1,12,15,100.4,Debit Card,4
2940,38,Male,39741,Teacher,Seattle,Gold,63,24,98.87,324,Toys,68,19,12,6,2044.69,Credit Card,2
2941,45,Male,134720,Teacher,Miami,Bronze,61,15,248.93,344,Beauty,70,18,5,8,4469.5,UPI,2
2942,28,Male,52211,Other,Chicago,Silver,57,48,252.4,326,Home,67,6,7,6,10984.97,Debit Card,2
2943,51,Female,21869,Other,San Francisco,Bronze,3,33,386.18,245,Grocery,3,19,6,15,11233.87,Cash,5
2944,25,Female,102616,Freelancer,Boston,Silver,95,12,365.83,313,Fashion,58,23,4,10,3847.33,Net Banking,8
2945,39,Male,109515,Teacher,Miami,Silver,99,19,108.62,314,Books,67,20,15,15,1991.43,Debit Card,9
2946,25,Male,75110,Student,New York,Gold,45,47,301.53,292,Home,100,24,10,0,13658.42,UPI,6
2947,66,Female,49033,Business,Los Angeles,Silver,15,5,20.1,161,Home,54,8,4,6,105.83,Debit Card,8
2948,32,Female,60213,Student,San Francisco,Gold,17,1,205.29,99,Grocery,9,18,13,10,172.74,Net Banking,6
2949,34,Female,27938,Student,Los Angeles,Gold,15,43,384.41,184,Electronics,54,24,1,8,17425.17,UPI,1
2950,40,Male,145842,Teacher,San Francisco,Platinum,5,9,205.76,275,Sports,80,19,5,12,1817.49,Cash,9
2951,41,Male,17274,Freelancer,New York,Silver,86,39,419.44,16,Sports,51,24,2,7,14445.26,Credit Card,10
2952,62,Male,99390,Doctor,Chicago,Platinum,46,34,488.32,259,Toys,16,27,5,15,18450.59,Net Banking,7
2953,36,Male,35044,Retired,Phoenix,Bronze,11,29,307.53,244,Electronics,12,29,15,15,8825.84,Debit Card,2
2954,22,Male,114372,Doctor,Dallas,Bronze,64,49,81.05,305,Fashion,20,1,2,11,4316.27,Cash,3
2955,49,Female,29706,Doctor,Miami,Silver,92,48,196.04,337,Fashion,53,20,1,3,10992.93,UPI,2
2956,61,Male,91464,Student,Miami,Platinum,14,48,14.65,49,Fashion,31,15,7,4,661.97,UPI,9
2957,18,Female,36213,Teacher,Chicago,Silver,39,46,305.34,271,Electronics,94,5,3,2,16281.17,UPI,8
2958,40,Female,16950,Other,Seattle,Bronze,67,2,412.57,234,Books,21,18,4,9,726.24,Debit Card,5
2959,54,Male,25411,Retired,Houston,Silver,55,19,318.67,71,Beauty,3,17,8,9,5381.76,Net Banking,4
2960,25,Female,143603,Doctor,San Francisco,Silver,42,28,395.18,316,Toys,21,16,3,11,11789.57,Cash,7
2961,30,Male,77744,Engineer,Dallas,Bronze,75,35,401.95,43,Home,92,10,12,1,11832.14,UPI,9
2962,25,Female,50053,Engineer,Seattle,Gold,94,40,427.0,305,Beauty,28,22,0,2,16771.06,Credit Card,8
2963,40,Male,72623,Engineer,Dallas,Platinum,5,48,140.67,79,Electronics,5,3,10,6,5979.26,Net Banking,8
2964,60,Male,44714,Business,Houston,Gold,52,22,436.92,285,Beauty,71,23,5,7,9884.68,Cash,2
2965,18,Female,124283,Teacher,Los Angeles,Bronze,22,4,330.51,48,Books,69,7,10,1,1484.29,Cash,10
2966,62,Male,23562,Student,San Francisco,Bronze,77,8,151.97,97,Fashion,73,23,10,8,993.24,UPI,9
2967,68,Female,70048,Student,Houston,Bronze,44,1,493.77,24,Beauty,47,17,4,12,476.65,Credit Card,2
2968,41,Male,108295,Teacher,Miami,Bronze,85,36,475.59,213,Electronics,85,12,9,3,18701.0,UPI,8
2969,52,Male,27026,Freelancer,Miami,Bronze,59,7,291.48,55,Toys,20,20,2,14,1911.62,Net Banking,5
2970,41,Male,121147,Other,San Francisco,Gold,25,25,423.17,254,Home,38,7,14,1,8639.89,Debit Card,6
2971,34,Female,46589,Retired,Phoenix,Bronze,21,29,138.13,155,Beauty,37,9,10,6,4152.19,Net Banking,10
2972,22,Female,123199,Freelancer,Chicago,Gold,92,1,213.86,160,Beauty,58,17,10,15,181.37,Credit Card,9
2973,37,Male,112274,Other,Chicago,Platinum,64,18,100.15,193,Beauty,17,17,13,10,1708.9,Debit Card,8
2974,38,Female,41844,Business,Miami,Bronze,68,4,264.85,3,Beauty,42,16,4,1,1267.27,Cash,5
2975,57,Male,105415,Teacher,Miami,Platinum,93,20,253.04,267,Home,92,15,7,6,4854.36,UPI,6
2976,48,Female,69708,Freelancer,Houston,Gold,47,46,114.28,35,Electronics,95,5,0,7,5977.82,Net Banking,5
2977,63,Female,85825,Retired,New York,Silver,35,8,339.67,15,Grocery,97,13,3,12,3108.45,UPI,9
2978,53,Male,66574,Business,Boston,Bronze,87,27,67.72,136,Beauty,32,29,2,8,1654.98,Net Banking,5
2979,28,Male,100548,Doctor,Phoenix,Silver,7,50,40.23,77,Grocery,62,4,3,13,2088.34,UPI,6
2980,69,Male,79230,Doctor,Seattle,Bronze,56,39,198.6,310,Home,96,14,1,11,9131.7,Debit Card,1
2981,32,Male,55581,Business,Boston,Silver,52,35,210.81,72,Electronics,87,12,1,11,7692.17,UPI,8
2982,36,Male,40105,Other,Houston,Bronze,46,25,166.67,319,Sports,21,15,14,10,4688.85,Credit Card,8
2983,24,Female,94830,Teacher,Boston,Silver,9,14,136.39,244,Books,89,15,1,0,1880.87,Credit Card,8
2984,68,Female,84157,Doctor,Boston,Bronze,58,44,176.0,345,Grocery,33,16,2,1,8423.39,UPI,7
2985,45,Male,102235,Teacher,Houston,Bronze,23,47,90.05,227,Electronics,67,26,11,1,3422.87,Cash,7
2986,68,Male,17347,Freelancer,Miami,Silver,3,40,207.69,194,Toys,6,23,8,13,9262.89,Credit Card,6
2987,60,Male,62650,Doctor,Miami,Silver,61,31,453.26,245,Sports,92,23,4,6,15016.93,Net Banking,7
2988,22,Female,139926,Retired,San Francisco,Silver,9,5,119.97,88,Beauty,66,4,3,15,565.98,UPI,9
2989,22,Male,96147,Retired,Boston,Bronze,53,17,345.38,259,Home,32,10,12,5,5676.49,UPI,5
2990,47,Male,63135,Freelancer,Seattle,Gold,68,10,79.47,285,Home,64,14,14,14,739.58,Credit Card,9
2991,49,Female,34199,Retired,Houston,Silver,49,43,183.41,138,Electronics,26,2,3,13,7963.25,Cash,9
2992,25,Female,116583,Teacher,Seattle,Bronze,89,16,167.38,50,Fashion,62,7,2,10,2258.88,Net Banking,4
2993,27,Female,107290,Other,Dallas,Silver,70,48,469.14,146,Sports,5,2,8,8,25625.54,Credit Card,9
2994,55,Female,135787,Teacher,Chicago,Silver,48,4,219.71,241,Fashion,11,28,10,2,871.13,Credit Card,8
2995,64,Male,129427,Other,San Francisco,Bronze,82,5,348.33,333,Home,74,3,9,7,1423.35,Debit Card,5
2996,49,Female,102493,Retired,Chicago,Silver,7,42,305.21,231,Home,79,26,0,4,13090.38,Credit Card,10
2997,65,Female,146706,Engineer,San Francisco,Gold,99,46,79.1,26,Beauty,82,13,13,4,4265.19,Net Banking,3
2998,45,Male,27771,Business,Phoenix,Gold,31,41,470.37,343,Beauty,49,22,5,9,16102.81,Debit Card,9
2999,34,Male,140607,Other,Houston,Bronze,56,50,179.48,207,Grocery,78,22,3,12,7621.41,Cash,3
3000,48,Male,94876,Student,Chicago,Gold,96,20,31.93,137,Home,92,19,7,10,609.78,Cash,3
3001,25,Female,74648,Business,Seattle,Bronze,99,6,157.22,154,Beauty,94,24,6,11,1032.23,Credit Card,3
3002,57,Male,90783,Retired,Houston,Platinum,61,11,174.46,6,Toys,62,5,2,4,1999.37,Net Banking,1
3003,42,Female,59440,Teacher,Seattle,Bronze,92,17,55.45,114,Grocery,60,23,4,7,926.8,Cash,6
3004,26,Female,46655,Other,Boston,Silver,5,41,313.79,91,Sports,77,22,10,6,15401.14,Net Banking,3
3005,19,Female,58039,Teacher,Chicago,Silver,30,3,179.91,345,Fashion,84,3,10,10,471.9,Net Banking,10
3006,32,Male,70255,Business,Boston,Bronze,22,16,318.28,81,Sports,2,11,3,11,5747.9,Debit Card,3
3007,67,Female,87219,Other,Miami,Gold,17,36,13.3,12,Books,89,1,3,6,406.76,Credit Card,9
3008,20,Male,26244,Teacher,Dallas,Silver,10,26,491.2,71,Fashion,59,26,9,3,11134.48,Net Banking,7
3009,66,Male,109594,Freelancer,Phoenix,Bronze,71,24,93.55,90,Electronics,76,28,14,13,2061.49,Net Banking,8
3010,53,Male,73595,Doctor,Phoenix,Silver,68,47,333.07,187,Sports,25,17,7,14,17990.51,Net Banking,1
3011,21,Female,118898,Teacher,Chicago,Silver,42,34,360.73,104,Toys,68,13,8,5,11991.1,Credit Card,8
3012,31,Female,43371,Other,Los Angeles,Bronze,27,20,94.09,299,Books,42,7,10,12,1803.36,Debit Card,8
3013,58,Female,20914,Retired,Dallas,Platinum,7,17,64.74,83,Electronics,76,7,12,0,1096.5,Net Banking,8
3014,58,Male,42180,Retired,New York,Gold,23,20,84.76,27,Fashion,71,11,13,5,1783.96,UPI,6
3015,42,Female,149760,Business,San Francisco,Bronze,75,16,130.94,278,Home,55,0,13,4,2030.93,Debit Card,10
3016,67,Female,95219,Business,Phoenix,Silver,8,49,92.43,11,Home,38,28,3,12,5367.01,Credit Card,5
3017,27,Female,93616,Business,Houston,Bronze,8,4,340.26,306,Grocery,96,0,11,0,1162.51,Cash,4
3018,38,Female,110213,Retired,Miami,Gold,5,18,216.21,363,Toys,43,3,1,12,3853.9,Net Banking,9
3019,53,Female,52805,Engineer,Boston,Platinum,71,36,273.52,149,Sports,70,16,0,10,9513.64,UPI,7
3020,29,Male,141599,Other,New York,Bronze,86,35,33.2,317,Sports,53,9,13,0,1251.57,Cash,1
3021,44,Male,89176,Retired,Houston,Gold,100,30,432.01,25,Toys,91,0,9,2,15360.98,Cash,1
3022,57,Male,109799,Freelancer,Chicago,Silver,2,18,93.58,213,Grocery,99,25,3,3,1541.88,Net Banking,1
3023,19,Male,113385,Retired,Dallas,Bronze,88,21,186.47,313,Grocery,21,10,14,0,4629.07,Net Banking,4
3024,30,Female,103919,Freelancer,Phoenix,Platinum,51,32,45.23,239,Beauty,20,30,7,11,1637.08,Cash,9
3025,70,Male,96462,Retired,San Francisco,Silver,66,5,77.03,221,Books,19,20,15,13,432.98,UPI,3
3026,49,Female,46159,Retired,New York,Silver,12,41,336.24,67,Toys,33,16,4,9,11431.64,Debit Card,10
3027,48,Male,57039,Engineer,Phoenix,Silver,47,23,349.37,261,Home,63,9,1,6,9451.64,Net Banking,1
3028,33,Male,62800,Freelancer,Los Angeles,Bronze,55,30,341.71,110,Beauty,68,27,14,1,11641.08,Net Banking,1
3029,49,Male,55761,Engineer,Los Angeles,Bronze,26,27,280.55,129,Fashion,60,5,10,10,8134.13,Credit Card,3
3030,49,Female,109626,Freelancer,Los Angeles,Platinum,45,15,476.74,158,Home,19,30,3,3,6086.61,Net Banking,7
3031,51,Female,133368,Engineer,Miami,Silver,62,41,258.52,279,Sports,28,3,3,11,10260.3,Credit Card,8
3032,28,Male,95903,Engineer,Boston,Gold,70,14,230.21,290,Grocery,22,25,9,8,3661.55,Cash,4
3033,27,Female,133998,Freelancer,Chicago,Bronze,87,21,131.3,302,Grocery,51,12,4,7,2688.4,UPI,2
3034,32,Male,74894,Engineer,Houston,Silver,2,34,58.44,30,Books,88,26,1,1,1936.46,Credit Card,7
3035,34,Male,66444,Retired,Phoenix,Platinum,26,26,278.6,88,Toys,63,10,6,10,6577.55,Credit Card,9
3036,57,Male,76748,Freelancer,Houston,Bronze,14,25,164.3,331,Toys,62,4,4,10,3370.1,Debit Card,10
3037,35,Female,56190,Engineer,Houston,Bronze,82,50,266.77,117,Home,94,13,3,8,13407.88,Cash,6
3038,26,Male,55318,Retired,Phoenix,Silver,57,45,111.0,129,Electronics,29,24,7,0,5543.39,Credit Card,2
3039,42,Male,139078,Retired,Boston,Bronze,32,31,420.7,206,Books,74,1,14,5,11195.37,Credit Card,9
3040,57,Male,54759,Business,Miami,Bronze,62,48,499.85,359,Books,32,2,1,2,27771.93,Cash,7
3041,31,Female,31498,Student,Miami,Gold,78,6,167.98,58,Beauty,73,28,0,0,1030.17,Net Banking,9
3042,42,Male,40989,Freelancer,Dallas,Platinum,30,48,422.74,95,Home,25,2,5,7,22826.33,UPI,2
3043,67,Female,132035,Engineer,Chicago,Silver,13,4,437.76,318,Home,16,10,9,5,1868.04,Cash,10
3044,39,Male,81577,Business,Dallas,Gold,40,24,498.08,245,Electronics,15,8,9,3,10208.39,Debit Card,4
3045,69,Female,120231,Student,Boston,Gold,31,42,177.93,144,Grocery,59,18,7,2,8688.46,Debit Card,6
3046,47,Male,104900,Other,Houston,Gold,37,31,380.46,309,Sports,48,9,6,12,12823.43,UPI,10
3047,37,Male,119679,Other,Chicago,Bronze,45,19,122.12,124,Sports,18,20,8,9,1889.25,Debit Card,7
3048,38,Female,38482,Engineer,Dallas,Bronze,86,11,316.15,21,Electronics,23,5,0,1,3589.0,Cash,3
3049,61,Female,84212,Other,Dallas,Bronze,59,29,355.37,352,Books,55,21,2,12,10223.8,Net Banking,10
3050,49,Male,45048,Student,Los Angeles,Bronze,28,5,373.15,284,Beauty,42,5,8,4,2133.79,Debit Card,5
3051,68,Female,149137,Freelancer,Miami,Bronze,61,18,111.51,206,Fashion,3,0,4,14,1704.32,Cash,4
3052,63,Male,148108,Retired,Seattle,Bronze,19,3,425.88,257,Home,71,21,5,7,1324.07,Debit Card,5
3053,66,Male,50814,Retired,Dallas,Bronze,43,40,216.28,297,Sports,52,0,13,11,7994.68,Credit Card,6
3054,38,Male,144493,Student,New York,Bronze,59,11,116.02,51,Fashion,11,21,10,7,1146.36,Credit Card,6
3055,52,Female,75204,Other,Los Angeles,Silver,16,21,275.84,37,Home,55,28,12,2,4686.33,Net Banking,7
3056,49,Male,47844,Retired,Houston,Bronze,69,30,433.04,152,Beauty,88,25,6,8,12119.38,Credit Card,6
3057,47,Female,96943,Other,San Francisco,Gold,44,19,483.87,332,Electronics,99,30,2,9,8811.43,Credit Card,6
3058,56,Male,36518,Doctor,Miami,Bronze,66,25,376.62,215,Books,25,21,6,15,9218.85,Debit Card,4
3059,66,Female,38052,Teacher,Boston,Gold,10,35,12.76,222,Beauty,92,18,2,4,488.53,Debit Card,2
3060,29,Female,84803,Retired,Phoenix,Platinum,47,12,76.0,142,Grocery,76,2,5,15,876.81,UPI,10
3061,58,Male,86524,Doctor,Boston,Gold,19,47,47.37,104,Toys,87,5,7,6,1954.98,Net Banking,7
3062,64,Female,104572,Freelancer,Los Angeles,Gold,84,26,59.59,9,Beauty,81,1,6,10,1486.22,Credit Card,7
3063,35,Male,82021,Freelancer,New York,Platinum,93,48,197.69,241,Electronics,41,14,4,8,7855.34,UPI,3
3064,38,Male,35043,Student,Boston,Bronze,89,5,175.86,113,Electronics,37,11,11,6,1045.34,Debit Card,5
3065,30,Male,17419,Retired,New York,Platinum,81,19,65.71,232,Toys,82,20,5,9,1031.87,UPI,6
3066,38,Male,136831,Other,Phoenix,Gold,51,27,442.3,68,Beauty,55,9,15,2,10518.08,Credit Card,10
3067,25,Male,116799,Retired,San Francisco,Gold,13,38,311.56,364,Home,9,18,3,1,11498.46,UPI,9
3068,63,Female,72600,Other,Miami,Bronze,63,29,400.27,43,Electronics,99,20,1,11,13620.19,Cash,3
3069,57,Male,131467,Other,Miami,Silver,16,12,192.06,168,Grocery,36,29,6,6,2008.55,Net Banking,3
3070,63,Female,93497,Retired,Seattle,Silver,53,19,211.02,210,Fashion,57,12,3,9,3848.65,Credit Card,5
3071,24,Female,123611,Other,New York,Silver,35,9,165.63,275,Beauty,63,2,5,7,1782.43,Cash,2
3072,40,Male,75692,Business,Phoenix,Gold,100,18,224.83,106,Electronics,82,17,9,11,4212.13,UPI,3
3073,61,Female,77112,Engineer,Dallas,Bronze,59,29,309.08,166,Toys,20,19,11,11,9374.14,Credit Card,6
3074,49,Male,31360,Teacher,Dallas,Bronze,39,3,251.56,204,Books,85,4,1,3,897.81,UPI,3
3075,28,Female,98038,Retired,Houston,Silver,67,23,420.58,118,Home,47,21,15,0,9696.94,Net Banking,1
3076,39,Female,18017,Engineer,New York,Bronze,73,30,451.07,108,Home,20,12,15,5,10839.54,Net Banking,7
3077,39,Female,101261,Business,Chicago,Bronze,61,46,240.15,238,Toys,6,28,13,8,8974.41,Debit Card,7
3078,60,Male,81320,Other,Boston,Bronze,50,24,127.48,7,Home,73,13,1,3,3281.52,Cash,2
3079,42,Female,46127,Other,Houston,Bronze,53,37,473.14,42,Fashion,93,29,5,2,15486.05,Net Banking,5
3080,39,Male,149268,Freelancer,Houston,Silver,46,37,370.17,296,Grocery,29,29,7,5,13578.4,Cash,9
3081,45,Female,90088,Teacher,Houston,Bronze,52,4,323.66,131,Beauty,77,14,0,5,1321.24,UPI,3
3082,46,Female,46921,Doctor,Phoenix,Platinum,29,28,375.25,205,Electronics,100,17,13,3,11210.34,Cash,8
3083,30,Female,19746,Freelancer,Miami,Gold,5,16,47.23,279,Fashion,91,28,9,6,629.86,Credit Card,4
3084,35,Female,83535,Freelancer,Houston,Gold,67,13,43.14,238,Grocery,49,13,6,10,619.16,Debit Card,3
3085,19,Male,80350,Other,Miami,Bronze,74,8,85.03,276,Sports,6,18,5,1,794.57,Cash,2
3086,46,Male,96131,Student,Miami,Silver,95,48,82.25,45,Electronics,39,2,15,0,3562.27,Cash,9
3087,38,Female,37063,Business,New York,Silver,75,25,216.13,197,Home,32,21,13,10,5144.86,Net Banking,5
3088,32,Female,132116,Student,Phoenix,Platinum,81,2,87.13,120,Home,49,0,14,5,191.26,Credit Card,9
3089,69,Male,103913,Student,Miami,Gold,40,30,428.72,299,Grocery,43,22,4,2,11567.42,Net Banking,8
3090,44,Male,93946,Engineer,Houston,Silver,72,40,293.27,219,Books,28,28,12,15,11929.03,Cash,3
3091,67,Male,149670,Freelancer,Phoenix,Gold,2,3,190.45,355,Books,45,23,9,2,607.9,UPI,4
3092,48,Male,25564,Other,Houston,Bronze,68,23,44.12,288,Fashion,65,6,12,12,1168.71,Net Banking,6
3093,32,Female,64725,Business,Los Angeles,Bronze,62,29,299.6,93,Books,50,19,11,0,8150.99,Net Banking,10
3094,68,Female,101134,Student,Boston,Silver,80,41,67.1,291,Home,54,6,12,12,2743.01,Credit Card,5
3095,40,Male,120940,Other,Los Angeles,Bronze,58,30,374.18,152,Beauty,51,16,7,1,9809.2,Net Banking,10
3096,41,Male,77085,Other,Los Angeles,Bronze,85,11,403.35,12,Fashion,43,28,0,2,4095.41,Net Banking,10
3097,61,Male,32862,Other,New York,Gold,69,21,276.55,206,Home,64,14,4,0,4866.58,Debit Card,3
3098,30,Male,25265,Doctor,Chicago,Bronze,58,27,83.31,254,Beauty,95,12,11,7,1977.32,Cash,5
3099,39,Male,77471,Teacher,Boston,Silver,35,24,395.56,157,Grocery,30,23,15,15,8909.45,Credit Card,5
3100,60,Male,106080,Other,New York,Platinum,14,31,160.84,269,Grocery,82,29,5,15,4835.01,Net Banking,9
3101,54,Female,70828,Retired,Houston,Bronze,15,30,119.1,305,Fashion,93,25,3,5,3868.67,Cash,4
3102,50,Female,131884,Business,New York,Bronze,6,1,240.57,67,Fashion,42,14,9,8,236.57,Credit Card,8
3103,20,Female,123007,Engineer,Houston,Bronze,16,1,462.1,256,Beauty,38,25,10,0,378.75,Net Banking,4
3104,36,Male,61104,Business,Chicago,Bronze,87,8,155.71,188,Books,87,2,11,10,1373.11,UPI,10
3105,40,Male,55934,Freelancer,Miami,Bronze,95,48,453.73,2,Electronics,86,24,9,13,22064.75,Debit Card,2
3106,46,Male,129420,Engineer,New York,Bronze,46,42,36.29,236,Fashion,66,16,1,11,1792.08,Credit Card,3
3107,47,Female,21050,Teacher,Seattle,Silver,63,34,50.93,131,Home,69,15,12,14,1825.29,UPI,4
3108,56,Male,23484,Other,Miami,Bronze,12,16,352.29,170,Electronics,15,21,7,3,5713.14,Credit Card,8
3109,61,Male,77648,Doctor,San Francisco,Gold,41,27,103.39,269,Electronics,61,0,4,3,2561.99,Credit Card,9
3110,64,Female,74945,Student,New York,Gold,19,4,165.14,88,Toys,96,23,9,4,590.93,Debit Card,6
3111,42,Male,46323,Business,Houston,Gold,76,19,76.82,102,Toys,6,13,15,10,1301.97,UPI,8
3112,54,Female,101332,Engineer,Boston,Silver,77,29,172.8,124,Books,78,2,5,1,4825.03,Net Banking,10
3113,64,Female,109605,Other,New York,Bronze,2,41,147.43,66,Electronics,24,19,8,15,5250.05,Cash,5
3114,25,Male,25315,Teacher,Houston,Gold,20,3,370.81,262,Grocery,85,27,13,12,1265.59,UPI,5
3115,59,Female,62968,Student,Chicago,Bronze,95,11,353.99,7,Toys,14,21,1,0,4369.25,Credit Card,8
3116,33,Male,24107,Retired,Los Angeles,Bronze,9,8,477.91,43,Grocery,12,3,4,11,4173.26,UPI,4
3117,25,Female,70781,Teacher,New York,Gold,21,39,364.97,134,Toys,55,29,11,8,11664.63,Cash,3
3118,18,Male,18869,Doctor,Dallas,Bronze,8,33,350.46,247,Electronics,68,23,0,4,9584.79,UPI,10
3119,61,Female,95983,Student,San Francisco,Bronze,39,8,350.16,303,Electronics,44,8,15,7,2954.15,Cash,2
3120,22,Male,22971,Student,Dallas,Gold,37,25,442.65,317,Grocery,85,20,15,13,12168.31,Debit Card,8
3121,20,Female,111805,Retired,Miami,Platinum,29,24,155.16,24,Beauty,81,0,2,11,3018.87,Credit Card,5
3122,18,Female,40651,Other,Miami,Bronze,83,26,157.05,195,Books,93,23,5,2,3741.12,Net Banking,6
3123,21,Female,71974,Student,Los Angeles,Bronze,35,26,373.19,191,Books,51,13,7,3,8291.29,UPI,9
3124,57,Male,38446,Engineer,Los Angeles,Silver,38,17,122.07,121,Toys,80,12,11,3,1852.13,Debit Card,3
3125,52,Male,18823,Student,Miami,Gold,90,27,456.89,259,Home,82,14,4,5,12426.71,UPI,4
3126,49,Female,82965,Teacher,New York,Bronze,75,29,272.04,46,Books,38,17,11,3,6656.07,Debit Card,2
3127,59,Male,25510,Engineer,Phoenix,Silver,100,43,157.06,208,Sports,41,15,3,15,6023.75,Cash,6
3128,51,Female,120935,Student,New York,Platinum,35,39,390.29,300,Toys,44,5,4,4,15616.51,Debit Card,9
3129,60,Male,84134,Teacher,San Francisco,Bronze,68,9,163.04,88,Toys,75,21,3,11,1472.12,Cash,2
3130,42,Female,87254,Teacher,Miami,Platinum,3,14,482.01,2,Fashion,96,15,1,13,7713.37,Debit Card,5
3131,27,Male,129780,Business,Dallas,Platinum,12,5,491.66,144,Electronics,92,10,13,4,2114.71,UPI,10
3132,38,Female,140544,Teacher,Los Angeles,Bronze,32,50,336.73,21,Grocery,16,6,0,7,15960.23,Net Banking,1
3133,63,Female,80587,Retired,Dallas,Gold,47,30,65.68,38,Books,98,27,7,8,2304.86,Credit Card,4
3134,56,Female,97238,Freelancer,Miami,Bronze,63,28,138.97,294,Electronics,50,8,13,10,4351.56,Net Banking,8
3135,44,Female,90720,Doctor,Chicago,Gold,26,45,262.55,106,Electronics,94,0,14,7,12274.85,Debit Card,3
3136,44,Male,93004,Student,Miami,Gold,43,37,427.21,99,Toys,38,9,12,11,17507.53,Cash,4
3137,19,Female,37072,Retired,Seattle,Bronze,77,8,100.59,271,Toys,86,28,0,4,788.1,UPI,2
3138,58,Male,96015,Student,San Francisco,Gold,44,15,61.16,228,Electronics,5,27,1,11,1068.11,Credit Card,9
3139,65,Male,87746,Student,Seattle,Gold,38,28,46.49,284,Books,9,7,4,11,1353.61,Credit Card,5
3140,30,Female,117260,Teacher,Boston,Bronze,29,36,258.41,205,Electronics,77,10,7,5,10030.74,UPI,3
3141,26,Male,143259,Teacher,Dallas,Bronze,55,33,443.5,70,Beauty,39,4,9,3,15525.26,Debit Card,10
3142,69,Male,45916,Student,Chicago,Bronze,52,6,30.76,168,Fashion,87,28,2,1,197.31,Credit Card,7
3143,53,Male,42268,Freelancer,San Francisco,Silver,19,12,114.04,184,Fashion,27,5,15,10,1445.7,UPI,1
3144,39,Female,38259,Engineer,Houston,Platinum,35,7,349.7,332,Toys,32,23,10,10,2030.55,Debit Card,9
3145,59,Male,94400,Engineer,Boston,Gold,48,45,414.67,207,Toys,64,23,10,4,19435.29,UPI,7
3146,43,Male,49293,Doctor,Phoenix,Silver,91,28,405.63,354,Grocery,95,11,8,0,12645.14,Credit Card,1
3147,29,Female,126581,Business,Seattle,Silver,60,7,394.68,270,Beauty,33,10,14,0,2210.65,Net Banking,4
3148,34,Female,22043,Other,San Francisco,Bronze,31,41,73.6,345,Beauty,90,6,15,0,3490.37,Credit Card,7
3149,31,Male,122009,Retired,San Francisco,Bronze,3,1,204.65,134,Fashion,18,6,13,3,241.67,Credit Card,4
3150,31,Female,53893,Doctor,Seattle,Silver,35,24,492.52,145,Grocery,76,11,5,13,10062.49,Net Banking,7
3151,51,Male,41309,Other,Boston,Silver,88,45,494.55,344,Beauty,67,11,10,4,22566.78,Debit Card,3
3152,70,Male,38284,Student,Chicago,Silver,52,19,305.19,148,Grocery,5,0,2,14,4895.41,UPI,4
3153,37,Male,141801,Retired,Chicago,Platinum,71,32,357.54,115,Fashion,78,23,9,3,10448.21,Debit Card,3
3154,28,Female,128259,Student,Los Angeles,Silver,51,30,476.13,186,Electronics,59,18,6,5,14978.05,Debit Card,4
3155,33,Male,115804,Student,New York,Silver,56,1,230.46,19,Home,76,20,11,1,212.29,UPI,10
3156,68,Female,84000,Business,Boston,Bronze,99,32,77.06,337,Home,4,3,6,4,2333.3,Debit Card,3
3157,48,Female,99179,Teacher,Dallas,Platinum,21,20,337.78,243,Home,16,25,6,12,7420.72,Cash,10
3158,23,Male,80049,Business,Dallas,Gold,1,21,480.45,66,Beauty,75,18,3,5,10392.07,Credit Card,10
3159,36,Female,44265,Doctor,Boston,Gold,53,19,351.63,61,Grocery,100,25,13,14,6729.19,Cash,5
3160,54,Female,38880,Teacher,Seattle,Silver,6,30,403.63,273,Electronics,48,20,5,4,11257.27,UPI,4
3161,21,Female,99579,Teacher,Dallas,Silver,98,50,217.15,346,Fashion,66,18,2,5,11744.13,Net Banking,3
3162,64,Female,146327,Doctor,Dallas,Silver,82,28,57.27,109,Toys,77,24,13,7,1554.79,Net Banking,5
3163,21,Female,147574,Teacher,New York,Bronze,62,32,92.75,55,Books,8,10,3,1,3441.47,UPI,10
3164,37,Male,80424,Retired,San Francisco,Silver,89,30,491.5,84,Sports,44,28,14,12,15344.23,UPI,9
3165,27,Female,85966,Engineer,San Francisco,Platinum,79,23,251.66,263,Home,21,8,2,15,5876.88,Debit Card,1
3166,41,Male,82396,Doctor,Boston,Bronze,47,27,15.89,106,Beauty,26,12,2,6,481.05,Credit Card,4
3167,52,Male,86694,Other,Miami,Bronze,96,37,478.13,11,Books,35,21,0,13,17587.79,Cash,7
3168,43,Male,32106,Doctor,San Francisco,Gold,50,26,253.91,175,Toys,15,18,4,5,6018.83,UPI,4
3169,54,Male,71731,Engineer,Seattle,Bronze,82,3,419.77,358,Beauty,40,4,11,9,1085.57,Net Banking,8
3170,55,Male,90010,Business,Houston,Silver,31,31,278.74,318,Grocery,30,10,2,7,8854.61,Credit Card,7
3171,38,Male,47599,Business,Miami,Silver,64,2,59.83,26,Fashion,66,23,11,8,116.06,Credit Card,5
3172,57,Female,86326,Business,New York,Bronze,29,10,311.63,290,Home,80,24,0,13,2988.38,Debit Card,10
3173,56,Female,90706,Teacher,Seattle,Gold,15,38,498.73,129,Fashion,13,2,14,7,17810.14,Net Banking,4
3174,38,Female,24004,Engineer,Chicago,Silver,58,19,27.02,226,Beauty,1,4,8,13,548.62,Credit Card,8
3175,27,Male,130018,Retired,New York,Gold,23,31,422.48,135,Beauty,43,12,10,4,13196.4,Net Banking,1
3176,55,Female,40792,Doctor,Los Angeles,Gold,38,29,125.39,19,Home,28,29,11,3,3690.47,Cash,2
3177,63,Female,69645,Doctor,Dallas,Gold,41,25,202.99,263,Home,1,30,3,2,4685.26,Net Banking,5
3178,21,Female,22232,Doctor,Phoenix,Bronze,75,32,192.63,323,Grocery,40,13,11,9,6444.39,Credit Card,10
3179,62,Male,69766,Teacher,Chicago,Bronze,15,17,450.41,158,Toys,34,12,8,8,7361.46,Net Banking,7
3180,37,Female,135601,Teacher,Miami,Bronze,87,45,257.2,159,Grocery,13,1,15,6,12821.58,Net Banking,9
3181,34,Male,96588,Freelancer,Seattle,Silver,3,49,229.12,341,Sports,61,1,1,0,11359.49,Net Banking,3
3182,24,Female,20913,Retired,Chicago,Gold,83,23,410.83,25,Electronics,66,17,1,2,8653.3,Credit Card,5
3183,21,Male,127406,Business,Los Angeles,Silver,1,18,33.96,80,Grocery,4,27,3,12,525.15,Cash,2
3184,46,Male,128693,Other,Seattle,Gold,88,11,52.36,17,Electronics,89,5,3,14,622.02,Net Banking,6
3185,31,Male,108449,Freelancer,Phoenix,Bronze,75,20,20.63,68,Beauty,98,18,4,11,391.33,Cash,6
3186,20,Female,25567,Freelancer,Miami,Bronze,94,13,347.11,129,Sports,13,9,10,2,3728.19,Credit Card,4
3187,41,Female,53379,Teacher,New York,Gold,11,24,267.55,134,Sports,36,20,0,12,7486.91,UPI,2
3188,54,Male,15319,Business,Boston,Silver,60,43,439.25,302,Books,96,7,4,5,18031.34,Net Banking,8
3189,33,Female,105005,Business,Chicago,Gold,65,20,254.28,217,Books,61,4,11,14,5585.91,Cash,8
3190,69,Male,125990,Doctor,Phoenix,Bronze,76,42,118.69,309,Books,58,1,13,12,4903.06,Net Banking,1
3191,21,Male,19791,Teacher,Los Angeles,Platinum,4,28,404.52,14,Sports,85,5,9,1,13097.7,Debit Card,2
3192,41,Female,146401,Business,Chicago,Silver,25,35,154.22,185,Fashion,90,17,1,3,4380.93,Debit Card,4
3193,51,Female,76032,Other,Houston,Gold,72,21,468.49,194,Home,15,28,4,11,8891.48,Credit Card,1
3194,47,Female,103662,Freelancer,Houston,Bronze,79,6,132.71,190,Toys,93,7,9,1,810.84,Cash,6
3195,35,Male,36300,Engineer,Miami,Silver,43,7,92.18,233,Books,90,1,9,4,599.63,Cash,2
3196,36,Male,90700,Engineer,New York,Platinum,94,29,251.73,65,Home,85,22,15,12,8008.84,Net Banking,3
3197,48,Female,70609,Teacher,Miami,Gold,40,23,34.75,80,Beauty,12,29,5,14,859.49,Debit Card,9
3198,36,Male,105045,Doctor,Miami,Bronze,96,5,27.84,35,Fashion,76,19,2,3,112.78,Net Banking,7
3199,66,Female,76901,Doctor,Dallas,Bronze,99,22,253.05,234,Fashion,69,3,3,3,5790.93,Net Banking,4
3200,63,Male,20703,Business,New York,Silver,85,9,115.4,16,Sports,61,14,14,11,1178.14,Credit Card,10
3201,36,Female,78115,Other,Dallas,Bronze,95,32,14.58,1,Toys,42,29,4,3,432.15,UPI,1
3202,39,Female,42676,Retired,Seattle,Gold,100,10,155.07,32,Fashion,90,23,5,12,1327.0,Credit Card,4
3203,41,Male,136332,Teacher,Phoenix,Bronze,91,46,243.91,348,Beauty,32,19,8,3,12289.32,Credit Card,10
3204,62,Female,44802,Retired,Phoenix,Bronze,44,43,203.2,133,Beauty,2,23,8,13,10137.11,Credit Card,6
3205,29,Female,105331,Engineer,New York,Silver,72,49,76.38,355,Books,8,8,5,4,3977.51,Net Banking,8
3206,47,Male,139786,Freelancer,New York,Silver,59,28,294.04,343,Fashion,91,23,11,1,9372.73,Net Banking,9
3207,55,Female,80169,Business,Seattle,Gold,23,11,358.06,266,Home,54,19,0,5,4724.29,Net Banking,4
3208,70,Male,83147,Freelancer,Phoenix,Platinum,62,7,341.01,4,Beauty,8,20,5,0,2386.48,Net Banking,6
3209,48,Female,37075,Retired,Seattle,Bronze,23,30,202.94,285,Toys,88,5,9,9,7148.25,Debit Card,2
3210,53,Male,97015,Business,Boston,Gold,58,43,77.42,346,Home,13,30,2,1,3121.81,Cash,2
3211,36,Female,24304,Student,Los Angeles,Bronze,55,45,254.75,90,Electronics,29,8,4,2,12590.17,Debit Card,6
3212,65,Female,144851,Freelancer,Houston,Silver,33,38,446.31,151,Fashion,13,12,4,15,19683.29,Cash,9
3213,62,Female,135729,Teacher,Boston,Bronze,77,34,239.67,117,Sports,58,4,9,1,8216.82,Net Banking,3
3214,53,Female,74622,Freelancer,Miami,Bronze,63,46,105.88,60,Books,63,13,14,14,5116.86,Debit Card,4
3215,47,Male,69215,Freelancer,Chicago,Bronze,60,28,55.6,357,Sports,87,13,3,2,1849.79,Cash,9
3216,66,Male,88973,Business,Dallas,Bronze,99,32,472.52,25,Toys,47,17,2,7,13615.71,UPI,9
3217,50,Male,123654,Engineer,San Francisco,Gold,61,16,374.07,108,Beauty,79,6,0,2,5640.32,Credit Card,5
3218,35,Male,39028,Retired,Chicago,Gold,80,39,163.35,294,Beauty,88,5,6,10,7064.48,Cash,9
3219,69,Male,54328,Student,New York,Platinum,76,1,154.72,209,Sports,87,26,12,13,144.88,Debit Card,5
3220,66,Male,42301,Freelancer,Los Angeles,Silver,61,34,448.66,258,Electronics,74,11,7,15,15259.17,Debit Card,5
3221,45,Male,53015,Other,Boston,Bronze,95,41,97.01,293,Sports,38,13,4,15,3262.2,UPI,7
3222,64,Female,51845,Retired,San Francisco,Bronze,69,23,272.17,41,Toys,69,18,7,9,6423.88,Cash,6
3223,28,Female,101818,Other,San Francisco,Bronze,89,50,359.62,303,Fashion,69,15,3,0,18892.89,Credit Card,10
3224,62,Female,91394,Retired,New York,Bronze,21,20,204.23,12,Sports,95,23,7,14,3402.64,Debit Card,7
3225,50,Female,58714,Other,Boston,Silver,3,18,29.55,88,Grocery,40,18,2,13,477.41,Net Banking,10
3226,34,Male,95722,Engineer,San Francisco,Silver,48,18,121.6,87,Electronics,1,9,7,10,2130.3,Net Banking,2
3227,23,Male,40230,Doctor,Boston,Bronze,10,42,451.89,311,Books,2,10,5,7,21114.49,Cash,9
3228,21,Male,107554,Student,Dallas,Bronze,87,40,266.33,186,Electronics,29,3,8,7,8614.85,UPI,6
3229,37,Female,64262,Student,Dallas,Bronze,81,21,409.57,62,Sports,7,24,12,6,8020.75,Credit Card,9
3230,65,Male,56722,Other,San Francisco,Bronze,42,8,282.29,335,Grocery,93,28,4,3,1811.08,Cash,1
3231,64,Female,77796,Other,San Francisco,Bronze,99,34,472.37,42,Fashion,57,19,0,11,16197.3,Cash,2
3232,44,Male,102052,Other,New York,Gold,89,50,455.48,232,Toys,55,1,7,4,22762.85,Credit Card,7
3233,32,Male,115808,Retired,Boston,Bronze,66,11,246.62,233,Toys,73,8,14,11,2989.93,Debit Card,2
3234,23,Male,106951,Business,Phoenix,Gold,91,43,165.95,74,Sports,36,9,10,11,5719.87,Net Banking,6
3235,64,Male,65886,Freelancer,Seattle,Bronze,46,43,304.82,252,Fashion,7,7,2,10,14463.67,Debit Card,2
3236,31,Female,118424,Doctor,Seattle,Bronze,9,10,340.69,312,Grocery,92,30,10,13,3940.05,UPI,10
3237,28,Female,119697,Other,Chicago,Gold,49,8,254.19,148,Toys,10,3,4,15,1885.01,Credit Card,5
3238,56,Male,111299,Business,Chicago,Silver,4,47,412.92,181,Books,80,12,13,15,18116.2,Debit Card,6
3239,26,Female,29497,Teacher,San Francisco,Bronze,60,8,99.83,206,Sports,74,26,1,9,639.25,Cash,7
3240,43,Male,147888,Engineer,Houston,Gold,90,19,173.86,180,Sports,39,5,6,5,3209.67,Cash,1
3241,33,Male,133915,Engineer,Dallas,Bronze,96,1,346.32,172,Toys,58,5,4,5,361.98,UPI,2
3242,22,Male,107019,Business,Miami,Bronze,29,3,130.88,240,Fashion,90,26,11,6,333.38,UPI,2
3243,69,Male,124017,Retired,Boston,Gold,86,44,225.52,163,Sports,98,1,6,3,10546.69,Credit Card,1
3244,27,Female,84385,Engineer,Los Angeles,Gold,47,32,482.23,62,Grocery,98,8,11,7,14602.65,Debit Card,3
3245,67,Male,120153,Freelancer,Los Angeles,Bronze,77,48,316.68,234,Sports,40,5,15,1,16252.51,Cash,6
3246,20,Male,48826,Engineer,Dallas,Bronze,87,16,475.04,124,Books,14,4,15,8,6843.91,Credit Card,9
3247,30,Female,125034,Freelancer,Chicago,Gold,63,30,364.0,256,Books,82,1,13,14,12119.66,Credit Card,3
3248,60,Male,99242,Teacher,New York,Bronze,31,49,365.09,91,Beauty,1,28,6,5,18238.99,Cash,3
3249,66,Female,138066,Other,Los Angeles,Bronze,51,28,300.01,224,Grocery,17,13,4,13,8511.82,Debit Card,2
3250,47,Male,65100,Doctor,San Francisco,Silver,41,28,79.68,194,Electronics,49,9,4,11,2220.47,Net Banking,2
3251,62,Male,140170,Student,Houston,Platinum,36,16,264.66,206,Fashion,86,30,8,0,4813.81,UPI,7
3252,23,Male,111205,Business,Los Angeles,Bronze,40,41,133.81,287,Toys,16,14,2,14,5605.27,Debit Card,4
3253,34,Male,27809,Business,Seattle,Gold,95,33,499.35,214,Home,7,16,13,0,14234.83,Net Banking,6
3254,62,Male,79450,Freelancer,Houston,Silver,60,25,140.81,185,Home,15,6,7,12,3697.4,Net Banking,8
3255,68,Male,53428,Teacher,Houston,Silver,15,18,123.04,125,Grocery,21,19,0,7,2227.2,Cash,5
3256,70,Female,87790,Teacher,Los Angeles,Gold,78,26,315.7,281,Toys,66,10,13,9,6792.89,Net Banking,3
3257,36,Male,126126,Retired,New York,Platinum,99,6,260.36,254,Toys,59,12,3,9,1612.82,UPI,2
3258,59,Female,105321,Student,New York,Bronze,88,38,20.46,60,Home,48,22,11,12,646.67,Credit Card,6
3259,52,Female,17093,Other,Chicago,Bronze,30,44,73.47,200,Electronics,89,20,1,6,3523.4,Debit Card,8
3260,63,Male,59498,Doctor,Dallas,Platinum,30,3,407.41,68,Electronics,73,16,2,2,1297.9,UPI,10
3261,43,Female,131251,Business,San Francisco,Silver,27,43,247.01,284,Grocery,84,4,10,7,10592.78,Net Banking,4
3262,68,Male,55985,Freelancer,Miami,Silver,40,6,81.55,62,Electronics,50,11,5,14,537.99,Credit Card,2
3263,22,Female,47009,Teacher,Phoenix,Silver,78,14,237.97,133,Electronics,10,3,3,7,3039.39,Credit Card,3
3264,46,Male,143515,Other,Miami,Gold,45,18,134.04,238,Home,52,0,0,12,2361.02,Net Banking,3
3265,54,Female,32718,Business,Seattle,Gold,75,16,119.56,251,Beauty,85,9,4,6,1542.07,UPI,9
3266,37,Female,31705,Freelancer,New York,Platinum,47,24,479.29,360,Sports,68,1,2,13,13749.69,Net Banking,10
3267,66,Male,102618,Engineer,Chicago,Silver,90,13,187.39,186,Home,30,12,12,4,2003.67,Debit Card,4
3268,38,Female,77598,Other,Seattle,Bronze,56,1,32.75,20,Home,34,30,11,7,27.57,Credit Card,6
3269,27,Male,92878,Business,Miami,Silver,54,38,485.46,342,Beauty,94,12,1,4,18409.74,Cash,9
3270,22,Male,27239,Doctor,Houston,Silver,85,14,399.47,290,Sports,78,24,3,0,5314.97,Credit Card,10
3271,53,Male,61622,Other,Dallas,Silver,9,17,134.66,307,Toys,86,30,12,7,2318.84,Net Banking,8
3272,23,Male,61665,Freelancer,Houston,Silver,65,13,210.36,45,Electronics,65,11,3,6,3101.14,Net Banking,9
3273,43,Male,47274,Doctor,Miami,Bronze,70,13,432.52,193,Sports,60,0,2,6,4854.96,Cash,6
3274,21,Female,123368,Business,Los Angeles,Silver,1,9,185.13,56,Books,8,9,13,1,1759.16,Cash,2
3275,56,Female,123563,Engineer,Dallas,Silver,86,6,288.03,41,Books,75,19,13,10,1395.01,Credit Card,5
3276,56,Female,108103,Doctor,Chicago,Gold,13,6,272.08,332,Beauty,65,23,4,11,1821.88,Net Banking,10
3277,67,Male,81446,Teacher,Boston,Silver,38,30,206.63,234,Fashion,69,4,4,11,6981.52,Credit Card,3
3278,52,Female,44072,Freelancer,Houston,Bronze,45,37,323.36,353,Fashion,57,9,15,11,11387.05,UPI,3
3279,18,Female,48717,Business,Los Angeles,Silver,40,46,241.91,15,Sports,45,6,7,2,9673.82,Net Banking,10
3280,41,Female,132202,Engineer,Seattle,Gold,95,14,20.4,132,Books,49,14,9,11,321.14,Credit Card,1
3281,53,Female,137389,Teacher,Boston,Silver,15,4,409.05,0,Fashion,74,26,6,2,1904.02,Net Banking,4
3282,23,Female,124525,Business,Seattle,Silver,50,34,65.45,231,Toys,62,17,10,11,1847.27,Net Banking,7
3283,58,Male,19646,Other,New York,Silver,2,2,237.4,149,Grocery,39,19,8,11,489.96,Debit Card,3
3284,63,Male,54713,Retired,Boston,Bronze,53,17,294.15,303,Fashion,77,3,6,10,5876.96,Credit Card,7
3285,61,Female,82936,Engineer,Dallas,Gold,95,42,355.7,121,Sports,21,0,1,9,15798.33,Net Banking,6
3286,48,Male,37185,Teacher,New York,Bronze,26,14,211.29,281,Electronics,100,27,2,5,3337.07,Cash,1
3287,37,Male,99263,Doctor,Dallas,Silver,66,17,370.42,289,Beauty,53,7,5,5,5616.6,Cash,5
3288,41,Female,67107,Business,San Francisco,Bronze,75,30,74.36,313,Fashion,45,10,0,2,1875.96,Debit Card,6
3289,42,Female,32563,Business,Los Angeles,Bronze,33,43,330.19,212,Sports,97,2,7,15,13495.01,Net Banking,9
3290,53,Male,85729,Doctor,Miami,Silver,82,29,414.91,280,Books,28,30,6,10,11527.56,Credit Card,10
3291,38,Female,30701,Retired,Seattle,Silver,85,7,445.83,139,Beauty,53,27,5,4,3478.08,Credit Card,6
3292,47,Male,143331,Student,Miami,Gold,59,9,293.99,158,Grocery,9,28,4,8,2546.74,Cash,8
3293,41,Male,114280,Teacher,Boston,Gold,95,46,163.32,26,Toys,75,11,13,6,6721.19,UPI,2
3294,61,Female,53665,Doctor,Houston,Gold,26,23,90.04,341,Electronics,93,12,14,8,2390.95,Net Banking,1
3295,59,Male,30957,Other,Houston,Silver,94,36,179.32,161,Home,71,19,9,1,7185.39,Debit Card,1
3296,47,Male,61008,Business,Seattle,Silver,21,14,274.59,117,Beauty,61,17,4,9,4101.52,Debit Card,7
3297,39,Male,76920,Other,New York,Silver,49,20,106.2,336,Home,27,11,12,9,1875.16,Net Banking,8
3298,45,Female,128828,Teacher,Seattle,Silver,80,17,476.73,74,Books,22,9,7,0,7147.48,Net Banking,8
3299,24,Female,138852,Retired,San Francisco,Silver,71,32,449.6,92,Beauty,95,20,7,1,14337.45,Debit Card,3
3300,52,Female,147698,Teacher,San Francisco,Platinum,86,25,26.15,33,Sports,30,27,14,5,661.84,Debit Card,5
3301,45,Female,105815,Other,Miami,Bronze,71,30,285.36,114,Grocery,92,20,12,9,7725.59,Credit Card,7
3302,31,Male,53311,Other,Boston,Platinum,66,49,396.76,112,Books,84,14,2,6,16512.38,Debit Card,9
3303,27,Female,47356,Student,San Francisco,Bronze,37,27,130.24,59,Fashion,15,2,8,7,3324.06,Cash,5
3304,33,Female,18809,Business,Los Angeles,Bronze,14,27,266.71,281,Toys,15,29,2,15,6996.9,Debit Card,4
3305,33,Female,49875,Engineer,New York,Bronze,72,46,208.94,236,Grocery,53,23,12,10,7890.99,Debit Card,4
3306,48,Female,24465,Student,New York,Silver,93,31,106.31,125,Electronics,76,14,14,5,3380.82,Cash,6
3307,59,Male,88844,Student,San Francisco,Bronze,7,45,311.22,44,Home,81,16,9,5,11215.18,Cash,9
3308,42,Male,101889,Engineer,Phoenix,Gold,38,26,496.91,287,Toys,23,28,15,2,11116.97,Net Banking,1
3309,30,Male,30250,Engineer,Houston,Gold,45,14,188.99,228,Fashion,70,15,13,14,2272.22,Debit Card,1
3310,23,Female,61023,Retired,Phoenix,Silver,22,48,280.67,196,Home,16,1,7,8,14482.87,Cash,1
3311,61,Female,116350,Retired,Boston,Silver,44,21,170.65,211,Grocery,91,0,6,10,3563.43,Credit Card,4
3312,26,Male,31427,Student,Boston,Platinum,81,28,439.7,70,Electronics,87,21,12,1,13966.46,UPI,4
3313,62,Female,86643,Teacher,Dallas,Gold,80,15,433.66,234,Beauty,65,30,8,10,5893.05,Cash,8
3314,53,Female,149511,Doctor,Boston,Silver,97,30,97.6,278,Toys,45,3,10,13,2589.02,UPI,5
3315,60,Male,93672,Doctor,Dallas,Gold,35,25,450.97,166,Toys,7,25,8,4,12640.22,Debit Card,10
3316,37,Male,32300,Student,New York,Silver,60,11,84.24,194,Beauty,45,16,10,2,905.96,Credit Card,4
3317,35,Female,75289,Teacher,Los Angeles,Silver,96,44,56.77,172,Home,39,6,13,0,2272.3,Credit Card,8
3318,60,Female,34659,Engineer,Chicago,Bronze,3,11,329.94,194,Home,50,24,14,1,3510.67,Net Banking,7
3319,38,Female,25360,Freelancer,Houston,Silver,67,28,199.09,62,Beauty,49,4,0,5,5407.89,Net Banking,6
3320,21,Male,36424,Student,Dallas,Bronze,72,5,270.06,69,Books,48,22,0,13,1389.25,Debit Card,2
3321,67,Male,113035,Business,Miami,Bronze,95,28,329.76,222,Home,49,3,2,9,7525.74,Cash,5
3322,50,Male,63791,Teacher,Los Angeles,Silver,55,8,35.89,309,Beauty,40,19,6,0,258.17,Credit Card,2
3323,44,Male,149137,Business,Seattle,Platinum,9,26,153.55,282,Books,39,19,2,10,3939.43,Debit Card,6
3324,24,Female,27300,Business,Miami,Platinum,69,6,235.84,348,Home,57,28,2,14,1438.98,Debit Card,9
3325,23,Male,48370,Student,Los Angeles,Silver,28,32,140.63,78,Toys,82,4,3,1,3885.9,Cash,9
3326,32,Male,42209,Teacher,Miami,Silver,15,48,34.0,35,Fashion,63,7,7,9,1432.0,Credit Card,6
3327,35,Female,35927,Business,San Francisco,Bronze,91,32,52.47,194,Home,100,19,13,4,1831.9,Credit Card,4
3328,49,Female,49579,Retired,Miami,Silver,31,12,402.86,216,Beauty,56,22,15,0,5386.51,Credit Card,10
3329,28,Female,24032,Other,Dallas,Bronze,59,6,456.58,287,Fashion,86,8,0,13,2273.92,Net Banking,9
3330,37,Male,108254,Retired,Los Angeles,Bronze,82,13,84.59,148,Fashion,2,5,3,13,1315.24,Credit Card,5
3331,41,Female,93413,Teacher,Seattle,Silver,54,39,132.14,272,Grocery,26,3,3,14,5015.6,UPI,8
3332,32,Female,128528,Doctor,Boston,Bronze,68,40,329.6,200,Beauty,96,4,12,10,13636.22,Cash,9
3333,65,Male,138916,Other,Miami,Bronze,85,44,477.59,153,Books,23,7,7,10,21801.15,Credit Card,5
3334,24,Male,87302,Freelancer,Seattle,Gold,47,34,156.8,21,Sports,18,19,6,9,5002.84,Cash,6
3335,38,Female,100757,Business,Los Angeles,Bronze,42,23,429.05,296,Home,83,12,3,3,10044.95,Cash,4
3336,59,Male,30932,Business,Seattle,Bronze,23,41,257.95,314,Beauty,88,3,11,4,10928.77,UPI,1
3337,43,Female,40714,Teacher,Chicago,Bronze,86,45,478.71,214,Sports,68,6,7,4,23788.89,Credit Card,1
3338,61,Female,72803,Retired,Chicago,Bronze,65,17,76.77,330,Beauty,60,21,10,4,1389.55,Cash,5
3339,31,Male,148624,Freelancer,Miami,Bronze,89,45,487.1,121,Fashion,2,0,2,13,21451.98,Credit Card,3
3340,54,Female,71627,Doctor,Miami,Gold,54,48,226.08,265,Beauty,94,30,9,9,9511.99,UPI,7
3341,38,Male,94810,Business,Miami,Bronze,92,1,476.94,342,Beauty,49,8,13,8,386.35,Net Banking,4
3342,35,Male,60380,Student,Houston,Gold,11,7,234.76,260,Books,38,28,6,8,1743.14,Net Banking,4
3343,22,Male,79686,Retired,San Francisco,Bronze,63,13,269.74,54,Beauty,31,4,8,4,3475.35,Net Banking,4
3344,20,Female,135321,Teacher,Seattle,Silver,22,14,404.34,281,Beauty,40,9,5,5,6714.85,Net Banking,6
3345,40,Male,60028,Teacher,Phoenix,Silver,54,17,364.09,259,Grocery,80,10,3,7,5195.04,Debit Card,9
3346,43,Male,128141,Retired,New York,Silver,89,30,313.61,362,Home,53,17,15,15,7799.94,Cash,9
3347,54,Female,70248,Business,Miami,Silver,85,48,214.32,282,Toys,64,4,3,11,8975.84,Debit Card,5
3348,41,Female,25523,Doctor,Dallas,Platinum,36,47,398.29,229,Grocery,33,23,0,6,17797.38,Credit Card,8
3349,66,Female,60530,Business,Chicago,Bronze,58,49,474.63,125,Fashion,58,21,5,14,20235.1,Net Banking,4
3350,36,Female,28769,Retired,Chicago,Silver,20,34,14.81,258,Fashion,50,23,2,5,496.26,Credit Card,8
3351,68,Male,127035,Other,Boston,Gold,16,27,298.04,49,Sports,64,20,2,3,7531.13,UPI,10
3352,42,Male,94782,Engineer,New York,Bronze,92,25,434.33,223,Fashion,3,3,0,15,13027.7,Cash,9
3353,38,Male,93382,Business,Seattle,Bronze,56,44,330.03,281,Grocery,61,25,6,2,17232.18,UPI,8
3354,29,Female,125939,Freelancer,Los Angeles,Bronze,93,35,402.41,145,Fashion,82,18,8,3,13322.76,Cash,8
3355,58,Female,93712,Other,New York,Silver,50,9,448.58,44,Sports,10,15,2,12,4508.93,UPI,9
3356,50,Male,133643,Retired,San Francisco,Bronze,90,6,377.97,261,Sports,66,1,6,2,2033.46,UPI,10
3357,67,Female,122417,Other,Miami,Bronze,66,26,361.34,233,Grocery,51,14,8,12,7732.88,Cash,8
3358,70,Female,143256,Freelancer,Dallas,Silver,74,38,482.73,52,Books,94,8,14,7,14972.07,Credit Card,4
3359,21,Male,116422,Other,Seattle,Silver,13,39,433.21,234,Fashion,30,30,13,5,13713.33,UPI,5
3360,59,Male,104300,Other,Seattle,Bronze,15,27,409.54,195,Toys,25,16,2,15,12101.13,Cash,10
3361,24,Female,21630,Retired,Miami,Bronze,73,40,52.34,3,Toys,43,25,15,5,1961.47,Cash,6
3362,39,Female,139474,Engineer,San Francisco,Silver,27,31,127.12,59,Home,88,29,8,0,4451.18,UPI,5
3363,50,Female,113869,Freelancer,Miami,Platinum,8,3,282.81,172,Sports,64,30,10,4,975.3,Credit Card,9
3364,34,Male,30701,Freelancer,Miami,Silver,70,24,357.68,71,Books,59,1,1,7,7916.48,Net Banking,2
3365,41,Male,112285,Student,New York,Gold,100,15,158.58,74,Books,62,21,2,10,2178.07,Debit Card,6
3366,51,Male,132556,Teacher,Dallas,Bronze,50,6,55.73,321,Fashion,99,28,10,12,308.69,Net Banking,10
3367,45,Male,30021,Freelancer,Seattle,Bronze,88,11,162.44,21,Fashion,10,5,3,1,1769.29,UPI,2
3368,60,Male,79361,Teacher,Boston,Silver,67,30,387.8,208,Home,64,27,13,13,9381.4,UPI,8
3369,58,Female,147317,Retired,Miami,Gold,26,35,439.93,50,Books,94,0,6,2,12384.82,Cash,8
3370,56,Female,25355,Doctor,Houston,Silver,36,48,457.32,144,Grocery,60,7,10,11,24018.97,Credit Card,5
3371,39,Female,113841,Business,Los Angeles,Gold,21,38,195.64,348,Toys,90,10,15,8,8350.85,Credit Card,10
3372,66,Male,32198,Student,Miami,Platinum,77,43,192.54,304,Grocery,99,19,8,11,7299.38,UPI,8
3373,34,Male,81951,Retired,Miami,Bronze,52,40,209.29,271,Fashion,88,29,12,12,8685.96,Credit Card,5
3374,51,Male,147724,Engineer,Seattle,Bronze,11,29,194.15,43,Beauty,20,22,0,3,4990.76,Debit Card,4
3375,23,Female,33740,Doctor,Chicago,Bronze,8,23,336.44,106,Beauty,49,25,11,10,8463.07,Credit Card,9
3376,63,Male,18810,Other,Phoenix,Bronze,57,42,185.58,149,Electronics,99,30,8,9,7546.55,Credit Card,8
3377,23,Male,138743,Student,Los Angeles,Bronze,46,42,19.97,93,Electronics,74,14,9,15,947.02,Cash,4
3378,51,Female,114855,Student,Chicago,Gold,78,3,225.12,263,Electronics,27,8,12,11,796.53,UPI,2
3379,18,Male,41783,Retired,New York,Bronze,97,26,119.83,109,Grocery,51,1,4,4,3184.69,Credit Card,2
3380,27,Female,136701,Engineer,Houston,Bronze,2,14,24.12,17,Fashion,57,6,14,11,391.8,UPI,2
3381,38,Male,93047,Engineer,Phoenix,Bronze,64,19,240.71,237,Home,79,16,13,11,3720.61,Credit Card,10
3382,22,Male,24471,Teacher,Los Angeles,Platinum,52,21,110.92,335,Toys,79,2,3,14,2294.56,Credit Card,8
3383,19,Female,125771,Business,Chicago,Silver,65,21,231.84,238,Home,37,3,13,15,4875.45,Credit Card,6
3384,39,Female,21163,Retired,Dallas,Platinum,11,9,146.1,211,Sports,99,2,12,10,1270.62,Cash,1
3385,65,Female,77071,Doctor,Dallas,Platinum,6,13,305.82,230,Fashion,3,7,10,14,3681.21,Credit Card,10
3386,19,Female,31065,Business,San Francisco,Silver,96,41,495.53,327,Toys,29,10,11,6,22128.67,Net Banking,4
3387,27,Female,137323,Doctor,Miami,Bronze,79,44,278.14,349,Toys,68,27,5,12,12496.05,Debit Card,3
3388,51,Female,132969,Student,Houston,Bronze,76,46,326.98,293,Fashion,47,29,9,14,12528.72,Credit Card,10
3389,33,Male,98456,Freelancer,Phoenix,Bronze,64,37,460.45,80,Electronics,80,15,4,4,20108.1,Net Banking,7
3390,65,Male,34154,Freelancer,Los Angeles,Gold,93,38,193.26,254,Fashion,69,27,4,1,8482.23,UPI,10
3391,68,Female,120703,Retired,Dallas,Bronze,55,45,91.61,231,Home,21,13,11,6,3880.82,Cash,5
3392,56,Male,35229,Engineer,Houston,Bronze,44,45,148.57,362,Electronics,42,22,4,15,6006.91,UPI,1
3393,39,Female,67587,Engineer,Phoenix,Silver,86,24,207.37,208,Fashion,21,18,14,10,5232.64,Cash,6
3394,29,Male,64713,Other,San Francisco,Silver,14,38,326.06,297,Sports,2,22,7,5,10126.86,UPI,4
3395,41,Female,36101,Student,Dallas,Silver,83,46,12.25,20,Beauty,78,1,12,10,562.6,UPI,10
3396,64,Male,55391,Student,Seattle,Bronze,5,11,428.16,237,Beauty,69,11,15,8,5034.97,Debit Card,6
3397,57,Male,87723,Doctor,Dallas,Gold,99,29,47.29,260,Grocery,7,10,9,1,1320.22,Debit Card,7
3398,55,Male,115264,Student,Boston,Silver,25,45,451.32,272,Toys,75,15,7,1,24146.18,Debit Card,9
3399,27,Male,52921,Other,Seattle,Bronze,50,44,475.22,279,Sports,35,10,9,12,22740.24,UPI,1
3400,52,Male,43460,Retired,Houston,Gold,73,48,495.15,149,Home,30,2,3,12,27893.82,Cash,6
3401,68,Female,106725,Doctor,San Francisco,Platinum,71,38,406.66,314,Fashion,44,22,12,7,17974.35,Debit Card,8
3402,66,Female,73445,Business,Chicago,Bronze,82,41,79.51,151,Toys,46,9,13,9,2779.66,Cash,4
3403,49,Female,97208,Engineer,New York,Bronze,2,17,356.02,281,Sports,55,28,15,10,6460.58,Cash,10
3404,24,Male,121283,Engineer,Miami,Silver,10,48,109.63,60,Toys,1,4,14,0,5465.76,Credit Card,9
3405,38,Female,100779,Freelancer,Miami,Bronze,2,26,449.59,135,Fashion,54,27,8,7,9607.85,Net Banking,4
3406,37,Male,18060,Freelancer,Dallas,Gold,60,26,165.14,11,Sports,80,30,7,4,3980.87,UPI,4
3407,43,Male,140806,Other,Los Angeles,Bronze,45,12,170.13,13,Sports,1,12,11,0,2069.8,Net Banking,9
3408,21,Male,28731,Retired,Seattle,Gold,8,18,459.65,29,Beauty,63,24,5,15,8433.07,UPI,4
3409,63,Female,92830,Engineer,Boston,Silver,58,9,16.48,354,Sports,55,23,1,9,166.95,Cash,9
3410,69,Male,130871,Other,Dallas,Silver,7,3,105.04,317,Grocery,86,5,8,10,326.17,Net Banking,1
3411,39,Female,35719,Retired,San Francisco,Bronze,99,10,216.75,286,Fashion,77,27,5,0,2138.46,Credit Card,8
3412,32,Female,64116,Business,New York,Bronze,87,43,353.35,219,Electronics,27,19,7,5,16725.36,Net Banking,2
3413,57,Male,41325,Business,Chicago,Bronze,72,2,327.31,237,Sports,15,2,15,11,673.18,Net Banking,8
3414,38,Male,29551,Teacher,New York,Bronze,21,8,338.01,26,Toys,81,21,5,15,3119.16,Credit Card,5
3415,32,Female,108287,Doctor,Boston,Bronze,97,43,441.21,256,Electronics,9,8,4,15,22049.03,Credit Card,1
3416,39,Female,39278,Freelancer,New York,Gold,47,18,69.3,296,Beauty,69,20,6,9,1299.49,Debit Card,1
3417,69,Female,30141,Doctor,New York,Bronze,1,39,265.86,141,Electronics,59,27,11,10,10635.37,UPI,6
3418,45,Female,82913,Freelancer,Houston,Gold,12,31,365.48,249,Grocery,23,6,3,1,12242.07,Cash,1
3419,31,Female,48615,Teacher,San Francisco,Silver,75,14,321.7,73,Grocery,11,22,9,1,4910.07,Net Banking,2
3420,44,Female,137058,Engineer,San Francisco,Gold,48,39,229.67,297,Beauty,24,29,10,15,9771.04,Net Banking,3
3421,58,Male,127684,Other,Phoenix,Platinum,94,33,18.39,198,Toys,72,6,15,0,636.17,Cash,2
3422,57,Female,42452,Retired,Dallas,Bronze,4,29,39.62,295,Home,98,24,2,0,1269.77,Credit Card,9
3423,45,Female,65391,Doctor,Los Angeles,Gold,34,44,68.28,13,Grocery,54,1,10,3,2576.64,Credit Card,10
3424,43,Female,135288,Freelancer,Phoenix,Silver,87,33,178.18,99,Fashion,31,7,11,4,6636.04,Net Banking,6
3425,66,Female,128535,Doctor,San Francisco,Gold,32,35,67.65,90,Home,22,17,14,3,2188.21,Net Banking,9
3426,19,Male,101711,Engineer,Miami,Silver,3,2,218.78,190,Grocery,14,30,6,5,505.06,Cash,5
3427,42,Male,92850,Retired,Dallas,Silver,92,35,97.53,361,Home,5,26,1,7,2910.84,Cash,4
3428,20,Female,124733,Student,Boston,Bronze,68,32,391.79,304,Sports,17,0,9,10,10047.89,UPI,2
3429,25,Female,17365,Freelancer,Houston,Bronze,57,36,437.03,105,Books,82,27,2,14,12685.1,Credit Card,4
3430,61,Female,112662,Other,Chicago,Silver,76,46,200.93,6,Grocery,83,9,0,10,8171.21,Debit Card,8
3431,50,Male,58372,Student,Miami,Platinum,24,50,260.55,80,Home,71,5,10,1,11014.88,Debit Card,2
3432,59,Male,59134,Teacher,San Francisco,Gold,33,23,477.21,252,Fashion,90,17,11,0,11212.53,Cash,8
3433,69,Male,52823,Retired,Dallas,Bronze,3,5,272.4,139,Beauty,89,29,0,1,1333.9,UPI,2
3434,52,Male,86158,Business,San Francisco,Gold,4,47,497.59,356,Grocery,82,12,1,12,24378.82,Net Banking,1
3435,23,Male,111076,Doctor,Seattle,Gold,30,16,79.64,310,Fashion,44,20,12,9,1117.59,Cash,4
3436,56,Male,148021,Freelancer,Phoenix,Bronze,70,40,432.49,6,Sports,79,0,13,13,19056.13,Cash,7
3437,69,Female,64396,Other,Chicago,Bronze,49,24,253.63,151,Books,93,22,0,10,6356.1,Cash,2
3438,40,Male,123336,Doctor,Chicago,Bronze,30,40,21.13,289,Electronics,49,28,14,5,750.94,Debit Card,3
3439,42,Male,46912,Teacher,Los Angeles,Gold,72,28,486.39,125,Toys,65,0,1,10,13068.31,Cash,6
3440,67,Female,71947,Teacher,Seattle,Gold,82,25,482.87,284,Electronics,4,11,15,13,13125.4,UPI,2
3441,60,Male,59387,Doctor,New York,Bronze,16,7,197.8,281,Beauty,9,27,0,3,1484.5,Debit Card,9
3442,36,Female,31508,Freelancer,Seattle,Bronze,53,38,477.53,73,Toys,36,7,2,6,18598.62,UPI,6
3443,22,Male,60592,Other,Chicago,Gold,6,7,79.09,44,Beauty,51,27,8,15,659.71,Debit Card,6
3444,68,Female,124249,Retired,Miami,Platinum,24,22,343.25,16,Electronics,32,20,8,13,6439.38,UPI,8
3445,28,Female,16919,Engineer,Los Angeles,Gold,92,22,104.05,232,Electronics,88,4,7,1,2278.37,Credit Card,1
3446,29,Female,57595,Retired,Boston,Silver,96,27,130.86,163,Beauty,18,2,8,15,3708.52,Credit Card,10
3447,27,Female,48298,Engineer,Miami,Bronze,89,33,391.88,62,Electronics,15,17,11,0,15487.55,Debit Card,3
3448,25,Female,29456,Other,Dallas,Silver,28,45,194.91,92,Grocery,20,5,13,12,8920.37,Credit Card,2
3449,41,Male,124599,Business,New York,Bronze,21,32,13.49,321,Home,58,3,15,4,421.73,Net Banking,1
3450,45,Male,101676,Retired,Phoenix,Gold,8,39,212.98,91,Books,40,14,3,13,9709.28,UPI,6
3451,58,Female,98721,Other,Boston,Bronze,36,32,121.75,41,Books,66,28,13,8,3905.95,Debit Card,4
3452,53,Female,52924,Doctor,Miami,Gold,9,1,344.83,240,Fashion,89,25,7,12,405.41,Credit Card,6
3453,54,Female,39240,Doctor,Dallas,Bronze,40,10,105.28,326,Home,13,27,10,5,1158.25,Debit Card,8
3454,38,Male,102381,Freelancer,San Francisco,Gold,85,45,422.7,254,Toys,91,3,4,5,16494.61,Net Banking,7
3455,25,Female,24228,Doctor,Houston,Bronze,51,4,140.88,330,Beauty,13,5,3,0,488.56,Debit Card,3
3456,26,Female,36686,Freelancer,New York,Silver,1,29,202.58,70,Fashion,62,17,12,0,5447.07,Debit Card,3
3457,64,Female,26920,Other,Phoenix,Silver,63,7,156.04,298,Sports,28,17,3,3,903.39,Cash,6
3458,32,Female,22432,Doctor,Los Angeles,Bronze,68,38,325.52,215,Sports,46,28,1,13,12580.25,Cash,1
3459,65,Male,125507,Teacher,Seattle,Platinum,74,6,59.57,310,Grocery,15,25,9,1,408.85,Cash,3
3460,63,Female,145509,Student,Houston,Silver,26,11,244.27,55,Sports,93,30,8,15,2579.52,Cash,8
3461,57,Female,86725,Other,New York,Silver,40,9,173.88,78,Beauty,85,30,12,2,1657.76,UPI,3
3462,35,Male,136764,Doctor,Boston,Gold,3,30,443.23,338,Grocery,44,9,8,10,15857.79,Net Banking,1
3463,59,Female,74099,Student,San Francisco,Gold,9,22,45.97,120,Home,95,12,13,5,887.44,Debit Card,10
3464,37,Female,127557,Engineer,Los Angeles,Silver,32,39,416.55,201,Grocery,23,19,0,9,15323.14,Net Banking,9
3465,23,Male,101760,Business,Chicago,Platinum,67,9,92.16,327,Books,67,21,11,12,671.84,Debit Card,2
3466,29,Male,33013,Retired,Miami,Bronze,4,38,53.4,256,Beauty,99,17,3,14,1811.58,Cash,7
3467,19,Male,36446,Retired,Miami,Bronze,6,46,109.14,129,Electronics,78,29,8,0,5581.56,UPI,8
3468,24,Female,120209,Other,Los Angeles,Silver,73,33,60.3,348,Books,66,6,13,10,2114.54,Debit Card,3
3469,33,Female,117261,Engineer,Chicago,Bronze,26,26,265.28,41,Fashion,50,26,3,11,7680.28,Debit Card,7
3470,20,Male,110739,Doctor,Miami,Silver,2,16,494.23,73,Beauty,13,7,13,12,7671.44,Credit Card,10
3471,62,Male,15557,Retired,New York,Bronze,66,9,26.82,233,Books,2,24,1,15,264.13,UPI,4
3472,20,Male,145878,Freelancer,Los Angeles,Silver,85,23,235.95,8,Electronics,76,5,1,11,5642.96,UPI,2
3473,44,Female,114143,Engineer,Los Angeles,Gold,86,15,199.17,30,Electronics,91,1,12,10,2782.51,UPI,4
3474,67,Female,39578,Teacher,Boston,Silver,3,19,176.41,95,Sports,34,21,9,9,3234.35,Net Banking,8
3475,60,Male,89779,Student,Chicago,Platinum,35,42,172.61,257,Home,40,7,13,1,7369.47,Cash,2
3476,57,Female,72500,Freelancer,Boston,Gold,59,16,448.56,279,Books,69,9,8,3,8487.29,Credit Card,6
3477,55,Male,87534,Retired,Chicago,Bronze,38,25,19.3,228,Books,61,30,10,5,565.75,Net Banking,10
3478,50,Female,25129,Freelancer,Boston,Bronze,33,35,389.71,244,Toys,25,16,3,12,16294.04,Cash,3
3479,45,Female,26596,Doctor,Los Angeles,Bronze,15,13,133.94,197,Grocery,75,26,0,2,1404.41,Debit Card,3
3480,18,Female,80355,Teacher,Seattle,Gold,75,46,197.81,231,Grocery,77,21,11,8,9889.73,Credit Card,6
3481,25,Female,27974,Student,Seattle,Bronze,74,7,215.87,298,Sports,63,11,12,9,1749.63,Net Banking,3
3482,54,Male,127004,Teacher,Seattle,Bronze,100,34,159.32,50,Sports,28,10,0,3,5935.35,Credit Card,2
3483,49,Female,141794,Engineer,Los Angeles,Platinum,14,14,55.84,216,Grocery,85,16,0,6,755.62,Cash,2
3484,65,Female,85202,Doctor,Miami,Silver,66,23,66.02,173,Toys,56,15,7,15,1654.99,Net Banking,3
3485,60,Male,89442,Freelancer,San Francisco,Bronze,45,23,156.08,74,Beauty,26,21,0,10,3509.62,Net Banking,2
3486,54,Female,70598,Freelancer,Phoenix,Bronze,48,17,412.69,98,Beauty,27,9,4,4,7616.83,Credit Card,6
3487,21,Male,148726,Engineer,San Francisco,Gold,44,13,75.97,0,Beauty,26,19,8,5,1098.36,Debit Card,4
3488,47,Male,48758,Freelancer,Seattle,Gold,37,27,373.89,123,Beauty,15,2,3,8,11480.84,Debit Card,1
3489,23,Female,39204,Business,Miami,Bronze,29,2,151.55,116,Sports,50,18,10,15,330.75,Debit Card,3
3490,63,Female,142309,Doctor,Los Angeles,Silver,99,37,442.9,342,Fashion,6,3,8,8,14158.75,Cash,10
3491,36,Male,45552,Engineer,Dallas,Gold,84,30,219.88,194,Fashion,68,18,4,5,7747.55,Credit Card,3
3492,49,Male,62037,Doctor,Miami,Gold,85,4,94.14,232,Grocery,4,8,12,1,333.39,Cash,4
3493,26,Male,49831,Student,Dallas,Gold,34,30,493.06,128,Fashion,30,19,8,8,13949.07,Cash,6
3494,29,Female,58563,Doctor,Los Angeles,Silver,59,3,96.55,62,Beauty,77,16,12,10,281.44,Debit Card,1
3495,28,Male,33361,Doctor,New York,Platinum,43,14,288.13,235,Sports,9,3,14,1,4376.55,Debit Card,2
3496,63,Male,56335,Student,Chicago,Bronze,33,11,288.95,331,Beauty,42,16,1,1,3434.3,Debit Card,10
3497,33,Male,89469,Engineer,Phoenix,Bronze,19,40,192.68,229,Electronics,14,25,13,1,9130.64,Credit Card,3
3498,18,Female,40816,Doctor,San Francisco,Gold,8,23,476.23,189,Sports,92,25,12,13,9588.56,Credit Card,5
3499,62,Male,107479,Teacher,Boston,Silver,31,41,423.5,188,Electronics,40,2,7,6,17021.3,Debit Card,7
3500,70,Female,41819,Doctor,Boston,Gold,11,48,416.61,167,Electronics,3,19,6,10,17627.46,Cash,1
3501,38,Female,137330,Engineer,Chicago,Bronze,8,32,487.33,94,Toys,41,29,6,3,16670.98,Credit Card,2
3502,47,Male,23798,Other,Miami,Gold,25,3,233.98,156,Toys,93,3,2,7,621.37,Net Banking,4
3503,30,Female,64695,Freelancer,Boston,Bronze,20,42,57.62,290,Books,33,8,9,7,2776.17,Cash,10
3504,51,Male,144544,Retired,Houston,Silver,38,1,385.07,347,Grocery,79,5,11,0,459.43,Cash,1
3505,21,Female,24415,Student,Boston,Bronze,7,9,196.6,340,Electronics,60,18,1,0,1639.77,UPI,1
3506,45,Female,102638,Freelancer,Los Angeles,Silver,77,48,103.27,138,Books,64,6,10,3,5431.56,Credit Card,9
3507,55,Male,33452,Engineer,Chicago,Gold,39,9,246.79,190,Fashion,62,26,13,1,2250.25,Net Banking,6
3508,48,Male,125205,Business,Phoenix,Bronze,74,12,463.6,55,Fashion,79,15,9,15,5250.06,Credit Card,2
3509,44,Male,33170,Retired,Chicago,Bronze,72,1,93.96,6,Electronics,7,14,0,12,82.36,Cash,10
3510,22,Female,31259,Freelancer,Phoenix,Silver,20,16,425.86,50,Grocery,76,15,12,2,7411.21,Credit Card,7
3511,42,Female,37099,Doctor,Houston,Gold,81,30,214.92,38,Electronics,50,13,0,9,5567.48,Cash,10
3512,20,Male,144394,Retired,Boston,Bronze,11,8,77.03,297,Books,39,3,6,1,562.17,Net Banking,6
3513,50,Male,74258,Doctor,Chicago,Bronze,16,46,425.71,71,Sports,71,22,8,9,22869.5,Cash,6
3514,21,Female,26805,Student,Dallas,Bronze,42,46,485.11,255,Sports,47,1,14,8,22389.72,Debit Card,8
3515,42,Female,58147,Doctor,Seattle,Platinum,96,10,152.72,308,Sports,70,6,0,13,1743.5,Cash,10
3516,37,Female,89280,Retired,Houston,Bronze,90,33,158.73,90,Sports,26,23,14,5,5798.66,Debit Card,3
3517,51,Male,121777,Teacher,Miami,Bronze,52,38,201.37,148,Electronics,58,27,9,6,7273.25,Net Banking,10
3518,43,Female,112841,Teacher,Dallas,Gold,37,41,408.92,29,Beauty,73,6,3,5,14874.71,Net Banking,2
3519,22,Male,139726,Other,Phoenix,Silver,52,22,15.1,122,Beauty,51,5,14,0,279.04,Cash,9
3520,52,Female,143359,Freelancer,Chicago,Bronze,9,16,119.74,236,Home,88,19,13,13,2268.84,Debit Card,5
3521,45,Female,91215,Engineer,Phoenix,Platinum,35,19,355.89,279,Sports,52,28,12,4,6287.77,Cash,6
3522,46,Male,127909,Other,Phoenix,Silver,67,11,208.76,124,Toys,94,8,1,2,2455.37,Net Banking,7
3523,26,Male,110365,Student,Houston,Silver,95,11,171.84,133,Toys,16,16,13,14,2064.37,Debit Card,2
3524,69,Male,25985,Business,Dallas,Bronze,7,14,437.42,5,Books,48,20,7,9,5383.34,UPI,6
3525,55,Female,27391,Other,Chicago,Gold,2,39,459.49,196,Books,27,10,8,7,19309.3,UPI,1
3526,67,Female,19861,Freelancer,Boston,Bronze,25,26,474.51,189,Home,33,15,2,14,9915.76,Net Banking,9
3527,23,Female,49364,Engineer,New York,Bronze,76,44,143.55,290,Home,23,29,2,13,6109.54,Debit Card,6
3528,36,Male,97399,Student,San Francisco,Bronze,94,20,457.13,235,Grocery,45,0,6,14,8595.53,Cash,7
3529,61,Female,57923,Retired,San Francisco,Gold,94,20,371.11,78,Grocery,83,26,8,6,8707.17,Net Banking,5
3530,28,Male,100818,Student,Houston,Silver,93,5,85.57,34,Electronics,100,25,6,8,511.03,Net Banking,2
3531,19,Male,86160,Retired,Miami,Silver,41,1,309.03,303,Beauty,83,26,11,11,282.82,Credit Card,4
3532,64,Male,143165,Freelancer,Los Angeles,Bronze,75,11,22.9,360,Books,22,15,13,0,262.98,Cash,5
3533,61,Female,48529,Engineer,New York,Silver,52,47,357.11,71,Toys,42,16,12,1,18430.49,Cash,10
3534,61,Female,16669,Other,Chicago,Gold,87,10,369.45,42,Books,33,5,6,1,3238.01,UPI,2
3535,26,Male,132373,Engineer,San Francisco,Bronze,81,47,396.78,290,Electronics,10,21,13,0,20040.67,Credit Card,9
3536,38,Female,59859,Doctor,Miami,Gold,77,28,94.54,132,Fashion,47,10,1,7,2390.56,Cash,2
3537,41,Male,70786,Business,Los Angeles,Bronze,97,45,317.84,286,Books,96,6,11,11,12408.3,Cash,2
3538,51,Male,35323,Teacher,Dallas,Gold,65,47,97.64,105,Books,79,15,10,3,5232.79,UPI,2
3539,39,Female,21021,Doctor,Chicago,Bronze,77,34,473.86,158,Sports,39,25,0,6,16127.22,Credit Card,2
3540,20,Male,54807,Student,Phoenix,Silver,38,13,340.76,356,Fashion,46,28,1,9,4070.11,Credit Card,5
3541,29,Male,143305,Business,Miami,Platinum,67,44,56.71,7,Toys,72,24,11,14,2400.12,Debit Card,7
3542,45,Female,65355,Business,Chicago,Platinum,80,25,101.65,261,Fashion,51,21,5,0,2452.99,Net Banking,1
3543,47,Male,128415,Engineer,New York,Bronze,42,23,335.1,342,Toys,25,1,11,7,8539.79,Debit Card,9
3544,43,Male,23711,Business,Phoenix,Silver,71,36,243.57,79,Home,82,19,11,10,10125.04,Credit Card,6
3545,65,Male,22904,Freelancer,New York,Bronze,54,12,370.79,43,Books,15,12,13,7,4406.16,UPI,1
3546,38,Male,79033,Business,Seattle,Gold,67,47,147.59,176,Grocery,58,12,9,10,6445.29,Debit Card,1
3547,45,Male,101478,Student,San Francisco,Silver,78,45,332.38,63,Books,59,14,14,9,16316.79,UPI,9
3548,43,Male,135035,Freelancer,Los Angeles,Bronze,64,2,96.71,287,Beauty,26,14,12,11,224.78,Credit Card,9
3549,50,Male,18093,Freelancer,Miami,Bronze,80,20,276.42,308,Home,41,8,7,2,4675.0,UPI,1
3550,38,Female,39918,Doctor,Phoenix,Platinum,4,16,479.32,112,Home,44,17,7,8,8579.63,Debit Card,1
3551,52,Female,139501,Business,San Francisco,Silver,31,14,317.83,318,Sports,85,13,5,14,4551.38,Credit Card,5
3552,69,Male,107510,Engineer,Houston,Bronze,13,2,34.5,207,Electronics,22,22,1,4,79.15,Credit Card,5
3553,51,Male,108708,Retired,New York,Bronze,27,49,494.49,225,Sports,98,13,13,4,24366.72,Debit Card,7
3554,58,Female,112819,Doctor,Seattle,Bronze,59,16,86.86,332,Electronics,37,3,8,11,1591.32,Net Banking,4
3555,68,Female,51303,Engineer,New York,Silver,65,4,361.85,277,Toys,14,13,9,13,1478.94,Debit Card,10
3556,64,Female,42453,Business,Chicago,Platinum,64,43,270.94,286,Electronics,4,9,3,4,9995.51,Debit Card,1
3557,35,Female,123886,Doctor,Dallas,Gold,25,13,154.24,279,Toys,24,29,15,0,1608.06,Cash,6
3558,28,Female,75695,Business,Seattle,Silver,37,38,96.88,2,Toys,66,10,15,13,3858.17,Credit Card,10
3559,40,Male,148412,Student,Seattle,Gold,75,49,97.07,32,Beauty,63,21,12,9,4931.68,Cash,3
3560,65,Female,53057,Doctor,Los Angeles,Silver,73,1,430.62,306,Fashion,65,0,4,1,380.71,Cash,7
3561,39,Female,146669,Engineer,Miami,Bronze,71,9,437.73,213,Toys,66,26,0,0,4492.11,Cash,1
3562,34,Female,109655,Student,Houston,Platinum,14,21,237.92,29,Electronics,13,29,8,1,5731.3,UPI,4
3563,22,Male,30025,Teacher,Houston,Bronze,94,18,60.77,24,Beauty,27,13,10,8,1226.95,Debit Card,10
3564,61,Male,22145,Engineer,Los Angeles,Bronze,24,43,443.24,27,Fashion,81,7,10,8,22387.74,Cash,9
3565,28,Male,116206,Retired,New York,Platinum,67,32,248.64,96,Home,17,5,10,12,7977.69,UPI,10
3566,47,Male,56723,Other,Boston,Bronze,48,46,224.99,86,Home,69,10,9,13,11187.05,UPI,6
3567,32,Male,88230,Business,San Francisco,Gold,91,34,209.6,25,Fashion,88,13,12,4,8279.36,Credit Card,2
3568,44,Male,123138,Engineer,Boston,Platinum,65,20,188.86,119,Sports,57,6,0,3,3711.1,Debit Card,6
3569,52,Female,77040,Teacher,Chicago,Silver,38,43,267.74,200,Sports,72,28,6,12,12058.19,Net Banking,9
3570,50,Male,123668,Engineer,Houston,Bronze,90,2,306.23,356,Books,73,21,10,1,615.59,Debit Card,1
3571,37,Male,70030,Student,Miami,Bronze,70,4,238.55,352,Sports,18,6,8,5,1138.65,UPI,5
3572,33,Female,71815,Freelancer,Dallas,Bronze,59,45,449.36,14,Books,16,20,2,12,19716.72,Debit Card,8
3573,51,Male,127789,Other,New York,Silver,12,38,165.65,304,Books,51,18,1,8,5834.01,Credit Card,7
3574,19,Female,72923,Engineer,Miami,Gold,54,7,293.37,253,Toys,96,21,13,12,2160.07,Debit Card,10
3575,52,Female,82904,Doctor,Miami,Silver,51,22,156.98,110,Grocery,40,30,9,7,3150.61,UPI,2
3576,57,Male,92088,Retired,Phoenix,Silver,38,20,379.14,7,Fashion,39,9,7,9,8667.34,UPI,8
3577,45,Female,20608,Teacher,Seattle,Silver,46,35,60.04,340,Grocery,56,30,3,3,2431.1,Cash,9
3578,64,Female,60667,Engineer,San Francisco,Silver,99,4,102.46,127,Sports,54,24,0,5,384.44,UPI,10
3579,56,Female,70547,Teacher,Seattle,Gold,10,20,402.59,185,Beauty,44,21,7,10,7595.65,Credit Card,8
3580,23,Female,143391,Freelancer,Miami,Bronze,9,35,99.77,13,Sports,46,8,14,13,2914.56,UPI,6
3581,26,Male,90948,Student,Los Angeles,Gold,87,33,316.62,229,Electronics,32,17,5,8,9428.23,Debit Card,9
3582,37,Female,86880,Doctor,Boston,Silver,94,21,485.42,90,Beauty,48,26,5,9,8431.92,Net Banking,8
3583,18,Male,72560,Business,Phoenix,Bronze,52,45,266.22,3,Books,61,16,3,9,13212.55,UPI,4
3584,25,Female,130063,Engineer,Seattle,Bronze,51,14,101.82,151,Books,66,29,5,14,1243.2,Credit Card,6
3585,40,Female,109218,Student,Chicago,Bronze,22,31,167.14,218,Beauty,38,12,1,10,4308.67,Credit Card,5
3586,20,Female,129462,Other,Dallas,Silver,73,22,413.49,75,Books,43,3,5,3,7875.35,Credit Card,10
3587,21,Male,32997,Teacher,Dallas,Bronze,83,48,182.31,283,Fashion,4,20,14,15,8321.5,Credit Card,9
3588,42,Male,136266,Freelancer,San Francisco,Platinum,72,30,364.52,354,Toys,5,25,15,8,10596.57,Debit Card,4
3589,64,Male,18679,Retired,Chicago,Silver,68,29,390.9,215,Grocery,58,6,1,11,13143.43,Cash,1
3590,55,Female,55308,Teacher,Seattle,Platinum,5,36,255.58,158,Electronics,37,7,5,7,8389.77,Net Banking,9
3591,32,Female,20695,Retired,Seattle,Bronze,83,49,393.77,250,Beauty,26,15,13,2,20975.12,Cash,9
3592,38,Female,73499,Freelancer,Miami,Bronze,82,42,165.28,66,Toys,9,11,8,8,8038.31,Cash,7
3593,52,Female,38382,Retired,Seattle,Bronze,29,29,262.92,221,Grocery,15,0,6,12,8712.57,Cash,5
3594,70,Male,29235,Freelancer,Chicago,Bronze,83,7,346.41,191,Grocery,88,5,11,11,2132.89,Debit Card,7
3595,70,Female,148438,Student,Dallas,Gold,6,32,92.36,218,Electronics,88,0,13,4,2695.1,Net Banking,9
3596,63,Male,127468,Engineer,Miami,Bronze,69,13,144.07,16,Toys,99,7,14,0,1539.12,UPI,3
3597,69,Female,21764,Business,New York,Silver,58,13,329.5,106,Electronics,89,11,13,10,4254.87,UPI,5
3598,31,Male,128831,Engineer,Chicago,Bronze,43,14,331.13,226,Sports,26,15,11,7,4460.18,Net Banking,3
3599,53,Male,76836,Other,Los Angeles,Silver,69,6,251.72,80,Books,63,0,3,4,1537.69,Net Banking,8
3600,29,Female,46923,Other,Seattle,Gold,72,16,399.84,266,Books,87,3,0,15,6289.65,Credit Card,1
3601,34,Female,110711,Doctor,Dallas,Silver,91,41,246.21,165,Sports,70,18,8,15,11046.73,Cash,4
3602,56,Male,31292,Engineer,Boston,Gold,37,48,441.85,356,Beauty,27,17,0,4,22649.61,Credit Card,7
3603,26,Female,139913,Freelancer,Seattle,Bronze,58,21,370.59,233,Beauty,54,7,4,1,7560.13,Debit Card,9
3604,52,Female,147686,Freelancer,Los Angeles,Platinum,37,44,164.2,161,Beauty,83,5,13,8,5889.2,Debit Card,10
3605,30,Male,35939,Doctor,Dallas,Gold,82,16,203.67,174,Sports,31,12,6,5,3055.12,Net Banking,2
3606,32,Male,33800,Teacher,San Francisco,Silver,26,5,337.17,159,Toys,32,27,9,10,1567.29,Debit Card,9
3607,35,Male,71440,Freelancer,Seattle,Silver,42,24,448.28,362,Beauty,2,30,12,15,8991.53,Net Banking,6
3608,68,Male,142521,Doctor,Miami,Platinum,16,43,97.57,184,Beauty,18,19,12,9,3866.98,UPI,7
3609,50,Female,136327,Freelancer,Phoenix,Silver,22,1,262.19,173,Sports,28,2,9,11,313.3,Cash,4
3610,23,Male,64648,Business,Chicago,Gold,23,10,68.2,237,Sports,71,14,5,2,769.64,Debit Card,5
3611,44,Male,130192,Freelancer,Los Angeles,Silver,47,43,146.93,162,Beauty,87,5,2,6,7080.29,Credit Card,1
3612,40,Male,108498,Student,Seattle,Bronze,67,47,346.13,237,Beauty,100,5,10,1,18502.08,Debit Card,4
3613,44,Female,44764,Doctor,New York,Gold,3,35,48.09,105,Grocery,88,4,7,6,1928.92,Cash,8
3614,51,Male,47470,Retired,Boston,Silver,12,31,334.56,117,Fashion,92,18,10,11,9646.84,Debit Card,6
3615,63,Female,72207,Other,Dallas,Silver,23,15,451.4,231,Sports,25,26,6,14,6289.61,Net Banking,7
3616,55,Male,77157,Engineer,Los Angeles,Silver,11,11,484.99,75,Fashion,39,9,8,10,4985.88,Debit Card,1
3617,31,Male,149288,Doctor,Chicago,Bronze,52,9,116.15,4,Toys,49,8,0,1,1178.55,UPI,7
3618,53,Female,108778,Teacher,Seattle,Gold,50,2,376.96,217,Books,4,13,7,10,843.58,UPI,6
3619,70,Male,145016,Freelancer,New York,Platinum,57,44,463.92,281,Sports,52,21,3,4,16468.0,Debit Card,4
3620,25,Male,139288,Doctor,Dallas,Gold,64,30,54.77,332,Toys,83,4,6,15,1938.32,Credit Card,2
3621,52,Female,125573,Business,Chicago,Bronze,46,16,212.87,235,Home,68,26,6,9,3113.78,Debit Card,2
3622,36,Male,135730,Doctor,Dallas,Silver,29,48,460.51,322,Books,57,6,3,12,23219.79,Net Banking,7
3623,47,Male,79186,Business,Chicago,Gold,70,1,109.37,31,Books,13,16,7,9,115.49,Net Banking,3
3624,31,Male,19960,Other,Seattle,Silver,46,48,467.54,176,Grocery,65,22,12,12,18971.36,Net Banking,2
3625,37,Male,33781,Other,Phoenix,Silver,16,6,268.32,118,Books,63,16,11,14,1735.98,Credit Card,10
3626,66,Female,46126,Freelancer,Houston,Platinum,98,46,58.95,189,Toys,98,8,0,8,2748.12,UPI,3
3627,42,Male,121034,Engineer,Miami,Silver,51,11,230.44,101,Fashion,71,21,4,12,2647.29,Net Banking,10
3628,57,Female,32883,Freelancer,Phoenix,Silver,11,33,169.87,364,Grocery,25,22,3,8,5486.7,Net Banking,2
3629,41,Male,44782,Teacher,Houston,Bronze,11,17,148.28,78,Electronics,23,6,3,15,2827.65,Debit Card,3
3630,31,Female,71387,Student,Seattle,Bronze,63,34,275.32,321,Books,30,0,14,5,9866.97,UPI,5
3631,43,Male,48746,Engineer,Seattle,Bronze,53,46,246.96,138,Fashion,61,1,2,2,9964.8,Net Banking,10
3632,55,Female,81266,Engineer,Seattle,Platinum,89,40,246.16,335,Fashion,7,9,0,14,10841.77,Net Banking,10
3633,40,Male,15056,Other,Houston,Silver,58,25,53.19,225,Home,54,18,4,11,1331.11,Debit Card,10
3634,39,Female,46457,Student,New York,Silver,19,22,403.14,265,Fashion,17,7,7,3,7227.5,Debit Card,5
3635,65,Female,148315,Doctor,Los Angeles,Gold,32,26,245.91,332,Electronics,97,8,9,3,6124.73,Cash,7
3636,36,Male,147773,Freelancer,Houston,Silver,50,27,412.24,223,Books,60,14,5,8,10692.95,Debit Card,10
3637,63,Female,88839,Doctor,Boston,Silver,72,38,414.05,59,Toys,66,10,11,3,17630.99,Debit Card,3
3638,68,Male,95636,Doctor,Los Angeles,Bronze,55,9,165.4,263,Toys,38,23,0,3,1330.19,Cash,3
3639,20,Male,122697,Freelancer,Boston,Gold,76,37,12.13,47,Electronics,13,11,4,4,440.29,Net Banking,7
3640,59,Male,81483,Teacher,Chicago,Bronze,41,5,456.51,80,Books,52,21,5,5,1875.71,Debit Card,6
3641,36,Male,35505,Engineer,Miami,Bronze,99,18,382.74,296,Grocery,52,17,14,7,7940.46,Credit Card,6
3642,26,Male,48525,Business,Miami,Bronze,70,22,62.55,7,Toys,32,1,8,11,1345.18,Cash,4
3643,45,Female,111008,Student,Miami,Bronze,21,46,353.85,348,Electronics,86,29,15,0,18598.82,Cash,4
3644,37,Male,59348,Engineer,San Francisco,Bronze,26,12,19.81,248,Sports,9,28,8,4,254.57,Net Banking,2
3645,62,Male,22273,Doctor,Houston,Silver,1,44,23.6,243,Beauty,17,27,4,8,963.57,Debit Card,6
3646,24,Male,79236,Student,New York,Bronze,81,22,267.65,164,Fashion,82,14,2,9,6389.29,Credit Card,10
3647,31,Male,149607,Business,Chicago,Silver,99,6,57.06,346,Books,40,9,5,3,338.09,Net Banking,3
3648,26,Male,122157,Engineer,Seattle,Bronze,27,36,482.52,319,Grocery,91,6,10,7,16267.57,Debit Card,6
3649,36,Male,15908,Engineer,Houston,Bronze,50,27,447.98,186,Grocery,75,8,7,8,12907.93,Net Banking,3
3650,64,Female,123352,Teacher,Boston,Silver,66,47,328.41,248,Books,54,21,11,0,17129.05,Cash,3
3651,69,Female,110967,Engineer,Boston,Platinum,100,15,41.22,126,Grocery,54,16,10,7,664.95,Cash,1
3652,31,Male,103989,Engineer,Los Angeles,Gold,65,17,169.17,87,Grocery,28,13,11,7,2833.17,Debit Card,5
3653,55,Female,50079,Business,Seattle,Platinum,10,3,192.14,44,Fashion,72,30,11,15,520.92,Net Banking,2
3654,70,Male,126889,Business,San Francisco,Silver,95,10,245.63,281,Grocery,50,8,4,4,2761.27,Debit Card,10
3655,53,Male,64323,Student,Boston,Silver,37,25,92.76,245,Fashion,18,29,7,9,2176.75,UPI,2
3656,57,Male,104909,Doctor,Miami,Silver,69,21,292.98,217,Grocery,13,6,0,1,6430.57,Debit Card,9
3657,34,Male,61105,Business,Los Angeles,Silver,41,40,223.53,14,Grocery,33,14,7,11,7565.5,UPI,2
3658,47,Male,147957,Student,Phoenix,Bronze,46,9,474.18,255,Beauty,15,2,1,6,4677.79,Cash,2
3659,26,Female,16049,Engineer,Dallas,Silver,77,24,468.74,313,Books,86,1,6,13,13287.82,Credit Card,6
3660,50,Female,68281,Other,Los Angeles,Bronze,45,32,287.08,176,Sports,38,2,1,10,9000.21,Cash,10
3661,69,Female,58271,Student,Los Angeles,Silver,88,3,325.73,334,Electronics,94,30,2,10,996.09,Credit Card,1
3662,42,Female,81697,Other,Boston,Silver,27,33,77.52,214,Electronics,6,1,4,15,2966.94,Net Banking,8
3663,31,Male,51534,Student,Houston,Bronze,65,43,119.43,24,Electronics,45,12,9,4,5742.09,Credit Card,1
3664,28,Female,108034,Student,Seattle,Bronze,84,45,451.35,323,Sports,59,26,6,14,24066.45,Net Banking,9
3665,70,Male,73097,Other,Phoenix,Bronze,8,12,352.59,291,Fashion,98,25,8,11,3835.16,UPI,4
3666,52,Female,40037,Freelancer,Miami,Platinum,67,29,102.82,116,Electronics,83,12,11,4,2945.99,Net Banking,3
3667,58,Female,42278,Student,Houston,Bronze,49,21,289.4,79,Electronics,97,30,11,5,5969.57,Debit Card,7
3668,31,Female,114173,Other,Chicago,Bronze,96,39,468.03,174,Electronics,78,1,4,11,18056.78,Debit Card,8
3669,47,Female,53294,Business,Boston,Gold,89,34,179.13,231,Books,48,19,10,9,7096.86,Debit Card,5
3670,58,Male,88277,Retired,Seattle,Silver,89,33,101.05,314,Fashion,41,21,0,7,2941.85,Cash,3
3671,21,Female,19694,Retired,New York,Bronze,14,32,471.59,39,Sports,83,18,14,10,17474.62,Debit Card,4
3672,21,Female,73150,Retired,Miami,Bronze,62,20,236.02,170,Sports,79,8,10,0,4854.7,Net Banking,10
3673,45,Male,82470,Retired,Houston,Bronze,43,3,214.45,116,Home,74,4,14,2,652.83,Net Banking,6
3674,25,Male,36556,Freelancer,Miami,Bronze,27,4,141.11,183,Home,55,20,15,11,545.59,Net Banking,5
3675,19,Female,64086,Doctor,Seattle,Bronze,96,17,446.88,80,Fashion,61,30,2,15,7717.43,Debit Card,4
3676,58,Male,114468,Other,Chicago,Silver,27,50,424.35,70,Books,2,6,4,6,23791.52,UPI,3
3677,63,Male,48387,Student,Chicago,Gold,68,17,207.47,139,Beauty,2,24,11,15,3516.03,UPI,6
3678,39,Male,83602,Teacher,Miami,Silver,75,19,25.0,192,Grocery,85,12,2,13,527.44,Cash,7
3679,58,Female,17460,Retired,Chicago,Silver,48,4,228.86,170,Fashion,76,0,7,10,884.91,Net Banking,2
3680,33,Male,87356,Engineer,Houston,Bronze,67,29,98.62,100,Grocery,10,8,7,8,2497.22,Net Banking,6
3681,46,Female,69698,Retired,Miami,Bronze,25,17,79.94,69,Sports,76,1,14,9,1312.59,Cash,3
3682,66,Female,116746,Retired,Houston,Gold,64,22,202.62,173,Grocery,39,2,10,1,4855.88,Net Banking,10
3683,65,Female,31191,Engineer,Chicago,Bronze,24,2,58.55,188,Home,2,11,0,3,133.58,Credit Card,8
3684,47,Female,99631,Freelancer,San Francisco,Gold,9,42,479.16,214,Electronics,65,4,7,10,22311.27,Cash,2
3685,29,Male,25529,Engineer,Dallas,Silver,8,12,33.29,24,Grocery,66,25,13,3,379.42,Net Banking,5
3686,52,Female,47175,Engineer,New York,Gold,95,45,206.67,88,Home,87,11,3,10,9594.59,Cash,8
3687,28,Male,32675,Freelancer,Boston,Bronze,59,11,89.72,130,Grocery,92,3,10,6,931.83,Credit Card,9
3688,63,Female,61798,Engineer,Seattle,Bronze,17,40,347.52,195,Sports,81,20,5,4,15037.87,Credit Card,7
3689,67,Male,85910,Student,New York,Gold,43,29,48.62,318,Books,52,28,9,11,1374.14,Debit Card,9
3690,38,Female,145400,Retired,Houston,Gold,95,20,277.93,285,Books,85,25,14,10,6147.45,Net Banking,9
3691,38,Male,93678,Doctor,Dallas,Bronze,68,5,388.82,224,Beauty,44,20,7,4,1565.23,Credit Card,8
3692,22,Female,77821,Freelancer,Dallas,Platinum,4,25,475.53,348,Grocery,34,11,13,6,11128.13,Credit Card,7
3693,65,Female,27204,Teacher,San Francisco,Bronze,8,34,352.28,333,Books,73,4,1,11,13789.59,Credit Card,6
3694,37,Male,22394,Freelancer,Phoenix,Bronze,42,12,58.75,340,Sports,81,13,7,14,655.24,Debit Card,3
3695,54,Female,79814,Business,Phoenix,Silver,49,28,53.38,326,Toys,45,13,6,1,1431.72,Net Banking,8
3696,20,Female,48593,Teacher,Houston,Gold,6,34,368.48,148,Toys,32,9,3,7,13985.27,Cash,3
3697,61,Female,130064,Business,Dallas,Platinum,73,6,115.51,70,Electronics,5,25,11,5,580.68,Debit Card,9
3698,50,Male,68365,Other,San Francisco,Silver,42,19,229.15,128,Toys,78,9,4,4,4026.25,Net Banking,9
3699,70,Female,146515,Other,Boston,Bronze,72,12,488.54,289,Toys,89,4,5,14,6506.1,Credit Card,10
3700,26,Female,118700,Freelancer,Boston,Silver,32,25,411.75,86,Grocery,86,26,14,11,12175.52,Debit Card,10
3701,26,Male,112077,Business,New York,Bronze,15,13,424.83,17,Grocery,63,17,2,0,6147.61,UPI,9
3702,21,Male,149537,Teacher,Miami,Silver,82,17,431.78,42,Electronics,69,26,1,13,6378.43,UPI,4
3703,52,Male,83247,Student,Seattle,Silver,87,12,313.58,75,Toys,54,16,13,1,4267.23,Credit Card,9
3704,34,Male,69740,Freelancer,San Francisco,Bronze,69,3,374.53,333,Home,38,9,1,5,1112.7,Net Banking,2
3705,51,Male,42898,Freelancer,Miami,Silver,27,24,185.89,40,Books,9,10,14,5,4966.4,Net Banking,1
3706,41,Female,147991,Engineer,Chicago,Silver,97,8,499.24,361,Home,61,14,3,12,3577.52,Debit Card,8
3707,49,Female,77613,Freelancer,Boston,Gold,66,48,147.01,364,Home,95,23,15,10,6608.06,UPI,6
3708,18,Female,111707,Retired,Houston,Silver,59,36,299.1,279,Toys,21,18,6,8,12497.47,Net Banking,10
3709,25,Male,126777,Other,San Francisco,Bronze,28,26,148.21,279,Fashion,36,11,11,10,4486.66,Debit Card,9
3710,62,Female,62003,Retired,Dallas,Bronze,24,45,64.91,258,Beauty,1,15,0,15,2669.95,Debit Card,9
3711,40,Male,63478,Freelancer,Los Angeles,Bronze,51,8,288.12,328,Electronics,22,22,0,5,1921.0,UPI,3
3712,64,Male,74030,Other,Los Angeles,Bronze,21,32,183.14,23,Books,87,23,14,0,6866.17,Credit Card,2
3713,57,Female,148071,Other,Boston,Silver,31,32,295.78,295,Home,87,26,3,11,8709.29,Debit Card,7
3714,29,Male,67800,Student,San Francisco,Platinum,75,1,283.75,326,Electronics,15,11,8,6,240.63,Credit Card,5
3715,29,Male,20445,Engineer,Miami,Silver,50,3,275.71,108,Electronics,46,21,11,15,776.88,UPI,10
3716,63,Female,15246,Doctor,Miami,Silver,92,1,70.42,358,Fashion,65,29,13,11,64.28,Debit Card,6
3717,64,Male,46153,Business,San Francisco,Silver,40,15,225.69,288,Electronics,6,21,11,2,2817.37,Cash,5
3718,32,Male,20212,Teacher,Seattle,Bronze,68,50,407.88,317,Fashion,40,26,4,7,24340.15,UPI,4
3719,58,Female,149411,Doctor,Boston,Platinum,16,20,164.42,340,Beauty,35,18,0,5,3017.13,UPI,1
3720,36,Male,71238,Engineer,Chicago,Platinum,76,3,227.48,316,Fashion,81,24,2,2,620.31,Cash,4
3721,43,Male,68871,Retired,New York,Silver,86,15,251.98,348,Beauty,61,2,10,2,3658.64,UPI,10
3722,69,Female,115672,Retired,San Francisco,Bronze,99,37,432.74,26,Beauty,23,12,5,12,15465.85,Cash,3
3723,46,Female,49607,Retired,Seattle,Gold,63,21,331.24,125,Beauty,20,20,12,7,6771.92,Cash,3
3724,39,Female,67055,Student,Los Angeles,Bronze,56,42,59.1,315,Sports,28,21,14,5,2885.93,UPI,5
3725,57,Female,119509,Other,Miami,Gold,80,39,433.93,169,Toys,37,14,2,1,13946.37,Cash,1
3726,38,Male,142378,Retired,Houston,Gold,24,23,417.71,46,Beauty,82,30,10,2,11304.54,Cash,6
3727,68,Male,102687,Teacher,Boston,Bronze,99,40,379.29,342,Toys,7,28,5,11,16178.51,UPI,2
3728,55,Female,80078,Business,Miami,Platinum,28,35,238.37,180,Fashion,49,16,5,14,9002.08,Cash,1
3729,37,Male,149763,Freelancer,Chicago,Platinum,93,18,381.2,364,Sports,84,10,4,5,5922.53,Credit Card,8
3730,46,Male,149913,Freelancer,Seattle,Platinum,85,17,244.58,72,Books,24,24,9,13,3873.67,UPI,10
3731,68,Female,117652,Doctor,Los Angeles,Silver,89,31,370.95,121,Books,80,22,12,13,9439.76,UPI,3
3732,21,Female,78197,Business,Chicago,Bronze,31,48,441.25,352,Electronics,13,26,4,6,22476.89,Credit Card,6
3733,24,Male,70773,Engineer,New York,Silver,15,26,446.37,185,Toys,92,11,8,3,10862.16,Net Banking,2
3734,45,Female,133943,Business,Phoenix,Silver,42,22,232.74,323,Books,7,16,2,7,5225.25,Debit Card,5
3735,45,Female,42584,Student,Houston,Bronze,99,45,431.08,318,Electronics,15,21,15,2,21359.63,Cash,9
3736,21,Female,18338,Doctor,New York,Silver,50,36,59.71,81,Grocery,87,22,14,13,2195.59,Cash,7
3737,39,Male,77601,Doctor,Boston,Silver,86,35,59.89,29,Beauty,23,4,10,15,1736.87,Debit Card,4
3738,29,Female,51282,Student,Miami,Bronze,5,11,278.65,280,Books,95,28,9,5,2527.69,Cash,3
3739,62,Male,130447,Business,Dallas,Bronze,48,27,329.4,120,Grocery,69,4,6,6,10199.97,Cash,9
3740,20,Male,110798,Retired,Dallas,Bronze,13,34,84.97,352,Toys,91,6,12,15,2614.12,Credit Card,4
3741,39,Male,145963,Student,Los Angeles,Gold,32,18,241.37,354,Beauty,60,2,3,7,4105.2,Credit Card,5
3742,61,Female,123611,Retired,San Francisco,Silver,67,27,56.24,105,Books,10,2,1,10,1347.44,Credit Card,6
3743,19,Female,26158,Teacher,Miami,Bronze,79,4,305.03,311,Beauty,51,16,15,14,1317.18,Credit Card,10
3744,41,Female,25547,Student,Dallas,Platinum,91,17,429.0,129,Toys,64,29,9,3,6960.73,UPI,5
3745,51,Female,103713,Retired,Seattle,Bronze,91,6,371.44,204,Books,71,23,2,4,2189.71,Cash,9
3746,44,Female,17459,Business,Phoenix,Silver,30,42,195.36,52,Home,56,1,2,5,8777.72,Debit Card,1
3747,58,Male,78146,Retired,Los Angeles,Gold,6,11,496.96,296,Fashion,32,14,2,0,5735.66,Cash,6
3748,18,Male,118577,Student,Houston,Gold,25,5,334.84,278,Fashion,23,18,2,11,1857.92,UPI,4
3749,25,Male,122761,Engineer,New York,Bronze,28,18,409.47,188,Electronics,54,22,9,8,8104.03,UPI,4
3750,40,Female,118727,Freelancer,New York,Platinum,62,25,338.15,214,Sports,73,9,5,2,8250.5,Cash,3
3751,55,Male,65460,Student,Dallas,Platinum,22,10,494.81,30,Electronics,93,25,12,1,4338.21,Cash,5
3752,23,Male,97970,Freelancer,Los Angeles,Silver,68,41,412.47,257,Beauty,91,10,13,10,15038.99,Credit Card,8
3753,39,Female,30419,Student,Dallas,Silver,15,16,264.52,59,Home,85,23,5,6,4582.31,UPI,4
3754,42,Female,50577,Business,New York,Bronze,26,10,189.77,77,Sports,70,8,10,10,1716.5,Cash,7
3755,35,Male,17921,Teacher,Boston,Silver,63,10,344.26,22,Grocery,90,13,8,10,3360.6,Debit Card,8
3756,34,Male,55935,Teacher,Chicago,Silver,18,36,299.21,184,Beauty,84,23,7,13,9082.17,Debit Card,5
3757,29,Female,140534,Freelancer,Miami,Gold,73,21,318.38,34,Fashion,61,6,9,3,5675.75,Credit Card,10
3758,23,Female,87828,Other,Los Angeles,Silver,63,14,178.08,0,Electronics,79,9,15,3,2243.76,Credit Card,1
3759,43,Female,138649,Other,Seattle,Silver,62,8,220.08,104,Electronics,20,0,6,9,1468.26,Cash,8
3760,44,Female,104062,Business,Dallas,Bronze,68,1,283.47,175,Toys,53,0,14,14,257.91,Debit Card,10
3761,25,Male,70152,Retired,Dallas,Bronze,48,16,421.25,48,Grocery,15,13,11,8,6923.85,UPI,3
3762,36,Male,111491,Business,San Francisco,Bronze,50,26,383.83,167,Electronics,29,26,11,15,10956.66,Net Banking,4
3763,59,Female,101569,Other,Phoenix,Bronze,63,49,68.14,317,Electronics,70,7,12,6,2714.76,Debit Card,10
3764,18,Male,87467,Business,Houston,Silver,69,42,130.32,270,Books,80,13,1,8,5693.73,UPI,7
3765,46,Male,137537,Engineer,Dallas,Gold,6,6,23.06,157,Sports,65,6,9,0,130.79,Debit Card,9
3766,62,Female,68806,Doctor,Seattle,Silver,58,39,13.9,20,Beauty,62,17,1,2,482.82,Cash,4
3767,66,Male,146332,Other,Houston,Silver,51,50,119.94,104,Sports,70,24,13,9,4874.02,Net Banking,4
3768,52,Male,90992,Other,Phoenix,Silver,12,2,401.67,289,Sports,16,25,0,10,747.41,Net Banking,6
3769,57,Male,37320,Student,San Francisco,Bronze,95,9,453.33,120,Electronics,54,22,6,9,4552.72,Cash,9
3770,31,Female,93971,Business,Dallas,Bronze,47,5,201.97,191,Books,97,30,15,12,1021.98,Cash,4
3771,52,Female,63581,Business,Houston,Bronze,9,40,285.97,228,Beauty,7,8,6,11,12700.02,Credit Card,10
3772,65,Male,108645,Business,Houston,Gold,7,5,355.97,180,Electronics,60,26,0,13,1717.45,UPI,8
3773,62,Female,35754,Teacher,Boston,Bronze,29,47,476.94,351,Home,10,14,5,5,25493.96,UPI,3
3774,37,Female,84837,Business,Houston,Bronze,78,8,457.34,224,Books,53,0,10,13,3147.02,Credit Card,2
3775,66,Female,138746,Other,New York,Silver,51,5,38.02,233,Home,8,10,13,15,214.44,UPI,4
3776,30,Male,129780,Student,Phoenix,Platinum,84,5,131.6,265,Books,85,18,11,10,651.68,Net Banking,4
3777,55,Male,102081,Retired,Seattle,Silver,55,17,34.08,345,Electronics,90,9,6,12,636.37,Debit Card,7
3778,66,Female,39016,Retired,San Francisco,Gold,96,9,312.11,313,Sports,37,17,13,0,2517.33,Net Banking,7
3779,63,Male,75522,Business,Phoenix,Silver,59,34,358.14,364,Home,82,21,0,13,12109.33,Credit Card,9
3780,66,Male,135896,Student,Chicago,Silver,56,33,161.06,217,Fashion,4,25,11,4,5809.89,UPI,10
3781,25,Male,127099,Engineer,New York,Gold,22,22,428.39,210,Home,84,3,5,13,9363.34,UPI,2
3782,60,Male,119429,Retired,San Francisco,Gold,100,21,231.88,98,Fashion,83,17,9,3,4787.87,Debit Card,4
3783,37,Male,16924,Other,Chicago,Bronze,18,43,499.21,108,Books,97,17,8,13,24133.49,Debit Card,3
3784,50,Female,100015,Doctor,Houston,Bronze,58,15,10.2,344,Sports,23,21,11,3,132.34,Debit Card,3
3785,43,Male,119987,Teacher,Phoenix,Bronze,40,1,63.65,252,Sports,9,24,0,13,63.02,Net Banking,7
3786,56,Male,69333,Student,Seattle,Silver,89,7,157.88,11,Electronics,38,21,15,13,1247.67,Credit Card,10
3787,38,Male,141372,Retired,San Francisco,Gold,31,23,22.5,117,Beauty,45,19,1,11,588.97,Credit Card,6
3788,70,Female,146378,Retired,Miami,Bronze,56,47,393.35,87,Home,45,11,1,6,15664.59,Credit Card,3
3789,66,Female,103495,Freelancer,Chicago,Bronze,35,6,35.86,343,Electronics,18,30,15,15,245.3,Net Banking,8
3790,59,Female,84767,Engineer,Boston,Gold,26,20,377.0,208,Electronics,46,8,9,13,6068.65,Cash,8
3791,60,Male,119332,Doctor,New York,Silver,68,26,35.76,129,Grocery,2,17,2,4,1061.99,UPI,7
3792,58,Female,54426,Doctor,New York,Silver,84,42,133.84,328,Electronics,48,5,13,6,5092.36,Net Banking,9
3793,26,Female,21336,Doctor,Boston,Gold,34,12,422.23,182,Beauty,17,22,3,0,5225.18,Credit Card,3
3794,41,Female,127200,Other,New York,Silver,76,13,476.04,82,Electronics,16,28,6,10,4974.65,Net Banking,5
3795,54,Female,32256,Student,Los Angeles,Silver,16,47,213.12,253,Toys,45,18,15,13,10944.15,Net Banking,6
3796,66,Male,48719,Engineer,Los Angeles,Bronze,42,49,485.27,4,Sports,48,19,2,14,23127.29,Cash,9
3797,58,Female,57017,Business,San Francisco,Bronze,5,13,317.17,302,Beauty,24,22,6,8,4693.53,Debit Card,4
3798,34,Female,60704,Freelancer,Miami,Silver,61,2,213.76,23,Home,95,24,4,7,437.01,Credit Card,5
3799,41,Male,45013,Engineer,Seattle,Silver,44,32,403.37,120,Sports,65,14,4,6,14635.72,Net Banking,9
3800,38,Male,94991,Engineer,Houston,Platinum,35,50,154.71,94,Books,92,4,6,14,8081.01,Debit Card,4
3801,68,Female,85258,Retired,Los Angeles,Platinum,91,31,140.24,223,Grocery,33,10,6,9,4775.0,UPI,2
3802,56,Male,93348,Engineer,Chicago,Gold,1,11,331.71,238,Grocery,4,12,6,1,4010.74,UPI,9
3803,58,Female,25060,Student,Boston,Bronze,98,37,201.34,226,Beauty,1,1,8,10,6694.67,UPI,3
3804,56,Male,64923,Freelancer,Phoenix,Platinum,43,4,76.6,141,Home,33,7,0,5,315.87,Net Banking,6
3805,30,Male,93563,Student,Miami,Silver,32,34,42.81,50,Books,74,24,0,13,1673.21,Net Banking,9
3806,28,Female,104779,Freelancer,Seattle,Bronze,63,16,396.04,144,Fashion,62,26,14,3,7296.96,Cash,3
3807,63,Male,114704,Freelancer,Chicago,Gold,33,31,341.2,337,Books,3,10,2,2,10089.41,Credit Card,8
3808,36,Female,144157,Retired,Miami,Bronze,95,25,211.78,327,Fashion,45,17,15,12,4923.66,Debit Card,9
3809,28,Male,125234,Student,Boston,Bronze,77,39,449.15,306,Beauty,21,25,5,7,18595.66,UPI,3
3810,30,Female,76687,Freelancer,Chicago,Gold,66,8,211.32,51,Beauty,64,9,1,13,1878.88,Debit Card,3
3811,63,Male,51491,Engineer,Boston,Silver,30,8,358.04,11,Books,73,0,8,3,2332.09,Cash,4
3812,62,Male,87115,Student,Seattle,Bronze,10,34,455.47,336,Books,57,3,0,2,12967.54,UPI,1
3813,18,Male,132935,Freelancer,New York,Silver,23,15,421.95,94,Sports,40,28,13,10,7034.92,Debit Card,2
3814,57,Male,98778,Other,Houston,Platinum,97,5,260.44,128,Grocery,62,16,4,14,1269.28,Credit Card,1
3815,61,Male,35448,Doctor,Houston,Silver,39,19,343.51,10,Toys,43,16,6,4,6964.37,Credit Card,3
3816,36,Female,66550,Student,Dallas,Bronze,45,10,212.7,271,Toys,88,4,9,12,2399.57,Cash,6
3817,29,Male,64294,Retired,Los Angeles,Bronze,29,9,327.13,356,Beauty,46,22,2,8,3246.6,Debit Card,8
3818,25,Female,36446,Other,San Francisco,Bronze,30,29,136.2,91,Electronics,72,2,13,9,4439.13,Cash,5
3819,25,Female,91579,Other,Phoenix,Platinum,34,40,223.02,8,Sports,24,6,1,2,8970.33,Cash,8
3820,70,Female,129679,Teacher,Boston,Silver,52,37,112.68,122,Grocery,24,4,12,14,3598.44,Cash,6
3821,62,Male,100615,Student,Dallas,Silver,81,19,28.71,263,Sports,10,9,2,8,539.71,Net Banking,1
3822,29,Female,32101,Other,Dallas,Silver,22,13,298.38,280,Grocery,99,26,14,3,4597.77,Credit Card,3
3823,65,Male,43016,Student,Dallas,Gold,5,46,433.57,118,Electronics,68,23,11,11,18392.19,Net Banking,2
3824,50,Female,105481,Student,Boston,Silver,11,40,22.53,189,Grocery,57,6,6,9,872.1,Net Banking,6
3825,62,Female,67802,Freelancer,Seattle,Silver,86,16,106.05,278,Sports,44,16,14,3,1876.96,Credit Card,8
3826,43,Female,22549,Student,Boston,Bronze,32,30,235.49,299,Books,73,28,0,1,5866.45,Cash,6
3827,56,Female,62842,Teacher,Houston,Bronze,24,5,336.29,55,Toys,75,16,7,11,1854.33,Debit Card,4
3828,45,Female,61539,Business,Boston,Platinum,11,33,93.9,195,Grocery,48,6,2,7,2818.84,Cash,4
3829,22,Male,48717,Student,Seattle,Platinum,11,19,37.78,22,Sports,77,5,4,3,651.01,Cash,9
3830,25,Female,130042,Doctor,Miami,Platinum,17,19,264.33,264,Beauty,27,8,9,2,5187.85,Net Banking,1
3831,42,Female,142922,Teacher,Houston,Platinum,32,17,411.17,244,Toys,30,7,10,12,6305.68,Debit Card,2
3832,44,Male,107447,Business,New York,Gold,83,24,27.27,259,Electronics,46,28,4,2,691.43,Credit Card,4
3833,63,Male,98402,Freelancer,Chicago,Silver,27,28,181.19,230,Sports,12,13,5,0,5903.01,UPI,3
3834,40,Male,57607,Student,New York,Gold,32,42,335.12,209,Toys,60,21,6,7,13538.13,Credit Card,9
3835,47,Female,27823,Business,San Francisco,Silver,61,37,74.06,161,Fashion,19,5,10,12,3226.39,Debit Card,5
3836,62,Female,44986,Doctor,New York,Bronze,25,22,125.61,353,Fashion,68,8,0,10,3252.28,Credit Card,8
3837,64,Female,136682,Teacher,Houston,Bronze,64,39,272.39,169,Home,54,27,5,4,9380.59,Net Banking,4
3838,40,Female,79325,Teacher,New York,Platinum,64,16,477.08,338,Home,34,19,1,4,7425.0,Debit Card,4
3839,66,Female,142925,Freelancer,Los Angeles,Bronze,28,35,150.8,289,Grocery,87,24,13,12,6312.73,UPI,10
3840,64,Female,72771,Freelancer,New York,Gold,40,27,248.89,226,Beauty,90,10,9,3,5721.41,UPI,3
3841,37,Male,69973,Freelancer,Phoenix,Bronze,91,12,205.97,360,Beauty,7,10,2,12,2447.27,Debit Card,9
3842,35,Male,54107,Business,San Francisco,Bronze,14,46,449.72,362,Fashion,82,7,13,15,20123.42,Credit Card,10
3843,35,Female,72888,Student,Chicago,Bronze,42,28,45.23,42,Grocery,42,2,4,11,1423.48,UPI,2
3844,19,Female,25956,Engineer,Seattle,Bronze,39,1,287.41,194,Toys,68,10,0,13,248.56,Debit Card,3
3845,21,Female,101839,Other,Phoenix,Bronze,2,39,424.6,11,Toys,53,3,6,4,14714.75,Debit Card,3
3846,47,Female,116131,Teacher,Phoenix,Bronze,81,18,494.18,271,Beauty,8,22,0,11,7740.83,Debit Card,3
3847,50,Female,82594,Engineer,Phoenix,Gold,1,23,352.38,61,Beauty,22,2,7,4,7023.99,Cash,4
3848,53,Male,26519,Retired,Seattle,Bronze,32,22,196.17,16,Books,26,12,10,8,3897.61,Credit Card,5
3849,35,Male,16832,Teacher,Los Angeles,Bronze,83,4,211.79,270,Toys,77,18,11,10,856.72,Debit Card,6
3850,54,Female,128922,Other,Los Angeles,Bronze,64,48,182.32,25,Grocery,63,7,5,5,9475.6,Debit Card,5
3851,36,Male,120474,Freelancer,Seattle,Silver,78,11,305.77,44,Sports,46,20,15,12,3202.44,Cash,9
3852,64,Female,84715,Other,Miami,Silver,31,18,372.31,144,Fashion,81,27,10,8,6557.44,Net Banking,7
3853,45,Female,86835,Student,Boston,Silver,58,48,411.54,64,Home,44,20,13,7,22064.29,Cash,7
3854,57,Female,88366,Student,Boston,Bronze,82,7,214.13,349,Books,62,23,0,15,1514.03,Debit Card,7
3855,37,Male,52570,Teacher,Los Angeles,Bronze,78,21,361.19,285,Beauty,36,21,14,2,7857.38,Credit Card,7
3856,66,Male,53311,Business,Houston,Gold,14,35,458.95,67,Books,41,20,13,1,16178.74,Cash,2
3857,50,Female,105245,Retired,Seattle,Gold,88,37,461.2,361,Books,79,0,6,5,19041.98,Debit Card,8
3858,29,Male,118187,Other,Los Angeles,Bronze,69,50,354.97,299,Sports,82,20,9,13,15501.41,Credit Card,10
3859,68,Male,38434,Freelancer,Houston,Silver,16,30,322.08,95,Sports,27,7,2,12,11522.42,Cash,1
3860,32,Female,101879,Student,Boston,Bronze,69,17,270.45,59,Sports,70,29,6,1,5295.44,UPI,6
3861,58,Male,30739,Retired,New York,Bronze,54,33,99.77,256,Sports,98,8,14,2,3161.06,Credit Card,3
3862,56,Male,81202,Retired,Los Angeles,Gold,13,16,70.58,18,Electronics,41,5,10,2,1090.93,Debit Card,6
3863,19,Female,113580,Student,San Francisco,Silver,80,15,248.0,32,Electronics,5,10,7,12,4239.3,Credit Card,6
3864,46,Female,94599,Doctor,New York,Bronze,79,13,88.13,90,Home,57,28,9,0,1120.74,Credit Card,8
3865,58,Male,131770,Other,New York,Bronze,31,39,292.73,237,Grocery,76,30,13,4,11453.75,Debit Card,4
3866,27,Female,54470,Retired,Los Angeles,Platinum,69,3,326.39,23,Fashion,29,28,14,7,1075.51,UPI,3
3867,19,Male,89965,Student,Houston,Gold,21,24,267.55,226,Toys,12,9,2,8,6133.5,Credit Card,2
3868,68,Female,140332,Doctor,San Francisco,Gold,30,23,27.85,338,Grocery,25,2,4,6,628.77,Debit Card,6
3869,28,Female,144681,Student,Houston,Silver,23,45,38.29,264,Toys,34,7,9,4,1404.02,Credit Card,3
3870,30,Female,129300,Student,Phoenix,Silver,38,48,65.54,5,Books,75,28,15,7,2684.33,Net Banking,4
3871,27,Female,52997,Retired,Houston,Bronze,29,1,85.29,57,Electronics,87,4,1,8,83.88,UPI,9
3872,31,Male,112805,Business,Houston,Bronze,77,32,495.04,99,Toys,24,1,13,15,12962.38,Net Banking,7
3873,35,Female,137202,Business,Miami,Silver,32,33,178.8,121,Grocery,82,15,1,15,5444.92,Credit Card,1
3874,68,Female,17526,Freelancer,Dallas,Silver,62,48,153.07,356,Grocery,63,0,0,11,7162.92,UPI,4
3875,26,Female,88339,Other,Chicago,Bronze,91,30,35.61,156,Sports,63,26,15,8,898.06,Debit Card,8
3876,56,Male,21574,Student,Dallas,Gold,98,2,321.31,200,Beauty,10,23,2,8,530.89,Net Banking,10
3877,45,Male,23733,Other,San Francisco,Bronze,45,18,329.57,224,Electronics,5,1,3,10,4784.44,UPI,4
3878,20,Female,65290,Freelancer,San Francisco,Bronze,49,30,95.97,266,Electronics,95,26,2,1,2862.2,UPI,1
3879,37,Female,87793,Freelancer,Seattle,Bronze,33,18,460.43,150,Grocery,89,2,10,12,7116.96,Credit Card,10
3880,23,Female,51051,Freelancer,Houston,Silver,4,5,402.24,256,Beauty,53,8,7,2,2162.92,Net Banking,2
3881,44,Female,30909,Freelancer,New York,Bronze,18,5,122.86,80,Grocery,81,16,0,1,612.57,Debit Card,5
3882,70,Female,92338,Teacher,Dallas,Bronze,70,8,248.07,99,Fashion,28,23,4,10,1602.68,Cash,6
3883,19,Female,88432,Retired,Seattle,Silver,64,9,234.61,104,Electronics,65,11,6,13,1739.05,Credit Card,1
3884,46,Male,43133,Retired,Phoenix,Silver,28,32,180.78,251,Toys,45,1,12,10,6751.7,UPI,5
3885,55,Female,94062,Teacher,Chicago,Silver,58,14,410.64,132,Sports,66,23,8,4,4885.09,Net Banking,8
3886,20,Female,126546,Student,Houston,Bronze,91,13,63.54,98,Sports,49,29,0,13,911.04,Cash,8
3887,33,Female,66458,Teacher,Seattle,Silver,90,18,213.5,177,Sports,40,1,8,11,3452.97,UPI,2
3888,47,Female,70415,Student,Dallas,Silver,56,4,219.74,264,Home,66,22,10,2,816.23,Net Banking,9
3889,57,Female,69160,Business,Phoenix,Bronze,20,50,239.68,131,Home,91,18,8,12,9706.04,Net Banking,2
3890,19,Female,69399,Retired,Miami,Gold,77,22,432.06,198,Electronics,8,19,3,8,9718.8,Cash,4
3891,34,Male,40298,Engineer,Boston,Silver,92,20,116.9,192,Electronics,27,27,15,1,2307.18,UPI,10
3892,58,Male,104407,Doctor,Chicago,Bronze,34,15,60.43,207,Sports,17,30,14,14,995.27,Cash,4
3893,29,Male,77513,Retired,San Francisco,Platinum,87,7,312.73,56,Toys,68,26,9,4,2544.35,Debit Card,4
3894,52,Male,66097,Teacher,Miami,Gold,10,13,95.18,261,Toys,44,16,4,11,1260.95,Credit Card,7
3895,60,Male,50198,Teacher,Houston,Platinum,94,34,46.72,229,Books,31,27,15,14,1875.85,Credit Card,8
3896,18,Male,64997,Business,Boston,Silver,22,41,219.06,141,Electronics,5,25,5,4,7717.4,Debit Card,8
3897,62,Female,146639,Teacher,Boston,Bronze,5,30,117.63,62,Toys,60,16,15,4,3309.61,UPI,4
3898,32,Female,17179,Student,Chicago,Bronze,44,5,187.0,117,Toys,89,12,3,15,1058.36,Cash,4
3899,43,Female,17019,Student,New York,Silver,9,1,137.26,320,Sports,92,11,5,0,140.19,Credit Card,6
3900,54,Female,96455,Engineer,Miami,Platinum,43,31,55.39,307,Fashion,19,10,4,9,1749.35,Debit Card,9
3901,38,Female,141883,Engineer,New York,Silver,4,20,284.57,320,Fashion,42,25,14,6,5601.22,Net Banking,5
3902,66,Female,84445,Retired,Los Angeles,Gold,42,19,23.24,244,Fashion,23,30,2,13,356.54,Credit Card,2
3903,48,Male,88551,Engineer,Miami,Bronze,65,29,483.52,355,Grocery,100,27,2,1,11668.28,Credit Card,9
3904,42,Female,18420,Student,Phoenix,Silver,98,45,177.25,135,Grocery,77,10,8,11,6666.6,Debit Card,9
3905,40,Male,74875,Other,Houston,Platinum,41,38,350.63,95,Beauty,17,23,4,13,11668.88,Cash,1
3906,41,Male,31740,Freelancer,Miami,Gold,64,10,407.08,224,Toys,94,7,15,13,3410.15,Credit Card,9
3907,55,Female,80263,Freelancer,Miami,Platinum,55,29,146.76,7,Beauty,58,17,10,1,3586.32,Cash,7
3908,45,Female,120789,Engineer,Los Angeles,Gold,90,31,376.88,13,Beauty,87,3,2,8,12323.01,Debit Card,1
3909,38,Female,34465,Engineer,Chicago,Silver,18,11,417.89,23,Fashion,49,17,7,11,3895.04,Net Banking,2
3910,60,Female,19131,Student,Chicago,Silver,16,23,128.25,191,Toys,3,28,7,0,2908.49,Credit Card,2
3911,35,Female,25652,Business,Phoenix,Platinum,87,30,496.32,240,Fashion,77,14,13,8,12287.67,Cash,8
3912,53,Female,62671,Retired,Chicago,Silver,46,25,20.14,348,Fashion,96,23,13,5,457.06,Cash,1
3913,52,Female,104342,Teacher,Boston,Bronze,36,16,116.33,24,Toys,45,6,12,4,2177.21,UPI,3
3914,62,Male,34171,Retired,Dallas,Silver,90,23,392.21,128,Electronics,35,22,2,4,7328.55,Cash,1
3915,26,Female,73541,Doctor,Los Angeles,Silver,66,33,105.12,86,Electronics,2,25,15,4,3992.03,Cash,5
3916,70,Female,24470,Freelancer,Dallas,Bronze,44,37,352.15,232,Fashion,47,14,6,5,14382.59,Debit Card,4
3917,55,Male,59308,Other,Dallas,Gold,5,28,429.21,288,Sports,3,30,8,6,14041.29,Cash,3
3918,47,Female,117840,Freelancer,Los Angeles,Bronze,29,27,480.01,55,Beauty,29,18,2,10,14447.44,UPI,8
3919,61,Female,64477,Student,Dallas,Silver,4,6,242.38,189,Grocery,74,27,7,8,1644.02,Net Banking,7
3920,51,Male,123261,Retired,Dallas,Gold,99,38,485.84,27,Beauty,20,26,11,1,15565.05,UPI,4
3921,49,Female,117466,Other,Dallas,Silver,86,37,211.69,28,Sports,34,20,11,3,8883.8,Net Banking,1
3922,20,Female,48071,Student,Phoenix,Gold,49,6,116.88,278,Toys,79,29,0,10,694.86,Credit Card,7
3923,20,Female,85560,Doctor,San Francisco,Bronze,72,25,261.82,171,Toys,40,16,11,4,6156.9,Net Banking,3
3924,45,Female,91762,Other,Phoenix,Platinum,85,13,328.41,37,Home,65,9,13,5,3678.21,Net Banking,5
3925,61,Female,17369,Retired,New York,Bronze,8,33,234.4,298,Electronics,90,10,15,6,6190.23,UPI,8
3926,32,Female,124963,Other,Miami,Bronze,52,33,287.82,265,Books,63,13,2,2,10039.94,Debit Card,9
3927,58,Male,15528,Doctor,Chicago,Gold,69,25,214.04,26,Fashion,56,3,11,13,5834.78,Debit Card,10
3928,40,Female,123806,Engineer,Los Angeles,Gold,21,14,267.13,135,Electronics,32,3,3,2,3572.41,Net Banking,10
3929,57,Female,117979,Retired,Boston,Bronze,27,40,476.77,235,Toys,66,0,2,8,16509.55,UPI,7
3930,28,Male,34748,Doctor,Dallas,Platinum,38,41,254.92,244,Electronics,96,11,12,8,8965.76,Debit Card,6
3931,65,Male,50109,Teacher,Seattle,Silver,5,42,134.06,84,Toys,41,6,8,13,4883.32,Debit Card,5
3932,49,Female,28919,Teacher,Los Angeles,Platinum,85,38,381.79,12,Sports,29,4,12,1,11932.6,UPI,5
3933,53,Male,62498,Freelancer,Houston,Silver,61,9,175.42,57,Electronics,84,0,12,3,1490.15,Net Banking,4
3934,50,Female,70808,Teacher,Los Angeles,Silver,8,18,409.94,258,Electronics,87,20,15,3,7721.78,Credit Card,7
3935,41,Female,85441,Retired,Miami,Silver,86,15,37.85,99,Books,51,23,11,4,555.74,UPI,1
3936,56,Male,128843,Teacher,Boston,Bronze,18,4,172.77,103,Beauty,12,25,9,1,587.55,UPI,3
3937,51,Female,89420,Teacher,Los Angeles,Silver,4,34,56.24,260,Beauty,44,7,4,15,2153.97,UPI,6
3938,45,Female,122447,Other,Boston,Silver,4,38,51.81,277,Home,10,28,14,11,1801.08,Net Banking,10
3939,54,Male,81896,Engineer,Los Angeles,Bronze,37,17,332.61,65,Toys,83,17,2,14,5886.61,Net Banking,1
3940,24,Male,118431,Freelancer,Phoenix,Bronze,15,7,198.81,88,Sports,74,12,2,10,1250.1,UPI,7
3941,21,Male,62020,Student,Phoenix,Bronze,38,32,437.02,295,Books,83,16,10,15,14516.0,Debit Card,2
3942,54,Male,37161,Freelancer,San Francisco,Gold,27,23,263.04,87,Fashion,90,1,1,10,5153.7,Credit Card,7
3943,18,Female,42738,Freelancer,New York,Silver,85,20,154.72,4,Books,88,5,9,3,3286.87,Cash,4
3944,18,Male,149997,Freelancer,Los Angeles,Gold,48,47,363.24,143,Beauty,9,28,5,10,17571.91,UPI,9
3945,64,Male,72153,Doctor,Dallas,Platinum,46,2,315.77,116,Books,29,20,8,13,636.41,UPI,5
3946,37,Male,76009,Student,Los Angeles,Silver,46,21,401.8,270,Toys,29,3,15,2,7482.94,Net Banking,1
3947,36,Male,102938,Doctor,Houston,Platinum,48,12,325.36,204,Home,92,7,6,13,3949.86,Net Banking,4
3948,46,Male,114546,Engineer,Boston,Bronze,59,42,91.84,74,Electronics,61,14,14,12,4469.98,Cash,4
3949,27,Female,71271,Engineer,Dallas,Bronze,4,49,338.45,79,Home,64,4,1,10,14098.2,Net Banking,4
3950,35,Male,24797,Business,San Francisco,Silver,75,27,201.86,17,Home,3,19,8,5,5894.36,Net Banking,3
3951,45,Female,101130,Business,Boston,Silver,19,50,236.94,216,Grocery,87,28,13,3,10016.46,Debit Card,3
3952,52,Male,86942,Other,Phoenix,Gold,57,48,461.57,101,Beauty,4,10,2,0,20721.06,Credit Card,10
3953,60,Male,133065,Engineer,Seattle,Silver,19,10,186.38,131,Home,55,7,6,2,2000.85,Debit Card,5
3954,64,Male,28965,Engineer,Dallas,Bronze,91,8,309.86,308,Home,14,27,9,7,2538.6,UPI,5
3955,48,Male,28733,Doctor,Phoenix,Gold,42,21,188.11,57,Grocery,77,16,6,11,4231.99,Debit Card,2
3956,44,Male,142182,Other,Houston,Silver,92,22,56.42,111,Fashion,28,8,15,2,1471.3,Cash,10
3957,28,Male,98360,Engineer,Dallas,Bronze,5,13,232.23,84,Toys,63,17,3,6,3586.09,Debit Card,10
3958,66,Male,123378,Retired,Dallas,Silver,48,48,302.56,330,Toys,39,29,13,1,16932.92,Net Banking,9
3959,66,Male,43287,Student,Dallas,Platinum,25,40,209.68,313,Electronics,64,13,3,13,8369.86,Cash,3
3960,55,Female,97104,Doctor,New York,Gold,67,12,201.43,115,Beauty,60,23,11,4,2263.47,Cash,4
3961,22,Male,101916,Engineer,Dallas,Silver,26,17,411.99,314,Books,20,8,1,6,6386.35,UPI,2
3962,25,Female,18188,Doctor,New York,Bronze,74,48,24.55,161,Fashion,28,9,1,0,1214.08,UPI,8
3963,51,Male,106205,Doctor,Phoenix,Bronze,88,9,154.84,285,Books,96,23,1,13,1367.68,Net Banking,7
3964,65,Female,112349,Teacher,San Francisco,Silver,62,49,407.76,323,Books,14,24,11,10,23932.53,Credit Card,3
3965,69,Male,25204,Other,New York,Gold,93,40,461.06,205,Sports,77,19,10,11,18704.84,Cash,5
3966,29,Male,57120,Business,New York,Bronze,7,12,212.03,330,Fashion,75,26,4,0,2370.31,Net Banking,1
3967,55,Male,117903,Other,Dallas,Bronze,44,9,445.51,67,Sports,58,1,2,10,4227.64,UPI,6
3968,18,Female,52081,Doctor,San Francisco,Platinum,87,30,107.48,247,Sports,39,2,9,7,2635.91,UPI,10
3969,48,Female,49986,Other,Dallas,Gold,27,6,118.5,56,Beauty,58,28,6,1,600.31,Credit Card,6
3970,21,Female,94322,Freelancer,Phoenix,Silver,42,25,424.63,164,Grocery,15,23,12,11,11310.71,Cash,5
3971,66,Female,109819,Retired,Dallas,Bronze,73,28,452.6,165,Sports,73,4,6,12,10763.47,Cash,9
3972,62,Male,145015,Retired,Chicago,Bronze,56,10,119.17,296,Electronics,3,26,5,10,1313.45,Net Banking,4
3973,67,Male,65304,Doctor,Miami,Bronze,3,41,39.07,3,Beauty,5,3,12,3,1321.16,Credit Card,2
3974,22,Male,80592,Freelancer,Phoenix,Silver,13,28,54.26,294,Home,92,2,7,14,1576.34,Debit Card,7
3975,47,Female,73548,Retired,Los Angeles,Bronze,70,29,138.08,364,Home,42,26,10,15,4290.2,Net Banking,5
3976,41,Male,113447,Teacher,Boston,Gold,59,36,383.11,105,Sports,15,18,3,2,15334.42,Cash,7
3977,20,Female,54986,Engineer,Boston,Platinum,38,11,259.9,107,Beauty,3,9,15,4,3299.97,Net Banking,7
3978,28,Female,89095,Doctor,San Francisco,Bronze,85,21,233.24,169,Electronics,35,30,8,1,4530.17,Net Banking,7
3979,62,Female,106594,Teacher,Chicago,Silver,83,38,296.23,266,Beauty,7,25,11,5,12243.57,Net Banking,3
3980,21,Female,103281,Other,New York,Gold,89,26,446.21,266,Books,94,6,11,7,9655.8,Net Banking,5
3981,43,Female,81151,Student,Chicago,Platinum,68,18,54.31,53,Beauty,24,26,14,4,1106.54,Cash,1
3982,44,Male,88598,Other,Miami,Gold,86,4,350.41,165,Books,31,29,12,6,1620.42,Credit Card,6
3983,63,Female,43214,Teacher,Phoenix,Bronze,69,44,464.13,253,Home,78,11,9,4,22452.93,Credit Card,4
3984,60,Female,53745,Business,San Francisco,Bronze,1,41,114.54,275,Sports,80,7,9,12,4285.38,UPI,2
3985,44,Male,105810,Business,Chicago,Gold,50,15,420.51,153,Fashion,4,28,4,15,5203.42,UPI,3
3986,59,Female,15944,Engineer,Houston,Silver,81,23,352.03,127,Toys,3,4,3,5,7842.8,Debit Card,3
3987,68,Female,108993,Other,New York,Bronze,73,41,17.09,75,Beauty,99,23,2,8,636.4,Credit Card,1
3988,67,Male,24114,Freelancer,Chicago,Silver,9,6,123.49,220,Toys,9,12,15,11,749.89,Net Banking,7
3989,23,Male,54846,Engineer,San Francisco,Gold,53,43,306.86,269,Sports,68,8,13,10,12634.78,UPI,10
3990,32,Male,47596,Retired,Houston,Bronze,88,7,256.18,122,Home,83,3,14,13,1532.15,Net Banking,3
3991,70,Female,119087,Freelancer,Los Angeles,Gold,10,46,268.69,24,Toys,88,1,8,9,14024.27,Debit Card,7
3992,47,Male,21907,Freelancer,Phoenix,Bronze,84,48,123.65,105,Electronics,60,4,15,10,6800.95,Credit Card,10
3993,59,Male,40009,Freelancer,Phoenix,Gold,81,15,340.75,105,Books,11,1,11,0,5751.48,Cash,10
3994,54,Male,99846,Freelancer,Los Angeles,Silver,77,9,140.55,102,Electronics,79,25,14,9,1118.4,Debit Card,9
3995,54,Female,65241,Business,Dallas,Bronze,29,30,200.82,265,Toys,36,17,3,8,5852.28,Cash,6
3996,59,Male,33996,Other,Boston,Gold,36,44,190.77,13,Fashion,95,5,8,15,7290.81,Credit Card,8
3997,54,Female,43767,Retired,Houston,Gold,87,43,339.29,132,Electronics,72,25,10,2,15553.57,Cash,1
3998,52,Female,31347,Business,New York,Platinum,27,28,54.22,21,Sports,2,10,0,9,1703.36,Credit Card,8
3999,40,Male,117063,Doctor,Chicago,Bronze,18,30,110.72,74,Fashion,50,9,4,14,3429.93,Net Banking,8
4000,23,Female,39102,Retired,Miami,Silver,18,8,108.24,284,Books,3,0,0,13,881.89,Debit Card,3
4001,21,Female,19263,Business,Boston,Silver,9,35,63.13,243,Home,67,1,8,2,2399.55,Net Banking,6
4002,35,Male,123585,Engineer,San Francisco,Silver,67,35,111.72,255,Sports,85,20,11,3,3305.77,Credit Card,6
4003,26,Female,82438,Business,Dallas,Gold,7,26,307.46,145,Home,62,9,6,7,7187.07,Credit Card,7
4004,66,Male,111359,Retired,New York,Bronze,58,30,368.76,211,Toys,76,4,11,0,10238.31,Net Banking,3
4005,46,Female,145251,Retired,Miami,Bronze,79,35,333.55,248,Home,14,25,9,3,11826.04,Net Banking,10
4006,30,Female,42690,Engineer,Miami,Silver,30,38,242.84,34,Fashion,23,11,8,14,10985.02,Net Banking,1
4007,64,Male,17994,Student,New York,Bronze,73,11,35.69,326,Fashion,77,18,4,6,449.6,Debit Card,9
4008,69,Male,118533,Other,Dallas,Platinum,61,20,479.91,252,Sports,16,20,9,11,8627.04,Debit Card,6
4009,34,Female,82546,Retired,San Francisco,Silver,91,46,92.36,349,Fashion,81,24,13,2,3794.79,Credit Card,5
4010,62,Female,93572,Business,Los Angeles,Silver,100,31,337.53,259,Sports,18,1,8,6,10194.09,UPI,2
4011,49,Male,41467,Engineer,Boston,Gold,82,34,457.32,306,Electronics,13,28,3,10,18500.98,Net Banking,4
4012,65,Female,146120,Freelancer,Seattle,Silver,95,12,351.91,349,Books,56,5,15,4,3635.86,Cash,5
4013,39,Female,62606,Other,Seattle,Silver,17,48,116.84,285,Electronics,90,14,12,12,6633.39,Cash,10
4014,21,Female,113112,Retired,Dallas,Bronze,53,28,164.74,349,Books,45,7,2,9,4041.52,Cash,4
4015,22,Female,88414,Other,Miami,Bronze,6,3,24.8,180,Toys,40,15,1,10,85.9,Net Banking,10
4016,54,Male,108145,Other,Chicago,Bronze,39,48,310.25,209,Beauty,31,18,3,8,16859.45,UPI,4
4017,58,Male,63115,Teacher,Los Angeles,Silver,25,42,310.37,109,Grocery,81,29,2,7,15029.04,UPI,6
4018,66,Male,104606,Other,Los Angeles,Silver,42,5,365.5,329,Grocery,32,17,8,10,2113.88,Debit Card,4
4019,30,Male,55647,Freelancer,Dallas,Bronze,42,13,15.39,141,Electronics,1,26,12,2,177.51,UPI,9
4020,51,Male,69607,Doctor,San Francisco,Silver,59,12,410.74,163,Beauty,35,16,11,13,5478.35,Cash,2
4021,62,Male,36996,Other,Dallas,Bronze,38,1,371.97,86,Toys,36,28,11,11,399.06,Cash,5
4022,39,Female,98697,Retired,Chicago,Platinum,31,43,79.03,139,Grocery,83,0,12,3,3913.36,Net Banking,3
4023,70,Male,61022,Engineer,Phoenix,Bronze,29,19,180.34,331,Sports,92,10,11,6,3413.18,Debit Card,8
4024,40,Female,55148,Freelancer,Seattle,Gold,9,29,322.88,161,Sports,66,3,7,12,9039.37,Credit Card,3
4025,68,Female,82764,Business,Dallas,Silver,1,47,252.94,25,Fashion,29,27,11,13,12963.93,Debit Card,8
4026,20,Female,106901,Business,Los Angeles,Silver,80,50,66.4,133,Toys,43,5,0,1,3014.35,Credit Card,8
4027,59,Male,105724,Retired,San Francisco,Bronze,87,48,52.8,356,Grocery,29,6,1,9,2858.86,Debit Card,2
4028,51,Female,139766,Student,Seattle,Platinum,72,39,392.91,114,Home,43,28,2,10,14011.67,UPI,10
4029,49,Male,23888,Teacher,Houston,Bronze,47,42,86.42,180,Toys,19,7,5,5,2966.45,Debit Card,7
4030,62,Female,113941,Retired,New York,Silver,76,25,94.33,361,Sports,64,23,4,8,2406.81,Net Banking,6
4031,68,Female,32333,Engineer,Los Angeles,Platinum,10,16,417.15,358,Grocery,92,9,10,11,7571.37,Credit Card,1
4032,66,Male,51355,Freelancer,Houston,Gold,16,17,309.95,146,Fashion,98,29,4,8,5670.59,UPI,2
4033,38,Female,144686,Teacher,San Francisco,Silver,47,28,306.31,359,Electronics,31,16,5,5,10255.28,UPI,4
4034,63,Female,118170,Student,Los Angeles,Platinum,43,39,244.88,214,Beauty,19,11,12,11,8177.86,Debit Card,2
4035,61,Female,90675,Retired,Dallas,Gold,24,43,288.81,76,Home,96,7,11,5,11646.71,UPI,5
4036,38,Female,82664,Doctor,Los Angeles,Bronze,8,49,304.87,94,Fashion,29,11,15,5,14221.24,Cash,3
4037,61,Male,101153,Teacher,San Francisco,Silver,75,5,484.23,217,Fashion,73,25,13,10,1993.24,Cash,6
4038,28,Female,108616,Student,Los Angeles,Bronze,26,1,119.26,362,Fashion,7,16,7,15,97.46,Cash,9
4039,56,Female,50285,Retired,Chicago,Bronze,7,3,115.14,51,Beauty,58,2,13,9,280.4,Debit Card,10
4040,21,Male,61996,Other,Miami,Gold,79,48,38.04,273,Sports,76,13,0,5,1759.37,Credit Card,7
4041,68,Female,61947,Retired,Houston,Silver,15,24,332.52,174,Grocery,60,11,4,2,9081.02,Debit Card,5
4042,18,Female,66030,Engineer,Phoenix,Bronze,48,29,279.03,312,Electronics,51,4,5,3,8770.43,Net Banking,1
4043,45,Female,57443,Retired,Miami,Gold,3,15,64.51,32,Books,95,12,10,5,947.04,UPI,1
4044,41,Female,143344,Doctor,San Francisco,Bronze,16,4,188.62,359,Electronics,82,10,9,9,683.26,Cash,1
4045,52,Male,80464,Retired,Seattle,Platinum,79,44,97.54,131,Home,92,15,10,0,3460.14,Debit Card,3
4046,30,Female,143019,Business,Chicago,Platinum,89,1,172.43,274,Beauty,50,25,5,0,150.04,Debit Card,7
4047,64,Male,135454,Student,Houston,Platinum,97,49,476.12,6,Electronics,21,9,8,12,22277.13,UPI,9
4048,51,Female,139444,Other,San Francisco,Gold,14,15,344.83,226,Home,9,29,15,6,4904.43,Debit Card,6
4049,28,Female,127175,Business,Houston,Bronze,88,24,13.71,254,Toys,34,27,9,0,297.37,Cash,7
4050,53,Female,57460,Retired,Los Angeles,Silver,75,31,133.73,281,Home,34,23,6,4,4970.0,UPI,3
4051,68,Male,15015,Doctor,Boston,Bronze,3,20,15.08,235,Toys,47,7,3,9,295.25,Credit Card,8
4052,34,Female,64757,Student,Dallas,Bronze,73,10,360.29,342,Beauty,24,5,6,10,3268.31,Cash,10
4053,52,Female,96541,Student,Miami,Silver,70,11,240.02,353,Beauty,80,19,6,7,2542.07,Net Banking,6
4054,35,Male,36292,Retired,Los Angeles,Bronze,31,18,497.07,183,Grocery,28,19,10,5,8157.8,Net Banking,3
4055,57,Male,137694,Doctor,New York,Platinum,80,34,369.46,198,Grocery,46,23,10,13,11818.46,UPI,2
4056,39,Male,62046,Engineer,Seattle,Platinum,75,28,263.78,202,Beauty,51,26,5,14,6280.55,Cash,9
4057,41,Male,29817,Other,New York,Bronze,17,38,404.31,135,Grocery,99,2,15,2,12296.23,Cash,7
4058,36,Female,24759,Student,New York,Silver,49,16,355.35,287,Sports,6,23,15,13,5666.55,Cash,10
4059,54,Female,21412,Other,Chicago,Silver,3,24,129.45,289,Fashion,63,19,7,1,3093.31,Net Banking,10
4060,56,Female,35504,Doctor,Phoenix,Gold,83,39,269.83,145,Electronics,53,9,7,13,9079.4,UPI,9
4061,38,Female,123500,Teacher,Miami,Silver,88,12,282.44,206,Electronics,64,24,12,14,3840.3,Net Banking,4
4062,25,Male,23507,Business,Boston,Bronze,55,50,231.1,54,Books,52,27,12,13,10130.53,Debit Card,4
4063,45,Female,36050,Student,Los Angeles,Silver,72,42,97.8,298,Electronics,60,17,9,1,4551.53,Credit Card,6
4064,22,Female,115153,Teacher,New York,Silver,100,7,119.45,249,Electronics,41,9,11,3,732.56,Net Banking,2
4065,34,Female,28587,Student,New York,Platinum,40,36,147.71,274,Sports,11,12,12,8,4852.3,UPI,10
4066,54,Female,72732,Engineer,Seattle,Bronze,66,17,15.03,204,Sports,4,13,15,8,231.99,Net Banking,1
4067,53,Male,66921,Retired,Boston,Bronze,87,49,459.3,312,Fashion,14,0,5,0,20071.38,Debit Card,10
4068,36,Female,132734,Doctor,Boston,Gold,40,4,346.19,191,Beauty,13,19,10,4,1635.44,Debit Card,3
4069,44,Female,145104,Student,Boston,Gold,30,37,347.91,335,Grocery,15,14,1,8,11654.72,Debit Card,5
4070,70,Female,46440,Doctor,Los Angeles,Gold,25,33,290.44,1,Fashion,8,24,4,13,9526.88,Debit Card,2
4071,51,Male,50183,Freelancer,Miami,Silver,7,19,347.76,184,Books,88,11,12,13,7229.0,Credit Card,9
4072,28,Male,111172,Student,Miami,Silver,92,26,491.11,161,Electronics,11,15,0,3,11845.08,Cash,1
4073,62,Female,148461,Engineer,Los Angeles,Silver,50,11,198.73,48,Grocery,99,6,9,10,1759.06,Debit Card,3
4074,64,Female,129515,Engineer,Chicago,Bronze,81,31,359.14,89,Books,89,13,9,15,12298.74,Credit Card,5
4075,29,Female,138183,Retired,Los Angeles,Silver,96,1,186.17,250,Fashion,23,8,13,6,170.09,Net Banking,1
4076,38,Male,81299,Retired,Dallas,Bronze,1,40,428.6,21,Electronics,7,8,11,10,19703.13,Debit Card,4
4077,28,Female,130503,Teacher,San Francisco,Bronze,91,36,430.43,211,Fashion,69,9,12,15,15440.65,Net Banking,10
4078,56,Female,54023,Engineer,Dallas,Platinum,44,29,452.11,233,Electronics,32,30,9,5,13763.65,Net Banking,1
4079,45,Female,54941,Doctor,Chicago,Bronze,100,25,12.68,171,Toys,92,8,13,15,374.18,UPI,7
4080,22,Male,136677,Freelancer,Chicago,Platinum,49,47,156.11,90,Home,44,24,11,12,8422.96,Credit Card,1
4081,34,Female,91054,Other,Los Angeles,Bronze,7,49,75.62,162,Electronics,3,29,12,3,4139.11,Credit Card,3
4082,37,Female,80363,Engineer,Los Angeles,Bronze,3,18,232.45,284,Toys,94,15,14,9,4235.53,Debit Card,4
4083,58,Male,76742,Student,Phoenix,Silver,94,3,252.77,5,Toys,44,22,10,13,658.0,Debit Card,4
4084,63,Male,60215,Other,Seattle,Gold,1,18,135.39,243,Toys,69,7,8,10,2769.47,Debit Card,7
4085,29,Female,62857,Other,Dallas,Silver,51,7,364.49,340,Home,51,27,3,14,2137.02,Credit Card,5
4086,23,Male,70476,Engineer,Miami,Gold,98,28,142.19,158,Sports,61,1,0,11,4598.36,Net Banking,8
4087,34,Female,74768,Freelancer,Phoenix,Bronze,38,17,428.41,122,Electronics,51,24,2,6,8058.62,Net Banking,3
4088,68,Male,118591,Doctor,Boston,Platinum,43,25,97.05,359,Fashion,33,17,9,15,2720.75,Debit Card,8
4089,36,Male,61229,Student,Houston,Bronze,55,18,189.95,187,Grocery,20,23,12,6,3251.15,Net Banking,9
4090,43,Female,126706,Teacher,Miami,Gold,57,40,314.9,13,Sports,30,17,14,1,10504.87,Debit Card,9
4091,65,Female,77583,Teacher,Boston,Silver,53,43,306.61,69,Home,44,26,1,6,14381.12,Cash,9
4092,61,Female,141011,Teacher,Phoenix,Gold,100,3,48.23,138,Grocery,86,11,8,12,172.36,Net Banking,1
4093,61,Male,45104,Retired,New York,Silver,33,25,424.67,357,Home,86,23,15,13,12138.8,Credit Card,9
4094,69,Female,52594,Student,Phoenix,Bronze,80,7,303.05,324,Toys,29,2,6,8,2411.03,UPI,8
4095,49,Female,18664,Other,Phoenix,Platinum,62,47,436.23,78,Toys,21,1,9,5,21587.87,Credit Card,2
4096,23,Female,25528,Teacher,Phoenix,Bronze,11,10,435.14,293,Books,82,5,9,11,3683.49,Credit Card,3
4097,53,Female,143404,Retired,Los Angeles,Bronze,72,44,277.5,317,Beauty,53,5,11,5,13984.24,UPI,7
4098,55,Female,47899,Engineer,Dallas,Gold,52,44,456.28,79,Toys,11,16,14,10,17844.14,Debit Card,3
4099,28,Male,85979,Other,Phoenix,Bronze,1,19,425.72,145,Grocery,10,15,5,12,7326.71,Net Banking,2
4100,50,Female,32241,Student,Los Angeles,Bronze,14,15,479.48,224,Toys,35,22,3,5,7928.27,Credit Card,4
4101,41,Female,61211,Student,Boston,Silver,94,21,426.74,226,Beauty,26,27,10,11,9739.06,Net Banking,9
4102,40,Male,78472,Student,Seattle,Gold,85,21,412.39,179,Books,44,12,3,12,7179.51,UPI,2
4103,32,Female,46346,Business,Dallas,Bronze,21,37,239.99,23,Beauty,4,11,11,1,7998.63,UPI,1
4104,44,Female,96196,Retired,Boston,Silver,34,28,113.9,98,Sports,74,10,11,11,3594.47,Net Banking,10
4105,28,Female,119451,Other,Chicago,Gold,90,45,456.25,269,Grocery,57,14,15,5,24223.45,Net Banking,7
4106,68,Female,117908,Doctor,Miami,Gold,14,32,364.05,93,Home,39,27,6,5,10560.65,UPI,1
4107,67,Female,64167,Business,Houston,Platinum,40,41,148.06,279,Electronics,80,16,7,8,6703.37,Debit Card,6
4108,34,Male,51373,Business,Chicago,Gold,35,27,177.09,268,Sports,41,19,3,1,4792.21,Net Banking,5
4109,68,Male,82143,Business,San Francisco,Silver,42,23,346.18,146,Sports,94,28,13,8,7580.15,Cash,8
4110,70,Male,135623,Doctor,Seattle,Silver,82,10,244.13,284,Electronics,67,21,6,4,2830.07,Cash,3
4111,31,Female,125013,Business,San Francisco,Bronze,20,40,49.93,21,Grocery,98,30,2,14,2035.71,Net Banking,3
4112,44,Male,17016,Teacher,New York,Gold,60,41,79.31,1,Home,89,23,11,8,3501.13,Credit Card,1
4113,35,Female,84110,Student,New York,Platinum,9,6,375.37,102,Sports,36,26,11,9,2335.5,UPI,4
4114,45,Female,22274,Other,Phoenix,Gold,33,24,171.0,35,Beauty,4,26,8,9,4339.7,Debit Card,10
4115,68,Female,30748,Other,Seattle,Bronze,49,18,258.75,293,Electronics,74,7,11,1,4689.7,Cash,10
4116,64,Male,26826,Student,Boston,Silver,68,10,385.64,273,Home,13,25,2,13,3907.99,Cash,6
4117,64,Male,98008,Retired,Chicago,Silver,4,15,378.08,50,Fashion,70,6,13,4,6470.09,Credit Card,5
4118,21,Male,144288,Engineer,Seattle,Silver,48,45,91.84,142,Sports,7,10,2,10,3806.57,Net Banking,7
4119,24,Female,120623,Freelancer,Chicago,Gold,16,43,58.21,16,Home,28,20,9,12,2739.69,Credit Card,10
4120,62,Male,98106,Teacher,Houston,Silver,47,34,299.66,76,Beauty,59,28,11,1,9245.3,Debit Card,1
4121,52,Female,69638,Doctor,Boston,Bronze,26,8,373.4,277,Grocery,37,21,12,4,2474.27,Net Banking,3
4122,65,Male,84072,Freelancer,San Francisco,Platinum,70,50,83.03,122,Grocery,15,7,1,6,4821.11,Cash,4
4123,26,Male,82309,Student,Chicago,Silver,37,35,192.26,345,Electronics,30,18,2,11,6488.63,Cash,6
4124,25,Female,139724,Business,Houston,Bronze,22,27,436.44,173,Beauty,74,5,7,14,12647.34,UPI,4
4125,69,Female,142843,Other,Seattle,Bronze,7,25,472.67,131,Electronics,12,19,1,6,13035.7,Debit Card,7
4126,62,Male,50326,Retired,Houston,Platinum,42,3,232.49,262,Sports,81,28,12,11,780.33,Cash,10
4127,34,Male,20079,Retired,Miami,Gold,30,21,48.96,270,Electronics,30,18,0,10,915.61,Credit Card,10
4128,34,Male,136412,Engineer,Houston,Silver,74,39,136.27,207,Fashion,1,18,4,6,5645.46,Cash,3
4129,66,Female,102340,Engineer,Houston,Bronze,79,32,124.16,295,Electronics,36,3,7,4,4386.71,Credit Card,8
4130,50,Female,100211,Student,Phoenix,Bronze,6,50,127.09,225,Electronics,88,21,5,14,5388.07,Credit Card,7
4131,49,Male,57749,Teacher,New York,Bronze,24,21,252.0,188,Sports,21,14,13,6,4532.71,Net Banking,3
4132,25,Male,133192,Retired,San Francisco,Silver,66,9,295.78,357,Beauty,32,26,15,5,2517.1,Net Banking,9
4133,36,Female,89534,Freelancer,Miami,Silver,40,50,70.03,143,Home,63,16,1,6,3223.72,Cash,10
4134,55,Male,94233,Engineer,Miami,Silver,15,1,445.78,353,Home,82,17,11,4,498.78,Cash,5
4135,20,Female,66818,Other,New York,Gold,53,4,313.79,250,Fashion,13,28,8,11,1326.8,Credit Card,2
4136,22,Female,126910,Other,Dallas,Bronze,85,4,302.65,244,Electronics,37,19,13,1,1209.62,Net Banking,9
4137,30,Female,28429,Student,Chicago,Bronze,82,49,493.77,17,Sports,44,11,12,8,20385.57,Cash,8
4138,64,Female,72748,Teacher,Houston,Bronze,5,26,317.79,202,Sports,21,9,3,1,6982.07,Net Banking,8
4139,63,Female,63807,Student,Seattle,Bronze,89,34,465.19,203,Toys,18,8,12,2,15924.11,Debit Card,1
4140,48,Female,22140,Student,Houston,Bronze,36,27,150.27,1,Home,46,7,2,8,4678.67,Credit Card,4
4141,33,Male,78226,Teacher,Seattle,Silver,74,15,127.66,53,Sports,47,25,3,1,2125.6,Net Banking,7
4142,67,Female,103815,Teacher,Houston,Gold,46,45,263.09,165,Beauty,26,7,2,12,13646.01,Cash,6
4143,49,Female,43525,Teacher,Miami,Gold,23,32,259.22,352,Electronics,5,10,7,13,8511.2,Credit Card,9
4144,39,Male,35491,Other,Dallas,Gold,88,41,120.98,328,Grocery,5,22,0,14,4407.37,UPI,8
4145,46,Female,23078,Other,New York,Silver,45,7,352.83,142,Home,31,29,0,7,2007.27,Credit Card,9
4146,39,Male,106654,Student,Boston,Gold,10,44,24.52,91,Books,28,11,8,15,1268.88,Debit Card,4
4147,60,Female,144101,Engineer,Los Angeles,Bronze,54,44,348.41,7,Books,77,21,6,12,15178.14,Credit Card,8
4148,20,Male,31997,Doctor,San Francisco,Platinum,70,14,234.02,251,Home,75,29,8,11,3746.78,Net Banking,6
4149,27,Male,146940,Doctor,Boston,Bronze,77,23,347.61,99,Fashion,65,29,2,12,8740.11,Net Banking,9
4150,59,Female,112356,Student,San Francisco,Bronze,85,47,243.77,38,Grocery,88,22,2,12,12979.47,Cash,10
4151,38,Female,128711,Student,Chicago,Bronze,32,1,488.89,135,Beauty,13,5,13,2,432.31,Cash,1
4152,33,Female,36246,Engineer,New York,Platinum,43,32,174.0,361,Books,18,2,1,14,5967.65,Credit Card,6
4153,29,Female,49512,Teacher,Seattle,Platinum,15,41,491.46,49,Home,24,14,1,5,21944.78,Credit Card,10
4154,19,Male,72865,Student,Boston,Gold,66,26,41.84,82,Electronics,29,27,15,8,1110.74,Credit Card,10
4155,58,Male,118393,Retired,Boston,Silver,15,48,345.04,253,Grocery,28,5,10,9,18782.74,Net Banking,2
4156,41,Male,87144,Other,San Francisco,Silver,81,9,232.57,195,Grocery,45,27,8,9,2501.88,Net Banking,3
4157,52,Female,132363,Business,Boston,Platinum,20,16,412.85,26,Books,86,6,1,2,5312.32,UPI,9
4158,47,Male,65665,Teacher,Seattle,Silver,50,31,396.91,76,Home,84,5,3,8,12082.71,UPI,5
4159,47,Female,108542,Retired,New York,Platinum,6,2,402.1,293,Grocery,11,26,10,6,885.87,UPI,5
4160,64,Female,116311,Other,Chicago,Bronze,79,32,56.42,254,Fashion,51,1,3,4,1968.4,Cash,1
4161,52,Male,29325,Student,Los Angeles,Bronze,17,10,412.96,20,Electronics,59,5,8,15,4076.49,Net Banking,10
4162,36,Female,147825,Business,New York,Gold,26,25,114.88,217,Sports,84,28,13,7,3265.07,Credit Card,2
4163,67,Male,83811,Retired,Phoenix,Bronze,22,18,22.58,44,Electronics,13,28,2,5,434.9,Credit Card,9
4164,25,Female,131737,Freelancer,Chicago,Platinum,73,45,116.69,181,Books,47,1,15,6,5352.62,UPI,7
4165,43,Male,15824,Engineer,Boston,Silver,64,34,244.85,285,Home,88,0,9,2,7568.62,Cash,4
4166,66,Female,132718,Other,Seattle,Platinum,76,29,373.63,350,Grocery,43,14,13,12,10260.32,Cash,7
4167,57,Male,81617,Business,Dallas,Bronze,86,45,117.13,143,Electronics,24,9,14,9,6301.94,UPI,10
4168,24,Male,26517,Student,Boston,Gold,58,24,65.37,51,Sports,48,9,1,10,1823.74,Credit Card,2
4169,47,Female,118068,Doctor,Miami,Silver,87,3,326.52,250,Toys,63,9,11,5,1056.22,Cash,5
4170,24,Female,130016,Retired,Miami,Silver,37,15,492.11,105,Fashion,17,4,14,10,8441.38,Debit Card,9
4171,20,Male,24982,Student,Dallas,Silver,78,3,304.43,296,Electronics,69,3,2,15,780.31,UPI,2
4172,18,Female,85210,Doctor,Los Angeles,Platinum,88,31,348.62,198,Electronics,54,24,13,2,9802.48,Credit Card,3
4173,53,Female,84852,Engineer,Miami,Silver,72,10,284.97,336,Fashion,94,14,8,6,3288.73,Debit Card,5
4174,42,Female,128618,Engineer,Los Angeles,Bronze,90,38,393.35,279,Fashion,14,8,4,15,14773.09,Net Banking,5
4175,54,Male,24695,Teacher,Chicago,Platinum,96,22,488.14,147,Home,15,15,4,9,11129.73,Credit Card,8
4176,18,Male,63582,Retired,Dallas,Bronze,28,14,276.62,102,Grocery,73,8,15,5,4467.01,Debit Card,7
4177,32,Female,46094,Teacher,Los Angeles,Bronze,96,9,214.23,1,Grocery,78,18,6,9,1854.04,Net Banking,3
4178,54,Female,37187,Doctor,Phoenix,Bronze,86,18,431.57,255,Home,10,13,13,11,7711.74,Cash,5
4179,30,Male,133013,Doctor,Los Angeles,Gold,49,8,485.17,59,Fashion,22,25,0,7,3279.25,Credit Card,8
4180,57,Female,143721,Engineer,Houston,Bronze,73,38,73.3,306,Sports,95,11,9,7,3332.91,Credit Card,5
4181,25,Male,121683,Business,Chicago,Bronze,67,15,293.3,90,Toys,13,11,4,5,5232.55,Cash,2
4182,22,Female,16214,Doctor,Phoenix,Platinum,89,46,398.31,100,Grocery,81,2,8,1,16831.1,Credit Card,10
4183,26,Female,38940,Doctor,Dallas,Gold,76,15,271.34,113,Sports,65,28,13,13,4643.95,UPI,2
4184,18,Female,59406,Retired,San Francisco,Bronze,93,6,210.51,261,Fashion,14,18,15,9,1382.83,Debit Card,1
4185,53,Male,73414,Business,Boston,Gold,67,12,331.06,53,Electronics,44,10,13,12,3411.12,Net Banking,6
4186,52,Male,116440,Teacher,Seattle,Platinum,41,42,142.36,187,Home,39,25,5,15,4840.44,Net Banking,1
4187,19,Male,118569,Teacher,Miami,Bronze,46,19,181.08,26,Toys,35,4,11,15,2771.78,Debit Card,8
4188,57,Male,75481,Doctor,Houston,Gold,87,40,496.22,239,Books,65,5,7,15,16400.84,UPI,1
4189,40,Female,42740,Retired,Houston,Silver,87,5,321.87,79,Fashion,27,5,9,9,1691.36,Credit Card,8
4190,26,Female,78328,Teacher,San Francisco,Silver,55,27,437.73,189,Fashion,45,18,7,5,11781.69,Cash,6
4191,51,Male,26881,Teacher,Boston,Silver,82,10,405.81,318,Toys,57,13,0,0,4864.45,Cash,9
4192,63,Female,51996,Freelancer,Boston,Silver,11,43,329.61,354,Beauty,22,15,7,12,12963.05,Credit Card,3
4193,31,Female,137196,Retired,Miami,Bronze,100,46,421.96,90,Fashion,34,11,5,5,21162.51,Net Banking,7
4194,21,Male,52177,Teacher,Los Angeles,Gold,26,14,150.71,34,Grocery,9,17,3,5,2014.66,Debit Card,2
4195,47,Female,81126,Engineer,Dallas,Bronze,72,34,322.19,57,Books,50,21,2,5,9194.39,Debit Card,5
4196,48,Female,71531,Student,Boston,Silver,92,49,299.4,188,Electronics,54,12,15,11,16883.78,Net Banking,1
4197,55,Male,41119,Doctor,Boston,Bronze,82,15,314.99,252,Sports,58,19,4,8,4535.86,Debit Card,5
4198,28,Female,132744,Other,Seattle,Gold,13,29,92.63,35,Beauty,100,8,14,3,3134.25,Net Banking,8
4199,52,Female,131894,Doctor,Phoenix,Bronze,36,26,145.85,357,Books,96,17,12,10,4454.85,UPI,10
4200,25,Female,148780,Engineer,Phoenix,Silver,64,27,150.46,91,Home,62,3,4,6,4582.64,Credit Card,3
4201,20,Male,59989,Other,Seattle,Silver,51,3,304.95,55,Grocery,38,10,6,10,742.01,Net Banking,6
4202,31,Male,37106,Student,New York,Gold,76,3,486.55,66,Electronics,84,26,8,2,1731.74,UPI,4
4203,30,Female,32131,Student,Dallas,Silver,22,35,477.49,312,Books,27,17,10,7,14199.74,Net Banking,8
4204,62,Female,61553,Engineer,Boston,Gold,60,35,121.32,168,Sports,64,20,0,14,4978.77,UPI,2
4205,49,Female,21553,Business,Miami,Bronze,2,50,159.37,286,Electronics,3,30,13,1,8308.1,UPI,5
4206,51,Male,32881,Business,Dallas,Bronze,56,6,27.67,130,Grocery,11,2,8,14,157.88,UPI,6
4207,62,Male,16379,Student,San Francisco,Silver,40,14,205.42,165,Home,24,3,2,1,3130.47,Credit Card,8
4208,36,Male,105791,Business,Houston,Platinum,28,26,418.99,51,Home,29,8,5,15,10923.64,Net Banking,2
4209,55,Female,120664,Business,Boston,Bronze,77,3,458.72,151,Electronics,69,12,5,4,1538.26,Net Banking,9
4210,33,Female,84306,Business,New York,Bronze,97,33,125.88,104,Fashion,97,14,15,0,4176.93,Net Banking,7
4211,19,Female,119512,Student,Miami,Bronze,3,42,140.24,91,Electronics,8,9,15,14,5581.23,UPI,10
4212,57,Female,31350,Other,Dallas,Silver,63,13,118.22,200,Fashion,19,26,3,0,1451.31,Debit Card,4
4213,34,Female,114599,Business,Chicago,Bronze,98,29,181.55,292,Books,68,20,13,13,4957.71,Debit Card,10
4214,51,Male,96397,Other,Houston,Gold,23,9,404.33,218,Home,99,8,15,10,3599.52,Net Banking,2
4215,59,Female,94509,Doctor,Boston,Bronze,55,32,326.96,66,Grocery,94,15,1,2,8831.06,Debit Card,8
4216,33,Female,32769,Freelancer,Dallas,Bronze,32,22,395.11,168,Beauty,69,15,15,5,9254.67,Debit Card,2
4217,55,Female,116584,Student,Dallas,Bronze,84,22,295.69,304,Fashion,48,12,4,9,6092.42,Debit Card,2
4218,19,Male,61365,Engineer,Miami,Silver,28,34,136.29,27,Toys,40,4,15,11,4747.93,UPI,9
4219,19,Female,65185,Business,Houston,Silver,8,10,121.72,287,Toys,67,9,2,5,1230.11,Net Banking,4
4220,43,Male,148858,Teacher,Phoenix,Bronze,3,25,14.41,354,Toys,16,30,3,7,411.71,Net Banking,7
4221,30,Male,141525,Student,Phoenix,Platinum,94,12,392.68,326,Home,64,24,5,6,5393.9,Cash,10
4222,64,Male,147692,Retired,Chicago,Bronze,89,3,425.09,31,Books,8,23,10,0,1524.81,Cash,4
4223,48,Male,51303,Engineer,Los Angeles,Gold,53,19,386.46,165,Electronics,5,0,6,0,6583.72,Debit Card,5
4224,51,Male,34589,Freelancer,Seattle,Silver,94,33,46.46,135,Home,99,28,1,3,1247.68,Net Banking,1
4225,56,Female,17882,Doctor,Boston,Bronze,29,47,383.49,67,Electronics,72,2,10,0,17482.63,Debit Card,10
4226,20,Female,144236,Other,Miami,Gold,94,26,32.43,153,Electronics,100,20,14,0,976.95,UPI,1
4227,25,Male,24745,Other,Boston,Gold,98,13,61.74,325,Home,25,27,2,14,834.81,Net Banking,10
4228,40,Male,30861,Retired,Miami,Bronze,89,7,225.83,303,Grocery,53,2,11,15,1500.84,UPI,10
4229,31,Male,106707,Engineer,Phoenix,Silver,81,34,243.31,95,Sports,49,9,6,9,9173.0,UPI,3
4230,44,Female,69261,Business,Miami,Bronze,59,22,409.9,196,Electronics,72,16,12,0,9783.75,Net Banking,6
4231,46,Female,148909,Teacher,Houston,Silver,24,20,342.97,107,Electronics,21,29,4,10,7445.37,Debit Card,1
4232,56,Male,89135,Business,Los Angeles,Bronze,38,43,85.13,45,Fashion,51,26,3,2,3681.94,Cash,4
4233,70,Female,69380,Engineer,Chicago,Gold,28,23,120.81,185,Beauty,46,17,3,12,2812.51,Debit Card,9
4234,56,Female,101089,Student,New York,Bronze,97,48,149.98,322,Home,9,12,8,9,7359.79,Cash,2
4235,18,Male,120025,Retired,Phoenix,Bronze,62,14,70.6,284,Electronics,64,1,14,1,1009.21,Credit Card,2
4236,34,Male,59397,Teacher,New York,Bronze,100,30,150.95,82,Books,96,15,8,15,3996.52,Cash,2
4237,58,Female,92085,Other,New York,Bronze,51,23,367.01,137,Grocery,77,3,9,15,7582.88,Net Banking,10
4238,47,Female,78865,Retired,San Francisco,Silver,7,47,128.29,326,Sports,23,21,6,15,5725.8,Cash,10
4239,70,Female,70956,Retired,Los Angeles,Bronze,23,19,419.33,236,Sports,60,17,0,10,9100.11,Credit Card,7
4240,30,Male,115727,Teacher,Seattle,Gold,46,39,240.06,320,Books,59,13,0,9,9221.5,Cash,7
4241,38,Male,29988,Other,Dallas,Bronze,90,41,168.24,144,Toys,8,5,2,7,8074.11,Debit Card,6
4242,36,Male,48800,Other,Houston,Gold,78,36,212.08,277,Sports,64,10,2,6,8530.86,Cash,2
4243,70,Female,102329,Engineer,Miami,Silver,28,6,357.65,99,Toys,99,30,6,9,2456.2,Net Banking,5
4244,36,Female,67284,Freelancer,Boston,Platinum,24,23,263.23,13,Grocery,54,16,11,12,5168.3,Net Banking,6
4245,42,Male,71232,Freelancer,Seattle,Platinum,7,10,13.57,261,Sports,92,7,13,7,116.64,UPI,6
4246,39,Female,59420,Business,Boston,Gold,100,35,461.94,46,Home,15,2,15,3,14464.62,Debit Card,10
4247,48,Male,52710,Engineer,Chicago,Gold,79,21,42.34,224,Sports,52,23,12,13,946.98,Debit Card,6
4248,34,Female,107035,Teacher,Chicago,Bronze,49,32,469.92,143,Fashion,93,2,1,8,14894.81,Cash,6
4249,40,Male,46283,Engineer,Houston,Gold,3,30,23.79,195,Sports,51,16,7,4,619.44,Cash,1
4250,49,Female,40968,Teacher,Miami,Platinum,2,33,387.78,289,Fashion,4,3,0,6,14054.83,Net Banking,4
4251,27,Female,77508,Retired,Miami,Bronze,7,6,271.99,256,Toys,34,18,10,3,1643.35,UPI,1
4252,27,Male,128435,Business,Phoenix,Silver,80,5,257.81,7,Fashion,24,7,12,0,1408.16,Credit Card,3
4253,53,Male,100366,Student,Miami,Bronze,21,15,45.66,277,Toys,21,16,14,10,797.08,Cash,2
4254,25,Male,20738,Retired,Dallas,Silver,9,43,126.99,323,Fashion,2,24,7,11,6366.47,Debit Card,2
4255,69,Male,18098,Other,Seattle,Silver,12,25,391.0,289,Grocery,7,26,8,15,8997.37,Cash,6
4256,37,Male,110424,Student,Seattle,Silver,93,13,446.72,292,Electronics,56,29,13,15,5014.16,UPI,1
4257,49,Female,93672,Engineer,Boston,Silver,24,6,269.27,22,Beauty,75,24,4,7,1572.86,Debit Card,4
4258,67,Male,53244,Teacher,San Francisco,Platinum,33,37,183.14,83,Books,76,21,10,8,5648.3,UPI,9
4259,31,Male,69333,Student,Houston,Silver,78,2,39.37,254,Books,68,4,3,12,64.38,Debit Card,3
4260,67,Male,140349,Retired,Houston,Gold,43,17,344.27,23,Home,35,10,5,8,6971.87,Cash,8
4261,45,Male,65969,Teacher,Dallas,Bronze,82,24,146.44,324,Home,26,29,5,9,4177.86,UPI,9
4262,63,Male,105744,Business,Miami,Silver,5,12,36.96,335,Sports,18,11,7,13,417.22,Net Banking,2
4263,69,Female,132286,Retired,San Francisco,Silver,79,44,336.27,315,Toys,64,20,7,7,16692.86,Debit Card,5
4264,70,Male,90028,Other,Phoenix,Bronze,71,14,248.0,37,Beauty,56,14,0,0,3087.89,UPI,6
4265,41,Male,50421,Engineer,Phoenix,Bronze,89,7,15.86,220,Electronics,80,11,8,2,107.35,UPI,5
4266,32,Male,147526,Teacher,Seattle,Silver,14,26,64.35,213,Fashion,55,21,9,4,1824.65,Credit Card,6
4267,39,Female,53575,Engineer,Dallas,Silver,36,32,352.61,332,Fashion,12,6,0,6,11511.64,Credit Card,5
4268,47,Female,18192,Teacher,New York,Silver,35,29,41.2,84,Books,37,23,2,11,1348.27,Cash,7
4269,21,Male,126116,Retired,New York,Bronze,50,46,434.32,3,Fashion,52,2,6,15,23814.95,Net Banking,5
4270,30,Male,142874,Freelancer,Miami,Bronze,88,39,162.55,194,Toys,19,9,4,7,5094.43,Net Banking,5
4271,40,Female,96311,Freelancer,Seattle,Silver,79,9,53.45,113,Books,15,15,5,0,562.74,UPI,7
4272,25,Female,95781,Teacher,Dallas,Bronze,11,14,382.28,214,Fashion,86,0,12,4,5166.63,UPI,3
4273,35,Female,51527,Business,New York,Bronze,24,17,266.97,335,Toys,84,20,7,2,4371.38,UPI,10
4274,29,Male,67181,Engineer,Los Angeles,Bronze,75,49,160.25,364,Sports,52,10,3,6,6283.87,Debit Card,7
4275,48,Male,106472,Other,Boston,Bronze,44,25,208.99,140,Electronics,77,16,13,5,5923.51,Cash,8
4276,31,Female,96219,Doctor,Chicago,Bronze,51,30,20.49,166,Books,87,13,13,11,678.38,Cash,5
4277,51,Male,134783,Teacher,Boston,Bronze,17,45,334.72,286,Electronics,95,17,3,14,17436.3,Credit Card,4
4278,35,Female,98265,Teacher,Chicago,Bronze,70,29,189.23,334,Books,26,11,7,0,4757.5,UPI,2
4279,51,Female,65126,Freelancer,Los Angeles,Silver,85,29,359.88,4,Books,45,15,2,10,9247.23,UPI,5
4280,28,Female,35545,Student,Los Angeles,Bronze,8,18,317.8,126,Electronics,96,7,12,1,5270.85,Debit Card,6
4281,58,Male,70114,Retired,Dallas,Silver,79,31,329.11,85,Beauty,21,2,5,4,10325.68,UPI,9
4282,29,Female,108740,Freelancer,San Francisco,Platinum,96,19,398.52,85,Home,81,10,3,4,7102.78,UPI,6
4283,66,Female,28890,Engineer,Houston,Gold,74,17,319.27,23,Books,93,29,5,0,4992.79,Cash,6
4284,32,Male,136284,Freelancer,New York,Bronze,28,6,215.18,44,Fashion,53,25,3,10,1127.21,UPI,6
4285,48,Female,67482,Doctor,Dallas,Platinum,79,12,201.06,110,Grocery,29,14,1,11,2083.82,Debit Card,8
4286,66,Male,147812,Business,San Francisco,Bronze,12,38,68.6,289,Toys,48,3,9,15,2578.58,Debit Card,6
4287,46,Female,86591,Retired,Houston,Bronze,43,3,391.93,184,Home,86,26,14,11,1150.35,Net Banking,1
4288,43,Male,103241,Doctor,Dallas,Platinum,82,47,382.94,234,Electronics,19,15,10,3,20050.92,Net Banking,1
4289,35,Female,49722,Business,Miami,Gold,37,35,130.69,156,Toys,54,21,10,11,5166.64,Credit Card,10
4290,49,Female,64431,Doctor,Houston,Silver,88,47,432.71,160,Beauty,78,23,2,8,21969.35,Debit Card,2
4291,39,Female,57000,Other,Boston,Silver,63,33,298.61,199,Sports,87,30,10,8,11159.62,Debit Card,1
4292,55,Female,86975,Retired,Houston,Silver,93,29,244.56,121,Toys,2,16,7,14,5982.59,Cash,3
4293,34,Female,45921,Freelancer,Boston,Bronze,63,3,18.57,223,Fashion,32,13,12,4,54.77,Net Banking,3
4294,40,Male,114265,Doctor,Phoenix,Bronze,10,5,197.54,364,Beauty,62,1,15,6,903.33,Credit Card,4
4295,41,Male,103747,Freelancer,Chicago,Silver,78,14,323.93,22,Home,97,30,0,10,4084.78,Cash,6
4296,67,Female,32601,Retired,Boston,Platinum,80,36,53.98,196,Toys,7,26,10,1,2108.61,Cash,10
4297,25,Female,108332,Freelancer,Los Angeles,Bronze,37,28,235.19,284,Grocery,98,21,9,0,7457.82,Net Banking,7
4298,58,Female,138254,Engineer,Miami,Gold,11,41,496.78,5,Grocery,68,14,5,14,17229.17,Cash,9
4299,23,Male,134004,Freelancer,New York,Bronze,90,32,361.1,307,Sports,87,23,8,15,9817.76,Net Banking,8
4300,22,Male,43000,Student,Phoenix,Silver,19,18,277.97,344,Electronics,84,27,0,11,5282.46,Debit Card,6
4301,61,Female,145439,Doctor,Phoenix,Silver,52,42,271.19,88,Electronics,22,7,15,1,9769.41,Debit Card,9
4302,46,Male,134277,Retired,Seattle,Silver,18,40,31.44,272,Beauty,29,12,12,14,1392.61,Net Banking,4
4303,45,Female,45383,Teacher,Dallas,Bronze,94,13,479.08,283,Books,3,2,3,12,7046.89,UPI,6
4304,28,Female,55910,Teacher,Dallas,Silver,32,2,464.81,264,Home,22,3,6,3,938.11,UPI,7
4305,18,Female,39281,Teacher,Dallas,Silver,23,25,344.38,114,Beauty,84,25,5,15,10015.96,Credit Card,2
4306,60,Male,128838,Retired,Houston,Bronze,12,20,58.52,123,Home,89,3,5,5,945.85,UPI,1
4307,36,Female,19841,Student,New York,Bronze,58,7,111.84,259,Electronics,98,3,15,15,697.2,Credit Card,10
4308,26,Female,112204,Freelancer,Chicago,Silver,77,11,100.12,168,Electronics,53,30,8,2,1221.56,Net Banking,8
4309,44,Female,75155,Doctor,Boston,Silver,21,5,264.59,35,Beauty,93,1,7,1,1564.94,Net Banking,8
4310,51,Male,71313,Business,Dallas,Bronze,21,29,111.82,228,Fashion,57,12,12,15,3840.2,Net Banking,7
4311,61,Male,126688,Business,Phoenix,Silver,93,18,350.94,133,Home,10,21,12,12,5054.54,Credit Card,9
4312,21,Male,147994,Retired,Boston,Platinum,93,8,277.16,243,Home,40,7,4,6,2334.23,Cash,9
4313,53,Female,46976,Engineer,New York,Bronze,91,27,18.65,64,Toys,20,8,15,7,408.34,Credit Card,3
4314,35,Male,119405,Student,Phoenix,Silver,29,42,374.59,236,Grocery,87,28,10,8,16993.45,Cash,1
4315,32,Female,68744,Doctor,Los Angeles,Bronze,79,2,102.53,2,Toys,11,0,13,10,227.05,Debit Card,9
4316,68,Male,17473,Freelancer,New York,Bronze,47,35,414.19,36,Grocery,8,0,11,11,16570.62,Debit Card,1
4317,30,Female,43715,Teacher,Houston,Bronze,12,26,183.97,108,Sports,93,8,10,9,4839.55,Cash,1
4318,36,Male,52317,Student,Dallas,Silver,58,23,175.92,249,Grocery,36,10,1,12,4612.8,Cash,5
4319,66,Female,80516,Student,San Francisco,Gold,41,5,15.79,2,Home,25,15,11,7,92.33,UPI,2
4320,23,Male,69604,Doctor,Miami,Bronze,19,16,493.99,234,Books,39,28,15,1,8008.89,Cash,2
4321,65,Male,19889,Retired,Phoenix,Silver,12,42,309.88,250,Beauty,98,3,2,2,13140.5,Cash,5
4322,29,Male,88748,Freelancer,Seattle,Silver,23,11,217.14,142,Fashion,96,14,11,14,2394.14,Net Banking,7
4323,68,Female,46971,Other,Seattle,Bronze,5,19,57.34,247,Toys,62,26,9,0,1091.48,Credit Card,6
4324,54,Male,65551,Other,Miami,Silver,26,16,352.58,55,Beauty,87,6,2,0,6260.77,Cash,5
4325,34,Male,149273,Retired,Chicago,Gold,63,32,148.54,60,Electronics,21,1,3,14,3930.64,Net Banking,3
4326,40,Male,123957,Retired,Chicago,Gold,52,12,494.26,67,Home,19,9,1,5,5818.41,Cash,9
4327,43,Male,104882,Engineer,Miami,Gold,10,2,475.77,78,Electronics,25,16,7,2,960.67,UPI,8
4328,46,Female,52958,Retired,San Francisco,Bronze,86,43,370.3,326,Home,87,10,14,3,14104.22,Cash,3
4329,50,Male,20681,Freelancer,Houston,Gold,39,22,485.83,195,Grocery,83,29,7,15,10864.73,Cash,7
4330,44,Female,116982,Engineer,New York,Bronze,23,26,61.76,194,Fashion,5,22,13,9,1577.28,Net Banking,3
4331,42,Female,61870,Other,San Francisco,Gold,11,33,147.16,22,Home,83,21,12,11,5317.79,Cash,6
4332,27,Female,143396,Engineer,Boston,Platinum,92,24,134.09,13,Sports,99,18,11,7,3029.31,Net Banking,3
4333,64,Female,82203,Teacher,Dallas,Bronze,95,5,45.29,288,Beauty,12,9,7,4,267.19,Credit Card,8
4334,40,Male,65061,Teacher,Chicago,Silver,72,21,486.39,8,Toys,25,3,9,11,9861.72,Net Banking,3
4335,38,Female,73235,Other,Phoenix,Silver,48,46,39.39,139,Sports,5,28,13,13,1906.81,Credit Card,5
4336,38,Female,52890,Doctor,Chicago,Gold,92,18,429.78,241,Sports,76,12,14,10,6874.8,Cash,3
4337,60,Female,105073,Other,Seattle,Bronze,16,39,386.4,252,Sports,27,0,4,5,16206.79,Credit Card,8
4338,30,Female,76401,Freelancer,Phoenix,Platinum,46,5,194.17,226,Sports,4,6,14,8,976.23,Debit Card,10
4339,54,Male,26217,Retired,Boston,Silver,47,8,19.22,94,Beauty,83,8,9,13,144.06,Debit Card,9
4340,50,Male,63351,Engineer,Boston,Bronze,95,21,12.99,178,Electronics,45,0,5,10,256.19,Net Banking,6
4341,41,Female,48741,Doctor,Dallas,Bronze,48,47,109.96,2,Beauty,47,17,13,10,4910.65,UPI,10
4342,61,Female,16408,Engineer,Los Angeles,Gold,80,5,252.0,183,Toys,88,17,5,1,1228.48,Cash,4
4343,28,Female,57903,Student,Seattle,Bronze,69,13,234.38,45,Electronics,28,15,6,2,2739.38,Debit Card,10
4344,34,Male,122042,Business,Miami,Bronze,99,19,296.79,291,Toys,97,21,0,4,5136.91,UPI,4
4345,21,Male,147290,Business,Chicago,Silver,25,29,388.26,140,Electronics,35,15,9,1,13323.92,Net Banking,5
4346,64,Male,137189,Engineer,Dallas,Silver,77,2,194.9,12,Beauty,16,4,2,7,358.81,Credit Card,3
4347,42,Male,124268,Doctor,Dallas,Silver,93,37,88.58,185,Beauty,12,13,10,1,3443.83,Cash,4
4348,47,Male,45105,Other,Los Angeles,Bronze,91,26,402.02,84,Beauty,80,21,2,3,9805.89,Credit Card,4
4349,26,Female,84634,Teacher,Boston,Gold,81,29,173.02,42,Home,75,0,10,15,5641.44,Cash,1
4350,38,Male,132426,Freelancer,Seattle,Platinum,37,5,150.57,155,Electronics,43,5,6,13,811.86,Debit Card,1
4351,37,Male,33226,Engineer,Phoenix,Bronze,63,32,384.51,183,Beauty,28,26,13,2,11458.9,UPI,9
4352,36,Female,40322,Engineer,Seattle,Gold,29,38,467.73,46,Fashion,87,5,5,3,19313.83,Net Banking,3
4353,36,Male,132504,Freelancer,Seattle,Platinum,58,48,458.33,205,Grocery,81,22,8,3,24259.17,Cash,5
4354,29,Male,73215,Other,Chicago,Silver,98,2,77.35,209,Grocery,19,11,8,5,132.32,Debit Card,2
4355,54,Male,109835,Retired,Phoenix,Silver,94,5,256.55,274,Fashion,75,17,8,15,1322.85,Net Banking,1
4356,59,Female,88079,Teacher,San Francisco,Bronze,31,47,55.51,82,Grocery,68,21,12,9,2930.14,Cash,7
4357,34,Male,38946,Engineer,Phoenix,Silver,86,33,480.88,96,Electronics,74,30,3,11,13014.83,Debit Card,10
4358,54,Female,125733,Student,Dallas,Silver,89,35,115.46,178,Toys,55,8,14,11,4053.82,Net Banking,9
4359,65,Female,22253,Teacher,Los Angeles,Gold,68,19,106.74,354,Toys,83,15,2,9,2303.74,Credit Card,4
4360,56,Male,94311,Student,Seattle,Platinum,99,15,445.55,147,Beauty,36,14,14,9,7893.62,UPI,4
4361,45,Male,47813,Business,Phoenix,Bronze,41,35,484.25,284,Beauty,62,24,3,8,18006.25,UPI,3
4362,58,Male,63365,Freelancer,Dallas,Bronze,50,8,351.84,71,Books,39,1,2,2,2620.85,Credit Card,3
4363,52,Male,82593,Teacher,New York,Bronze,44,47,69.29,216,Home,41,4,6,0,3393.21,UPI,2
4364,64,Female,53485,Retired,Boston,Gold,9,1,248.07,208,Toys,60,28,10,13,201.17,UPI,3
4365,65,Male,126504,Teacher,Los Angeles,Bronze,59,38,410.14,320,Beauty,86,22,2,7,15310.16,Cash,5
4366,35,Female,31101,Doctor,Houston,Silver,90,22,290.51,293,Fashion,66,20,14,6,6972.38,Debit Card,8
4367,31,Female,23831,Doctor,Miami,Bronze,91,17,74.97,123,Fashion,59,12,0,1,1038.05,Credit Card,8
4368,52,Female,66897,Freelancer,Dallas,Silver,27,16,94.22,349,Electronics,97,18,7,4,1569.77,Debit Card,5
4369,61,Female,20004,Retired,Seattle,Bronze,82,45,433.43,155,Fashion,40,0,5,11,20193.42,UPI,1
4370,58,Female,60924,Teacher,Los Angeles,Gold,94,1,268.24,32,Toys,91,28,4,11,234.94,Debit Card,10
4371,24,Male,52170,Other,Boston,Silver,59,3,355.86,268,Toys,19,15,7,9,1097.14,Net Banking,2
4372,58,Female,58555,Business,Phoenix,Platinum,95,6,192.8,215,Home,55,6,10,3,1114.9,Credit Card,8
4373,30,Female,133115,Retired,New York,Silver,3,3,270.92,100,Beauty,46,30,7,8,805.88,Credit Card,10
4374,35,Male,119216,Engineer,Houston,Bronze,93,47,488.78,179,Home,4,30,2,3,21368.31,Credit Card,9
4375,54,Male,80930,Freelancer,Boston,Bronze,7,30,171.55,126,Books,83,12,2,4,5785.38,Cash,7
4376,30,Female,51365,Other,New York,Platinum,82,47,340.65,332,Electronics,62,23,15,7,15150.16,Debit Card,9
4377,53,Female,77188,Retired,Miami,Gold,16,11,94.53,168,Electronics,25,21,9,2,1160.79,Debit Card,9
4378,48,Male,113633,Freelancer,Los Angeles,Bronze,49,27,69.65,304,Beauty,63,30,6,5,1562.04,Cash,6
4379,19,Female,78471,Retired,San Francisco,Gold,32,22,393.98,134,Sports,70,15,2,5,7899.89,Credit Card,6
4380,33,Male,72287,Doctor,Chicago,Silver,89,6,423.61,291,Beauty,13,27,8,15,2442.71,Cash,7
4381,26,Male,147717,Business,Los Angeles,Bronze,44,38,337.47,92,Electronics,86,11,7,13,12334.4,Cash,1
4382,26,Female,74076,Freelancer,Houston,Bronze,96,41,87.52,220,Toys,4,6,15,6,3504.06,UPI,9
4383,55,Male,131475,Business,San Francisco,Gold,19,46,127.89,154,Toys,2,24,7,8,6241.54,Credit Card,1
4384,28,Female,65151,Freelancer,San Francisco,Bronze,3,31,456.48,279,Sports,67,13,8,10,14570.06,Net Banking,8
4385,39,Female,82384,Doctor,Miami,Bronze,60,43,151.46,198,Beauty,30,17,7,2,6567.61,UPI,10
4386,50,Female,114865,Engineer,Chicago,Bronze,35,6,411.24,336,Beauty,4,20,3,12,2800.71,Credit Card,2
4387,53,Male,48541,Other,San Francisco,Bronze,29,50,150.11,240,Sports,48,18,6,13,6593.33,Credit Card,10
4388,62,Female,87847,Doctor,Dallas,Silver,75,20,470.34,97,Sports,43,27,13,4,10762.28,Credit Card,7
4389,40,Male,65955,Freelancer,Boston,Bronze,70,47,458.08,249,Grocery,93,12,5,4,24211.77,Debit Card,5
4390,62,Female,102780,Business,San Francisco,Bronze,83,41,31.2,104,Toys,45,1,0,4,1123.49,Credit Card,8
4391,62,Female,114919,Student,San Francisco,Platinum,45,11,387.5,260,Home,97,18,11,5,4474.03,Credit Card,10
4392,51,Male,127854,Doctor,Boston,Bronze,27,2,93.04,128,Books,13,3,4,0,165.48,Net Banking,7
4393,26,Female,76768,Business,Phoenix,Bronze,69,31,115.48,326,Toys,47,13,1,14,4213.98,Credit Card,8
4394,41,Female,58262,Retired,Miami,Silver,90,38,235.32,258,Sports,96,1,8,12,8916.94,Cash,2
4395,25,Male,35605,Retired,San Francisco,Silver,35,26,292.4,291,Toys,28,17,14,8,6701.43,Credit Card,10
4396,24,Male,93590,Doctor,San Francisco,Gold,19,27,169.64,139,Toys,37,23,10,11,4829.65,Credit Card,9
4397,53,Male,43231,Freelancer,Chicago,Bronze,17,46,291.94,14,Fashion,28,29,14,15,14542.3,Credit Card,6
4398,35,Female,94397,Retired,New York,Gold,35,46,93.62,183,Sports,27,18,15,2,4487.34,Debit Card,6
4399,20,Male,92123,Business,Phoenix,Gold,77,31,20.95,15,Electronics,89,18,14,5,582.35,UPI,6
4400,45,Male,28515,Other,Seattle,Gold,78,24,289.9,220,Books,30,3,12,3,7612.21,Debit Card,1
4401,23,Female,102211,Engineer,Phoenix,Bronze,30,13,263.53,62,Sports,6,26,2,6,4014.54,Net Banking,7
4402,61,Male,31600,Business,Boston,Bronze,48,25,347.93,240,Beauty,94,20,11,7,10271.36,Net Banking,2
4403,61,Female,84310,Retired,Chicago,Silver,57,37,328.41,278,Fashion,9,18,14,3,13023.53,Cash,2
4404,38,Female,129380,Retired,Miami,Gold,17,41,449.77,332,Books,6,21,14,9,20950.3,Cash,5
4405,45,Male,126780,Teacher,Los Angeles,Silver,15,25,235.14,256,Toys,29,25,11,5,7003.95,Net Banking,6
4406,57,Female,81177,Student,Chicago,Bronze,82,29,14.1,184,Books,87,2,15,11,334.22,UPI,1
4407,18,Male,70746,Freelancer,Houston,Bronze,14,31,319.02,75,Sports,70,30,6,11,9798.6,UPI,1
4408,53,Male,138075,Business,Boston,Silver,14,43,340.81,26,Fashion,86,7,1,9,13432.08,Net Banking,1
4409,38,Male,100195,Retired,New York,Gold,45,39,265.53,24,Home,66,3,6,13,10251.23,Credit Card,7
4410,60,Male,51818,Freelancer,Houston,Bronze,97,2,347.76,341,Books,95,20,12,6,811.51,Debit Card,1
4411,52,Female,36309,Doctor,Houston,Bronze,38,12,168.56,61,Books,53,2,3,11,2413.82,Debit Card,9
4412,30,Female,43176,Doctor,Miami,Silver,63,5,82.92,145,Grocery,70,4,10,9,481.75,Credit Card,3
4413,66,Male,83879,Business,Seattle,Silver,75,27,335.63,232,Fashion,5,10,5,15,7964.12,UPI,10
4414,27,Male,82592,Teacher,Los Angeles,Gold,11,34,130.14,348,Beauty,20,28,14,6,4960.8,Debit Card,2
4415,70,Female,99728,Retired,San Francisco,Gold,48,14,233.59,285,Grocery,12,22,8,8,3685.79,Debit Card,6
4416,61,Male,23584,Business,Dallas,Silver,26,7,250.9,83,Sports,8,18,7,7,1812.07,Cash,2
4417,64,Female,139555,Engineer,San Francisco,Bronze,67,37,243.83,174,Home,58,18,8,2,9797.19,UPI,5
4418,70,Male,108302,Teacher,Houston,Silver,25,36,303.24,169,Books,49,16,13,12,12686.7,Net Banking,5
4419,27,Female,137408,Retired,Phoenix,Platinum,81,10,24.43,289,Home,64,1,4,3,292.59,Net Banking,9
4420,63,Female,33830,Retired,Dallas,Platinum,61,29,494.94,3,Books,50,19,4,14,11712.66,Credit Card,4
4421,30,Female,92066,Freelancer,Miami,Gold,86,16,360.99,286,Home,97,27,3,8,5214.8,Debit Card,8
4422,54,Male,18591,Business,Los Angeles,Bronze,93,38,218.44,306,Fashion,39,8,8,10,9743.64,Net Banking,7
4423,55,Male,108878,Retired,Miami,Gold,26,21,103.75,49,Grocery,40,2,13,6,2029.85,Credit Card,7
4424,41,Male,140407,Freelancer,Boston,Gold,34,38,49.29,269,Sports,31,9,9,6,1578.2,Cash,1
4425,19,Male,131869,Retired,New York,Silver,90,41,339.37,7,Home,3,20,7,14,12874.87,UPI,6
4426,39,Male,36395,Student,Houston,Bronze,9,33,165.31,356,Toys,83,8,5,0,5495.59,Debit Card,6
4427,34,Female,31738,Teacher,Phoenix,Platinum,40,29,122.44,68,Toys,72,19,9,1,3388.97,Debit Card,10
4428,53,Female,148703,Business,Miami,Silver,75,48,196.18,138,Home,30,3,13,14,10502.58,Credit Card,8
4429,31,Female,34056,Student,Dallas,Bronze,7,17,300.53,247,Home,95,21,13,0,5335.92,Debit Card,6
4430,27,Female,136656,Business,Houston,Bronze,30,13,339.14,28,Home,29,6,5,14,4294.02,UPI,8
4431,52,Female,130316,Engineer,Los Angeles,Silver,66,6,326.13,182,Sports,70,29,5,3,2345.99,Net Banking,6
4432,42,Female,69418,Doctor,Phoenix,Silver,30,2,433.0,212,Fashion,56,11,5,3,999.69,Credit Card,8
4433,20,Female,52190,Other,Seattle,Bronze,68,8,117.19,319,Home,66,10,6,13,1073.37,UPI,5
4434,64,Male,41014,Freelancer,Seattle,Gold,58,32,322.01,304,Home,87,21,5,4,10581.52,Debit Card,9
4435,55,Female,140563,Business,Dallas,Gold,55,36,59.55,18,Fashion,63,28,7,15,2383.84,Net Banking,4
4436,34,Male,16780,Teacher,New York,Gold,14,9,278.49,225,Grocery,30,28,6,4,2341.87,UPI,6
4437,29,Female,57192,Business,Seattle,Bronze,77,23,296.14,229,Fashion,53,28,1,11,6347.65,Net Banking,2
4438,69,Female,119875,Business,Houston,Silver,89,7,115.96,338,Sports,46,26,9,0,939.01,Net Banking,3
4439,41,Male,114129,Business,Los Angeles,Bronze,77,31,201.93,95,Toys,9,14,3,14,6502.29,Credit Card,4
4440,46,Female,58923,Other,New York,Bronze,77,21,415.32,114,Beauty,7,19,13,6,8176.04,Debit Card,3
4441,60,Male,104196,Retired,San Francisco,Bronze,37,1,82.72,358,Books,63,13,10,15,94.15,Cash,7
4442,42,Female,17395,Business,Los Angeles,Gold,44,46,222.91,179,Grocery,47,6,6,5,10018.24,Cash,9
4443,53,Male,117449,Retired,Houston,Bronze,6,2,467.04,77,Beauty,44,14,15,15,896.71,Cash,6
4444,43,Female,136747,Teacher,Houston,Bronze,26,40,257.01,326,Toys,49,13,1,7,8331.94,UPI,3
4445,55,Male,86028,Teacher,Boston,Bronze,14,11,365.32,275,Toys,79,27,3,13,4306.25,Cash,9
4446,18,Male,108176,Business,New York,Silver,8,37,415.16,351,Home,79,10,1,14,15561.49,Debit Card,1
4447,37,Female,41924,Retired,Los Angeles,Platinum,24,18,109.85,181,Beauty,85,9,14,14,1828.47,Cash,5
4448,45,Female,47577,Doctor,New York,Platinum,86,44,116.93,94,Sports,62,18,1,3,4402.61,Net Banking,10
4449,33,Male,100548,Business,Dallas,Bronze,39,24,381.71,85,Beauty,59,2,13,0,7997.28,Net Banking,10
4450,64,Female,140093,Freelancer,Chicago,Bronze,49,19,379.12,94,Electronics,78,11,6,11,6410.52,Net Banking,5
4451,34,Male,81555,Freelancer,New York,Bronze,85,5,39.49,334,Grocery,75,12,10,2,226.29,Cash,2
4452,57,Female,104848,Teacher,Seattle,Gold,63,29,168.02,144,Toys,75,6,14,8,4834.84,Debit Card,5
4453,45,Male,23254,Other,Houston,Bronze,26,39,205.28,247,Sports,84,11,1,9,8631.97,Debit Card,1
4454,29,Female,140410,Freelancer,Boston,Bronze,10,2,416.23,180,Fashion,13,21,3,6,819.58,Cash,1
4455,44,Male,118025,Freelancer,San Francisco,Silver,77,17,216.71,292,Toys,30,1,6,1,3645.36,Debit Card,4
4456,70,Female,145509,Engineer,Boston,Bronze,58,45,463.71,18,Books,84,0,5,14,23555.85,Cash,6
4457,59,Male,47963,Business,Los Angeles,Bronze,14,11,498.34,137,Sports,43,5,3,14,6076.3,Debit Card,2
4458,64,Male,18273,Business,Dallas,Bronze,73,37,392.56,43,Fashion,51,24,8,12,12968.47,Credit Card,5
4459,47,Female,30330,Business,Dallas,Bronze,71,13,336.53,225,Sports,8,18,4,2,4594.89,Credit Card,10
4460,58,Female,91422,Business,San Francisco,Silver,39,29,202.03,344,Electronics,37,24,1,15,6281.15,Debit Card,5
4461,51,Male,137089,Student,New York,Platinum,31,32,42.85,36,Grocery,97,30,13,1,1318.99,Net Banking,3
4462,54,Male,18212,Business,New York,Bronze,50,45,290.84,313,Home,90,5,6,14,10827.96,Credit Card,4
4463,23,Male,102594,Other,Los Angeles,Bronze,16,40,187.24,219,Home,64,12,9,3,7104.35,UPI,2
4464,24,Male,147152,Retired,Los Angeles,Platinum,72,43,181.94,127,Beauty,39,3,11,1,7380.0,Cash,7
4465,49,Female,47675,Teacher,Phoenix,Gold,51,8,346.98,142,Books,8,25,1,3,2987.5,UPI,3
4466,49,Male,37007,Retired,New York,Bronze,15,10,237.18,182,Sports,62,25,15,10,2665.45,Debit Card,6
4467,70,Male,128805,Other,Los Angeles,Silver,89,25,378.53,42,Grocery,82,25,7,15,9069.64,Debit Card,9
4468,42,Male,97641,Teacher,Dallas,Bronze,38,11,205.1,209,Grocery,39,13,6,13,2387.6,Net Banking,7
4469,50,Female,110815,Student,Chicago,Gold,79,28,83.92,47,Grocery,14,29,15,13,2484.01,Credit Card,4
4470,24,Male,61815,Business,Houston,Platinum,89,33,236.06,311,Grocery,52,15,13,13,8251.63,Credit Card,2
4471,69,Female,98482,Doctor,New York,Silver,71,39,476.0,219,Grocery,82,27,11,6,18967.28,UPI,7
4472,29,Female,15639,Retired,Phoenix,Silver,90,26,402.75,195,Books,57,28,8,12,11012.73,Credit Card,8
4473,33,Female,78593,Business,Houston,Bronze,72,8,110.82,171,Beauty,21,1,15,7,1016.95,Debit Card,3
4474,33,Female,93038,Teacher,Seattle,Silver,82,38,201.74,236,Home,23,8,5,13,8959.64,Net Banking,7
4475,60,Female,108899,Retired,Chicago,Silver,21,26,464.62,174,Beauty,4,12,6,9,10107.68,Cash,1
4476,70,Female,18736,Engineer,Boston,Silver,16,32,70.61,31,Sports,74,20,9,12,1818.24,UPI,8
4477,53,Female,31473,Freelancer,New York,Bronze,67,46,134.44,223,Home,43,13,13,5,6231.03,UPI,7
4478,30,Male,143771,Engineer,Boston,Silver,65,28,138.49,53,Home,11,13,13,13,3742.48,Cash,6
4479,24,Male,140801,Doctor,Phoenix,Silver,13,7,289.76,185,Toys,84,4,8,10,1988.7,Debit Card,3
4480,53,Female,122598,Business,New York,Bronze,64,35,211.26,233,Fashion,19,1,6,8,7271.37,UPI,4
4481,64,Male,101623,Student,Phoenix,Bronze,61,2,49.14,316,Sports,65,4,8,5,113.82,Credit Card,8
4482,68,Male,51820,Business,Miami,Bronze,32,22,318.3,230,Books,95,5,15,10,7385.3,Credit Card,1
4483,26,Female,72589,Doctor,Phoenix,Gold,12,50,58.55,109,Grocery,2,1,7,10,2859.98,Credit Card,2
4484,49,Male,33414,Doctor,Los Angeles,Silver,95,22,307.14,99,Fashion,49,0,4,14,6634.87,Net Banking,1
4485,28,Female,142378,Freelancer,Los Angeles,Gold,41,3,258.43,199,Home,69,15,6,2,882.13,Cash,4
4486,25,Male,39220,Doctor,Boston,Bronze,66,46,251.9,210,Books,34,21,11,0,10275.97,Debit Card,6
4487,50,Female,75531,Engineer,Miami,Platinum,8,50,43.07,220,Books,4,8,6,8,1735.5,Credit Card,5
4488,40,Female,125002,Freelancer,Phoenix,Gold,59,45,323.22,324,Sports,91,24,0,2,14417.88,Credit Card,6
4489,42,Male,24387,Business,Seattle,Bronze,25,8,221.35,149,Fashion,39,13,3,0,2096.96,Net Banking,2
4490,25,Male,91815,Retired,Boston,Bronze,5,4,211.44,162,Home,49,29,4,15,952.11,Credit Card,5
4491,62,Female,42584,Business,Houston,Bronze,45,15,302.26,142,Beauty,3,8,11,11,4367.77,Net Banking,1
4492,39,Female,59783,Student,Los Angeles,Platinum,2,44,307.06,257,Grocery,26,28,5,10,11754.79,Cash,6
4493,21,Female,139494,Doctor,Houston,Bronze,42,46,17.37,244,Books,41,4,6,13,821.44,UPI,4
4494,57,Male,130814,Doctor,Houston,Bronze,38,39,71.36,149,Fashion,65,14,4,1,3205.73,Credit Card,10
4495,20,Male,145752,Teacher,Miami,Bronze,3,12,125.89,111,Electronics,16,9,1,11,1641.97,Credit Card,9
4496,46,Male,88588,Freelancer,Boston,Gold,46,29,342.21,98,Toys,58,14,4,2,10083.67,Cash,3
4497,58,Male,28580,Teacher,Dallas,Bronze,22,9,292.6,102,Toys,35,16,4,7,2880.81,UPI,3
4498,46,Female,33240,Freelancer,Boston,Bronze,33,42,381.24,210,Grocery,83,2,6,7,18988.12,Net Banking,9
4499,51,Female,98446,Engineer,Dallas,Silver,32,40,372.9,11,Beauty,16,7,12,1,15230.39,UPI,4
4500,51,Female,119533,Freelancer,Phoenix,Silver,17,20,428.06,225,Beauty,33,24,2,15,8750.74,Credit Card,7
4501,45,Female,95974,Business,Dallas,Silver,82,34,194.64,300,Sports,31,3,0,14,6561.12,Cash,10
4502,30,Male,88401,Student,New York,Silver,56,26,179.08,147,Books,22,10,11,5,4780.14,Debit Card,2
4503,32,Female,18646,Retired,Phoenix,Gold,3,48,417.2,178,Home,61,27,5,1,21108.28,Cash,1
4504,40,Female,57816,Freelancer,Dallas,Gold,70,21,126.42,6,Electronics,84,18,11,15,2340.79,Net Banking,10
4505,61,Male,104460,Freelancer,Seattle,Gold,49,23,235.97,151,Fashion,64,13,6,12,5575.0,Net Banking,1
4506,43,Male,59112,Freelancer,Houston,Bronze,55,18,105.22,322,Books,70,17,10,15,1525.36,Credit Card,6
4507,21,Female,66048,Student,Phoenix,Gold,77,24,457.78,69,Sports,35,30,9,6,12911.28,Cash,4
4508,43,Male,147850,Doctor,Houston,Bronze,31,42,209.82,352,Beauty,39,20,14,12,7183.33,Debit Card,2
4509,57,Female,60752,Student,San Francisco,Bronze,81,29,114.12,52,Fashion,3,1,7,14,3915.98,Cash,7
4510,26,Male,85726,Other,Boston,Platinum,21,38,349.09,161,Beauty,96,26,13,9,15753.97,Net Banking,8
4511,22,Male,59788,Other,Dallas,Gold,16,38,129.88,92,Beauty,13,8,6,10,4988.33,Cash,7
4512,49,Female,19747,Other,Houston,Silver,17,13,472.32,150,Electronics,14,9,14,10,5728.57,Credit Card,10
4513,37,Male,15045,Doctor,Dallas,Gold,96,32,190.13,57,Grocery,41,26,6,2,5317.44,Net Banking,9
4514,67,Female,22758,Other,Houston,Platinum,1,19,335.67,195,Fashion,8,24,6,15,5515.91,Cash,1
4515,28,Male,140076,Retired,Seattle,Silver,72,17,179.17,324,Electronics,19,12,0,7,2726.6,Cash,10
4516,32,Male,71950,Business,Chicago,Silver,65,2,405.55,207,Home,14,18,8,2,803.38,Credit Card,6
4517,49,Male,34455,Student,Seattle,Gold,66,18,449.49,302,Books,75,3,8,15,8876.92,Credit Card,8
4518,45,Male,103552,Doctor,Los Angeles,Bronze,37,39,396.08,298,Beauty,50,27,6,9,14821.39,Cash,9
4519,39,Male,61116,Business,Dallas,Bronze,24,27,425.76,61,Beauty,99,15,8,5,12787.67,Debit Card,8
4520,58,Female,135461,Business,Seattle,Gold,91,14,59.92,194,Electronics,61,11,10,0,860.55,Net Banking,6
4521,34,Male,55484,Doctor,New York,Bronze,84,15,462.79,54,Home,36,24,3,7,5607.01,Cash,8
4522,43,Female,96638,Other,Dallas,Bronze,62,8,315.91,362,Fashion,67,15,6,15,2155.05,Credit Card,8
4523,61,Male,149476,Doctor,Miami,Bronze,21,9,435.92,48,Beauty,89,30,1,6,4036.66,Net Banking,1
4524,24,Female,115647,Engineer,Boston,Bronze,37,21,345.37,105,Home,77,16,13,0,6269.77,Credit Card,8
4525,59,Male,80642,Business,Boston,Platinum,35,43,108.91,77,Fashion,80,15,5,13,4886.03,Net Banking,7
4526,43,Female,61009,Doctor,Los Angeles,Silver,38,35,308.68,283,Electronics,92,6,14,13,10567.33,Cash,8
4527,42,Female,143824,Business,New York,Silver,53,14,54.56,56,Beauty,45,1,1,6,821.92,UPI,8
4528,27,Male,44605,Other,Los Angeles,Platinum,15,27,350.9,168,Sports,91,8,9,15,8683.9,UPI,10
4529,62,Male,125879,Student,Phoenix,Platinum,42,8,210.41,206,Sports,74,26,2,10,1899.83,Net Banking,10
4530,36,Male,135827,Retired,Dallas,Silver,94,35,84.35,259,Beauty,82,11,10,4,2821.03,Credit Card,6
4531,28,Female,20580,Teacher,New York,Platinum,4,18,489.82,275,Grocery,72,30,12,1,9862.95,Credit Card,9
4532,30,Female,129902,Other,San Francisco,Silver,39,14,451.53,344,Beauty,7,12,10,0,5106.12,Credit Card,3
4533,70,Male,20400,Teacher,Houston,Bronze,79,8,447.84,162,Beauty,22,13,0,13,3429.5,Cash,10
4534,25,Male,111032,Freelancer,Miami,Bronze,23,49,396.52,243,Beauty,9,11,6,1,17254.84,Net Banking,1
4535,57,Female,142319,Doctor,Dallas,Silver,15,8,349.07,249,Electronics,60,2,11,12,2729.65,Cash,9
4536,21,Female,121960,Doctor,Miami,Silver,90,37,330.99,308,Beauty,42,21,1,5,14435.4,UPI,10
4537,64,Male,54015,Other,New York,Silver,12,44,61.99,38,Beauty,59,20,15,1,2355.47,UPI,10
4538,48,Female,86713,Business,Houston,Silver,82,2,451.28,308,Electronics,40,15,2,12,753.82,Credit Card,2
4539,45,Male,103754,Other,Los Angeles,Bronze,70,17,441.75,120,Beauty,29,17,11,5,6183.52,Credit Card,3
4540,28,Male,58148,Freelancer,Dallas,Bronze,82,13,376.45,85,Sports,55,24,0,12,4156.56,Net Banking,4
4541,60,Male,137790,Other,Houston,Silver,54,14,464.38,98,Toys,64,2,2,14,5362.18,UPI,8
4542,18,Female,101078,Doctor,Miami,Bronze,88,41,281.01,245,Sports,42,21,10,11,12372.79,Net Banking,9
4543,66,Female,71879,Other,Chicago,Silver,38,41,229.34,347,Books,29,8,3,7,7963.92,UPI,3
4544,64,Female,134894,Business,New York,Silver,28,9,484.29,207,Home,92,14,13,7,3831.11,Debit Card,2
4545,69,Female,80839,Doctor,New York,Silver,79,27,237.42,112,Books,21,7,6,5,6783.5,Net Banking,2
4546,55,Male,44756,Business,Miami,Bronze,19,20,324.25,82,Books,97,9,5,4,6345.33,Debit Card,9
4547,41,Female,107943,Other,Miami,Silver,69,38,192.8,64,Beauty,63,20,15,3,6021.32,Cash,8
4548,64,Male,51744,Doctor,Phoenix,Gold,64,12,321.8,0,Toys,63,21,15,13,4588.62,UPI,2
4549,48,Male,139697,Engineer,Los Angeles,Platinum,4,42,362.85,173,Electronics,90,2,15,5,15848.87,Debit Card,8
4550,58,Male,131072,Retired,Miami,Gold,81,22,316.08,249,Beauty,38,30,0,12,7270.27,Cash,4
4551,63,Female,148196,Business,Seattle,Silver,10,37,262.14,225,Toys,79,4,10,14,11067.09,Net Banking,6
4552,67,Male,22176,Retired,Boston,Bronze,12,50,157.05,283,Beauty,66,5,3,4,9137.46,Debit Card,5
4553,43,Male,106310,Engineer,Boston,Silver,69,39,325.48,83,Home,12,13,15,9,10444.85,Debit Card,5
4554,66,Female,60177,Engineer,Dallas,Platinum,7,31,455.13,238,Fashion,33,18,8,14,11672.94,Cash,10
4555,67,Male,125623,Engineer,San Francisco,Bronze,44,13,13.39,27,Books,79,25,2,14,193.33,Debit Card,10
4556,22,Female,15997,Engineer,Dallas,Bronze,23,1,75.63,286,Toys,1,17,5,3,81.55,Cash,7
4557,37,Female,135179,Student,Phoenix,Bronze,2,38,68.69,327,Home,97,25,10,5,2314.55,UPI,8
4558,69,Female,135403,Retired,Houston,Gold,94,40,462.37,303,Grocery,68,24,15,8,17172.25,UPI,5
4559,58,Male,110287,Other,San Francisco,Silver,37,9,334.75,281,Electronics,28,6,1,8,3146.57,UPI,4
4560,28,Female,134574,Freelancer,Houston,Bronze,69,39,476.38,182,Books,62,3,4,7,20726.46,Debit Card,2
4561,50,Female,136509,Other,Boston,Gold,20,10,295.58,344,Grocery,78,28,8,9,3077.76,Debit Card,5
4562,67,Female,100447,Other,Boston,Silver,90,29,236.25,134,Fashion,59,2,11,0,7651.39,Credit Card,8
4563,55,Female,124522,Retired,Boston,Bronze,44,40,398.25,360,Grocery,49,12,1,8,14200.75,Credit Card,1
4564,44,Male,96144,Other,Miami,Bronze,70,30,88.86,56,Toys,45,3,2,4,2485.71,Cash,6
4565,51,Female,107693,Teacher,Phoenix,Bronze,93,2,196.86,114,Beauty,76,8,11,10,330.98,Debit Card,2
4566,32,Male,109315,Student,Seattle,Silver,74,18,238.47,185,Sports,6,24,1,2,5124.88,Cash,2
4567,49,Female,42387,Other,Dallas,Bronze,51,28,156.24,0,Electronics,20,27,1,7,4915.42,Net Banking,8
4568,38,Male,19090,Doctor,Houston,Silver,80,47,191.93,337,Toys,85,5,5,7,9799.33,Debit Card,6
4569,63,Female,135846,Other,Chicago,Gold,98,32,48.27,28,Electronics,16,10,5,8,1356.08,Net Banking,6
4570,22,Male,55239,Doctor,Dallas,Silver,31,24,107.01,231,Toys,12,27,4,1,2772.35,Debit Card,6
4571,23,Female,18743,Freelancer,New York,Bronze,100,38,174.39,149,Beauty,52,8,13,9,7587.48,UPI,9
4572,55,Male,45924,Teacher,Los Angeles,Silver,41,14,399.99,189,Home,20,29,1,3,6295.02,Cash,3
4573,39,Male,145160,Teacher,San Francisco,Gold,58,25,99.42,269,Books,58,8,15,9,2738.71,Credit Card,2
4574,35,Male,106815,Teacher,Houston,Bronze,5,25,179.85,247,Books,45,21,0,1,4293.3,UPI,5
4575,31,Female,120312,Engineer,Phoenix,Bronze,33,32,41.81,326,Books,97,20,12,12,1480.79,Credit Card,6
4576,27,Male,83860,Student,Boston,Silver,43,27,282.98,194,Grocery,2,26,12,12,7593.31,Debit Card,9
4577,63,Male,95399,Other,New York,Silver,19,32,309.51,254,Electronics,34,18,2,5,9526.08,Net Banking,9
4578,30,Male,63795,Doctor,Los Angeles,Bronze,32,31,434.1,78,Toys,26,0,2,0,15958.95,Net Banking,2
4579,48,Male,66553,Student,Houston,Gold,87,50,411.37,362,Toys,33,3,8,13,17661.51,UPI,9
4580,47,Female,118976,Student,Seattle,Silver,3,24,149.84,97,Home,42,0,3,9,4120.8,Credit Card,9
4581,20,Male,128566,Student,Boston,Platinum,1,35,77.11,149,Books,94,12,13,2,2506.8,Cash,6
4582,47,Male,134968,Teacher,Houston,Bronze,100,30,86.48,273,Books,65,15,13,1,2611.43,Cash,1
4583,23,Male,76600,Freelancer,Chicago,Gold,41,33,484.79,301,Fashion,8,11,8,6,15120.97,Cash,8
4584,46,Female,65022,Freelancer,Chicago,Bronze,92,33,339.88,337,Books,65,0,12,7,11230.39,Credit Card,8
4585,25,Male,149271,Teacher,Phoenix,Silver,48,46,30.86,122,Fashion,10,29,10,1,1600.36,Net Banking,8
4586,61,Male,65897,Doctor,Chicago,Silver,39,27,77.02,97,Grocery,32,14,0,15,1815.87,Net Banking,8
4587,62,Male,53038,Doctor,Seattle,Bronze,5,33,248.04,163,Toys,51,21,2,8,9019.55,UPI,10
4588,60,Male,138323,Doctor,Phoenix,Gold,77,33,111.84,45,Fashion,57,26,0,10,3610.84,Credit Card,5
4589,61,Female,135278,Other,San Francisco,Bronze,11,4,403.79,358,Toys,40,4,5,15,1896.17,Debit Card,2
4590,50,Male,126054,Freelancer,Seattle,Silver,22,30,290.88,238,Books,66,22,0,0,8890.41,Debit Card,9
4591,34,Male,22897,Other,Phoenix,Bronze,87,44,310.19,229,Toys,31,0,1,1,11144.57,Cash,6
4592,65,Female,79541,Freelancer,Seattle,Gold,64,15,236.78,292,Sports,63,16,8,2,4134.47,Net Banking,3
4593,28,Female,121968,Student,Chicago,Bronze,12,29,135.47,243,Beauty,68,7,10,1,4595.7,Net Banking,1
4594,30,Female,29892,Teacher,San Francisco,Gold,53,28,298.81,17,Books,56,21,0,15,7295.48,Credit Card,5
4595,67,Male,39815,Engineer,Seattle,Gold,55,32,361.32,170,Electronics,12,7,3,13,13748.25,Credit Card,4
4596,28,Female,60612,Student,San Francisco,Gold,53,36,191.76,359,Home,31,30,5,0,6753.69,UPI,4
4597,48,Male,31267,Business,Los Angeles,Bronze,21,30,257.42,156,Beauty,23,29,13,7,9002.76,Credit Card,9
4598,45,Female,33268,Other,Seattle,Silver,19,42,421.45,203,Grocery,33,21,1,14,16738.52,UPI,6
4599,61,Male,129463,Freelancer,Dallas,Bronze,69,43,82.85,145,Beauty,8,21,0,0,2882.36,Cash,8
4600,23,Female,110347,Student,Boston,Gold,88,38,277.16,142,Electronics,62,25,15,4,11774.95,Cash,9
4601,58,Male,109542,Teacher,Chicago,Gold,94,42,180.72,186,Books,80,14,3,10,8761.6,Net Banking,1
4602,33,Female,81612,Business,Houston,Silver,72,12,354.37,121,Toys,15,22,2,12,3678.89,Net Banking,7
4603,21,Male,103757,Retired,San Francisco,Gold,66,3,19.22,349,Home,41,11,6,15,58.91,Net Banking,7
4604,52,Male,113075,Other,Chicago,Bronze,59,15,338.53,99,Electronics,52,15,6,5,5751.4,Debit Card,9
4605,65,Male,49609,Student,New York,Silver,49,48,60.42,283,Grocery,26,17,11,6,2855.55,UPI,1
4606,43,Male,117785,Teacher,Dallas,Bronze,98,10,41.74,14,Electronics,78,2,13,2,465.55,Cash,2
4607,29,Male,38645,Teacher,Chicago,Platinum,59,22,365.07,42,Fashion,12,27,9,15,8475.18,UPI,6
4608,28,Male,77233,Freelancer,Boston,Gold,23,23,323.77,288,Home,27,28,10,11,8104.2,Debit Card,4
4609,54,Male,126443,Engineer,Dallas,Gold,3,11,448.52,186,Home,95,3,6,14,5760.25,Debit Card,5
4610,42,Male,22771,Student,Boston,Platinum,56,16,264.63,7,Beauty,68,14,8,10,4093.21,Cash,5
4611,35,Female,117601,Teacher,Chicago,Bronze,58,49,269.71,111,Sports,30,13,8,14,14648.25,Cash,10
4612,36,Male,148014,Other,Dallas,Platinum,88,46,356.44,32,Sports,4,0,3,6,17791.12,Net Banking,1
4613,40,Male,140224,Doctor,Houston,Bronze,62,16,168.46,89,Sports,54,24,8,7,2629.58,Debit Card,1
4614,55,Female,98251,Teacher,Houston,Gold,18,14,28.09,148,Grocery,95,24,14,9,374.57,Net Banking,7
4615,35,Male,72042,Engineer,Boston,Gold,61,6,122.72,211,Sports,34,19,10,2,848.64,Cash,3
4616,43,Female,68740,Teacher,Boston,Bronze,37,42,126.63,115,Toys,68,16,6,4,4690.33,Debit Card,5
4617,23,Male,62024,Freelancer,Los Angeles,Bronze,54,17,174.47,172,Home,84,16,5,0,2750.67,Debit Card,8
4618,21,Female,71965,Retired,Houston,Bronze,95,31,472.3,19,Books,56,21,10,8,17420.11,Credit Card,5
4619,61,Female,25057,Student,Houston,Platinum,78,42,404.37,131,Home,18,17,8,7,15471.09,Debit Card,10
4620,68,Male,23983,Freelancer,San Francisco,Bronze,65,10,468.62,291,Beauty,47,0,3,2,5384.4,Net Banking,9
4621,46,Female,145469,Student,Phoenix,Silver,14,46,499.32,353,Electronics,72,25,0,3,21787.46,Credit Card,4
4622,51,Male,34995,Business,Seattle,Gold,5,20,222.55,236,Fashion,60,26,5,0,4542.16,Debit Card,7
4623,34,Male,129587,Student,San Francisco,Bronze,95,49,121.27,76,Books,59,27,12,13,5700.6,Credit Card,8
4624,60,Male,53886,Business,Boston,Silver,95,9,284.4,222,Sports,2,1,0,0,2274.26,Debit Card,7
4625,60,Male,104025,Freelancer,Miami,Silver,94,15,441.76,125,Sports,73,22,9,14,7132.94,UPI,4
4626,70,Female,110149,Doctor,Seattle,Bronze,100,39,238.21,38,Books,16,15,8,13,11024.15,Net Banking,8
4627,33,Male,109020,Other,Miami,Gold,62,2,257.65,326,Toys,86,13,13,5,596.27,Net Banking,10
4628,19,Female,17673,Engineer,New York,Bronze,1,4,75.88,208,Sports,58,19,4,5,362.44,Credit Card,10
4629,51,Female,92513,Doctor,Boston,Bronze,63,24,216.02,105,Fashion,12,22,1,8,5580.84,UPI,10
4630,25,Male,38466,Other,Chicago,Silver,67,18,199.63,139,Beauty,5,22,11,11,2924.23,Credit Card,4
4631,30,Male,107545,Business,Phoenix,Silver,20,11,182.33,248,Books,39,19,7,4,2049.01,Credit Card,10
4632,59,Male,65406,Teacher,Miami,Platinum,43,37,444.78,54,Books,15,28,9,2,17263.35,Cash,8
4633,25,Male,149760,Teacher,Seattle,Gold,85,26,39.06,117,Toys,72,17,10,5,861.25,Credit Card,8
4634,47,Female,84284,Doctor,Boston,Silver,94,8,486.35,349,Sports,88,8,5,7,4401.94,Debit Card,4
4635,49,Male,129579,Teacher,San Francisco,Bronze,42,22,14.04,175,Electronics,19,30,12,11,337.31,Cash,5
4636,53,Female,28665,Business,Los Angeles,Bronze,94,5,473.34,353,Grocery,82,13,2,14,2317.88,Cash,5
4637,64,Male,35641,Freelancer,Dallas,Bronze,69,2,278.54,212,Fashion,85,29,10,6,510.73,Credit Card,5
4638,47,Male,50797,Engineer,Houston,Silver,74,5,354.2,264,Beauty,49,12,14,10,1573.93,Cash,3
4639,18,Male,60950,Retired,Phoenix,Gold,88,35,101.7,139,Home,39,25,1,9,4220.78,Net Banking,2
4640,60,Male,144554,Student,Phoenix,Bronze,39,32,330.56,324,Electronics,78,13,9,13,11856.05,Cash,1
4641,56,Female,117339,Business,Houston,Bronze,62,44,442.16,338,Fashion,15,25,10,2,20959.96,Cash,3
4642,34,Female,128431,Other,Houston,Silver,48,19,78.35,283,Home,55,18,13,13,1755.64,Debit Card,9
4643,37,Male,36173,Retired,Houston,Bronze,6,39,72.27,272,Fashion,67,16,3,0,2484.26,Net Banking,7
4644,41,Female,33095,Business,Los Angeles,Gold,74,4,158.95,21,Grocery,56,26,0,3,726.75,Cash,2
4645,67,Female,138554,Student,New York,Silver,42,23,89.25,186,Toys,45,7,0,5,2121.27,Debit Card,8
4646,39,Male,147511,Student,Los Angeles,Silver,58,46,64.22,206,Grocery,75,3,4,3,3465.83,Net Banking,8
4647,46,Male,140614,Engineer,San Francisco,Bronze,43,19,342.38,146,Home,57,8,9,4,6923.14,Cash,7
4648,39,Female,104023,Engineer,New York,Platinum,10,26,114.78,153,Toys,67,23,8,9,3272.6,Credit Card,6
4649,61,Female,122181,Engineer,Dallas,Bronze,89,50,336.84,107,Home,94,26,11,6,14970.9,Cash,2
4650,26,Female,35600,Teacher,Houston,Gold,78,26,432.35,315,Beauty,6,10,4,14,10544.13,Net Banking,4
4651,54,Female,17466,Other,Los Angeles,Bronze,39,7,329.49,299,Sports,70,6,15,4,2124.04,Cash,1
4652,27,Male,124934,Other,Chicago,Gold,13,32,68.49,298,Books,31,14,5,4,2361.88,Net Banking,7
4653,53,Male,68276,Business,San Francisco,Gold,75,47,291.05,150,Home,22,24,9,1,13193.31,Credit Card,2
4654,54,Female,21928,Freelancer,Dallas,Bronze,39,33,202.88,174,Toys,85,17,8,0,7659.07,Cash,6
4655,45,Male,70309,Student,Dallas,Gold,11,44,178.25,54,Grocery,38,19,2,3,6941.31,Net Banking,9
4656,45,Female,131196,Business,Seattle,Silver,16,26,166.08,266,Beauty,58,28,11,10,4828.77,Debit Card,5
4657,59,Female,24404,Retired,Seattle,Bronze,33,24,465.42,310,Fashion,70,29,14,9,12569.66,Cash,5
4658,60,Male,128187,Business,Dallas,Bronze,60,23,373.83,153,Books,29,4,3,12,9037.89,Credit Card,4
4659,38,Female,125449,Other,New York,Silver,96,38,75.59,189,Sports,56,15,1,7,2468.34,Debit Card,1
4660,41,Female,42684,Engineer,Boston,Silver,59,26,243.24,148,Electronics,11,20,13,14,5885.89,Cash,4
4661,59,Male,83591,Engineer,San Francisco,Gold,74,45,165.93,7,Fashion,48,11,3,2,7161.43,Net Banking,9
4662,57,Male,134821,Business,Seattle,Gold,51,31,489.19,147,Books,86,16,7,5,14955.31,UPI,9
4663,19,Female,17682,Other,Phoenix,Silver,15,6,489.23,172,Beauty,60,24,1,9,3213.38,Debit Card,7
4664,25,Female,126186,Other,Houston,Gold,80,45,166.57,80,Electronics,51,14,3,13,7011.05,Net Banking,4
4665,65,Male,36832,Other,San Francisco,Silver,43,31,182.54,78,Books,39,24,7,1,4568.23,Debit Card,9
4666,44,Female,31997,Engineer,Dallas,Bronze,27,47,303.71,320,Fashion,6,20,6,8,16364.59,Cash,5
4667,39,Female,49640,Other,Dallas,Platinum,56,48,244.86,59,Grocery,30,25,8,13,11435.13,Credit Card,10
4668,54,Male,55491,Teacher,Chicago,Bronze,60,40,114.42,94,Beauty,89,18,14,8,4179.33,Credit Card,2
4669,44,Male,78043,Student,Boston,Bronze,96,45,333.6,311,Electronics,100,23,13,3,16928.65,Debit Card,9
4670,46,Male,127175,Retired,Houston,Gold,70,45,173.72,127,Toys,1,6,14,11,9002.03,UPI,6
4671,20,Male,143568,Other,Phoenix,Silver,47,12,330.32,121,Home,86,20,1,10,4330.16,Cash,5
4672,61,Male,129250,Business,Miami,Bronze,100,17,198.0,286,Grocery,9,11,3,11,3169.85,Net Banking,10
4673,30,Male,87725,Student,Seattle,Bronze,8,26,353.1,340,Home,45,16,8,7,8193.07,Cash,8
4674,62,Female,143131,Teacher,Chicago,Silver,63,3,337.22,86,Home,8,6,5,13,1097.77,UPI,2
4675,27,Female,60520,Retired,Dallas,Platinum,89,15,259.32,80,Electronics,34,10,8,13,3201.24,Net Banking,5
4676,53,Male,77919,Engineer,Boston,Silver,7,49,355.32,21,Sports,80,0,8,1,16651.94,UPI,10
4677,26,Male,124869,Doctor,New York,Silver,81,38,235.87,251,Books,83,16,6,15,9890.94,Cash,8
4678,44,Female,79442,Teacher,Chicago,Bronze,94,24,66.91,189,Books,8,24,13,9,1660.48,Cash,4
4679,51,Female,120246,Doctor,Boston,Bronze,2,30,99.23,311,Toys,12,21,6,1,3255.36,Debit Card,10
4680,68,Female,124687,Student,San Francisco,Bronze,17,44,130.54,85,Sports,43,6,15,5,5911.29,UPI,10
4681,18,Male,138447,Business,San Francisco,Bronze,4,36,40.98,7,Beauty,56,1,7,1,1321.67,Credit Card,9
4682,49,Male,76477,Retired,Los Angeles,Silver,26,44,358.58,317,Electronics,31,30,1,0,15671.59,UPI,7
4683,42,Female,15244,Engineer,Chicago,Bronze,78,27,190.02,333,Books,42,10,9,9,5690.92,UPI,7
4684,46,Male,94453,Retired,San Francisco,Bronze,72,22,55.83,229,Sports,33,15,11,15,1095.8,Net Banking,9
4685,24,Male,142962,Teacher,Dallas,Gold,69,2,411.78,151,Fashion,19,14,13,1,976.09,Net Banking,3
4686,66,Male,86303,Engineer,San Francisco,Gold,5,7,344.99,277,Fashion,91,7,6,1,2127.9,Debit Card,3
4687,20,Female,43390,Doctor,Boston,Platinum,5,16,231.59,14,Sports,88,14,14,4,2985.41,Credit Card,10
4688,37,Female,25247,Doctor,Miami,Silver,91,24,131.24,286,Books,92,6,5,13,3500.1,Cash,7
4689,37,Male,44583,Freelancer,Seattle,Bronze,69,30,84.36,247,Home,55,4,6,5,2964.48,Credit Card,2
4690,70,Male,43670,Retired,Dallas,Gold,3,44,234.6,254,Home,4,7,5,10,9276.3,Credit Card,10
4691,47,Male,139920,Other,Houston,Bronze,38,48,443.77,342,Sports,12,1,10,13,18361.91,Credit Card,3
4692,52,Male,25236,Business,Boston,Silver,94,46,102.31,324,Beauty,87,5,2,15,4186.55,Debit Card,6
4693,52,Male,50568,Other,Miami,Gold,1,1,288.64,364,Home,84,3,4,14,303.4,Debit Card,9
4694,66,Female,122327,Doctor,San Francisco,Gold,8,27,481.23,166,Beauty,28,6,2,2,13403.9,Credit Card,4
4695,56,Male,125188,Business,Phoenix,Platinum,13,9,322.19,80,Fashion,58,5,5,15,3040.46,Cash,5
4696,44,Male,31352,Freelancer,Los Angeles,Gold,84,7,225.58,295,Grocery,48,27,14,7,1268.13,Cash,6
4697,43,Male,140721,Teacher,Miami,Silver,70,5,361.02,68,Electronics,1,21,2,1,1557.43,Cash,3
4698,31,Female,70904,Freelancer,San Francisco,Bronze,50,30,414.04,182,Grocery,75,4,11,13,11145.48,Debit Card,2
4699,34,Female,137141,Business,Miami,Platinum,8,42,299.35,326,Beauty,44,26,1,9,13563.86,Net Banking,4
4700,35,Male,31108,Doctor,Miami,Bronze,30,27,437.2,63,Toys,63,4,10,2,12317.88,Cash,6
4701,62,Female,17853,Student,Boston,Platinum,40,10,262.15,263,Toys,95,17,12,3,2751.42,Net Banking,4
4702,69,Female,99156,Business,Phoenix,Bronze,79,25,416.71,326,Home,38,10,3,4,10712.42,Credit Card,8
4703,46,Female,19176,Engineer,San Francisco,Bronze,74,18,476.49,85,Grocery,9,22,8,4,9415.68,Cash,9
4704,37,Female,115459,Other,Phoenix,Gold,33,7,255.61,43,Beauty,6,22,0,5,2105.39,Credit Card,8
4705,70,Female,138225,Student,Chicago,Bronze,73,31,306.45,293,Books,70,7,7,3,10159.5,Credit Card,7
4706,44,Female,133458,Retired,Boston,Gold,52,32,308.64,148,Grocery,52,19,4,9,10844.23,UPI,2
4707,35,Male,125893,Business,Seattle,Bronze,33,50,392.9,259,Fashion,67,10,1,10,20495.13,Credit Card,10
4708,21,Female,88927,Engineer,Seattle,Gold,73,45,413.25,310,Toys,96,26,13,6,20810.22,Credit Card,2
4709,18,Female,133178,Other,Miami,Silver,78,11,23.34,348,Beauty,99,26,8,12,302.23,Debit Card,10
4710,67,Male,55667,Retired,Dallas,Silver,96,10,369.35,58,Fashion,16,28,1,11,3848.78,Credit Card,5
4711,18,Male,21611,Freelancer,Los Angeles,Bronze,37,22,394.07,93,Grocery,2,24,10,7,7563.33,Cash,4
4712,43,Male,103242,Student,Chicago,Bronze,70,31,353.21,322,Sports,36,25,10,14,12133.22,Debit Card,4
4713,62,Male,99612,Business,Boston,Gold,69,41,359.71,4,Sports,71,18,2,3,15637.91,UPI,4
4714,37,Female,61902,Teacher,Dallas,Bronze,4,47,30.29,82,Electronics,35,18,0,8,1670.55,UPI,7
4715,69,Female,48043,Freelancer,New York,Bronze,60,14,226.6,327,Toys,30,28,0,5,2883.25,Credit Card,3
4716,40,Female,87867,Engineer,Los Angeles,Silver,80,3,410.91,36,Books,45,1,1,11,1464.5,Net Banking,2
4717,27,Female,92089,Teacher,Seattle,Silver,74,24,467.66,26,Sports,46,9,1,7,11456.52,UPI,5
4718,28,Male,73745,Doctor,Seattle,Bronze,31,14,122.44,12,Books,93,6,13,8,2032.31,UPI,6
4719,58,Female,100970,Freelancer,Dallas,Bronze,95,16,293.81,64,Electronics,65,11,12,0,5235.06,UPI,8
4720,58,Female,39464,Other,Chicago,Bronze,14,28,404.12,202,Grocery,1,25,5,13,12971.75,Cash,3
4721,22,Male,133523,Freelancer,Los Angeles,Gold,77,35,378.68,179,Toys,57,1,14,4,12319.89,Net Banking,4
4722,18,Female,35662,Other,Dallas,Bronze,60,40,313.26,296,Toys,71,6,10,14,11124.16,Credit Card,4
4723,34,Female,33228,Business,New York,Platinum,68,2,19.16,270,Electronics,67,18,7,6,40.22,Credit Card,4
4724,39,Female,75721,Business,Boston,Bronze,26,34,364.7,14,Electronics,100,30,11,9,11776.49,Debit Card,7
4725,51,Female,21862,Engineer,Dallas,Bronze,24,18,388.89,0,Toys,31,0,3,1,8360.53,Cash,4
4726,62,Male,55108,Freelancer,Miami,Silver,56,7,364.2,270,Electronics,25,10,2,11,2544.81,Net Banking,7
4727,58,Male,106788,Business,San Francisco,Bronze,9,49,385.25,47,Books,47,7,12,10,15935.98,Debit Card,4
4728,46,Male,95140,Doctor,Miami,Silver,35,38,221.15,181,Fashion,56,7,13,6,8399.68,Net Banking,10
4729,21,Male,83578,Other,Los Angeles,Gold,79,42,496.94,182,Books,88,13,1,6,21164.37,UPI,8
4730,22,Male,64966,Retired,Phoenix,Bronze,24,7,387.69,327,Books,1,12,0,2,2176.2,Net Banking,5
4731,28,Female,25386,Retired,Miami,Gold,31,4,293.55,213,Electronics,95,9,7,8,1054.66,Debit Card,2
4732,68,Female,92228,Retired,San Francisco,Bronze,83,43,467.75,26,Home,37,16,12,6,16101.38,Cash,9
4733,38,Male,87197,Business,Miami,Bronze,66,16,455.02,225,Toys,75,26,6,13,7457.96,Cash,9
4734,52,Male,58021,Freelancer,Dallas,Bronze,66,49,409.14,157,Beauty,67,5,12,11,18380.95,UPI,1
4735,29,Male,133915,Retired,San Francisco,Platinum,41,6,286.21,59,Grocery,12,19,14,11,1492.78,Credit Card,5
4736,43,Female,132174,Student,Boston,Bronze,36,20,268.28,65,Fashion,20,20,10,9,6092.28,Debit Card,3
4737,68,Male,101755,Teacher,Phoenix,Gold,34,31,171.07,173,Beauty,30,13,15,10,4306.21,Credit Card,10
4738,36,Female,81330,Freelancer,Dallas,Silver,39,19,132.93,51,Grocery,74,23,1,4,2719.35,UPI,5
4739,62,Female,87322,Other,New York,Bronze,83,22,261.06,242,Books,64,7,11,6,5911.02,Net Banking,4
4740,24,Female,117318,Doctor,New York,Silver,23,21,293.11,336,Toys,79,6,6,6,6823.91,Net Banking,3
4741,64,Female,60313,Freelancer,Los Angeles,Gold,80,18,129.82,290,Toys,85,4,11,5,1993.04,UPI,7
4742,24,Male,42032,Doctor,Houston,Gold,44,32,462.07,243,Fashion,64,5,5,3,16983.95,Cash,5
4743,43,Female,76710,Freelancer,Miami,Silver,70,47,283.06,120,Books,18,7,7,7,12354.62,Debit Card,1
4744,57,Female,110326,Retired,San Francisco,Gold,58,34,267.99,41,Grocery,32,20,14,11,7320.48,UPI,4
4745,22,Male,101157,Teacher,Dallas,Bronze,59,27,223.46,183,Sports,19,2,5,1,6411.54,UPI,1
4746,38,Female,43365,Teacher,New York,Platinum,26,38,38.45,44,Grocery,94,8,3,12,1671.12,Debit Card,3
4747,31,Female,28189,Doctor,Phoenix,Gold,22,44,442.38,51,Sports,33,24,12,12,18325.58,Cash,10
4748,21,Female,22248,Freelancer,Houston,Gold,88,30,165.33,150,Books,62,9,13,15,5014.61,Cash,10
4749,40,Male,19369,Teacher,Phoenix,Gold,40,33,324.81,28,Toys,22,0,7,7,10342.86,Debit Card,5
4750,59,Female,43605,Engineer,Miami,Silver,85,27,307.64,56,Sports,29,6,0,12,6786.12,Credit Card,6
4751,37,Female,64616,Freelancer,Chicago,Silver,94,23,296.4,274,Home,88,19,9,13,7507.45,Net Banking,1
4752,32,Male,118719,Teacher,Houston,Silver,11,43,267.6,208,Grocery,4,5,0,4,13538.77,Debit Card,10
4753,67,Male,48055,Student,Seattle,Bronze,9,19,98.91,7,Books,50,12,3,6,1819.21,Cash,9
4754,69,Female,131680,Student,Chicago,Silver,12,31,147.5,246,Toys,76,6,0,2,3922.17,Credit Card,9
4755,62,Female,22450,Engineer,Chicago,Bronze,26,4,266.85,194,Books,100,7,4,13,1069.57,UPI,1
4756,46,Male,148997,Teacher,Miami,Silver,38,19,396.78,321,Sports,4,26,10,15,8759.37,UPI,7
4757,25,Female,65272,Student,Phoenix,Bronze,3,38,221.67,338,Home,5,20,8,6,8780.01,UPI,4
4758,58,Male,20310,Retired,Boston,Bronze,97,40,109.92,27,Fashion,83,4,13,8,3890.92,Net Banking,2
4759,65,Female,46817,Freelancer,New York,Bronze,15,22,53.09,344,Sports,39,11,8,6,1192.84,Cash,2
4760,36,Male,97641,Business,San Francisco,Gold,47,9,334.88,330,Electronics,57,5,8,12,2805.19,Credit Card,6
4761,65,Female,30457,Teacher,San Francisco,Bronze,5,31,217.44,295,Fashion,31,30,5,0,5456.04,Cash,6
4762,56,Male,57311,Other,Dallas,Gold,54,10,71.43,234,Books,7,22,15,8,832.49,Net Banking,5
4763,63,Male,138573,Engineer,Dallas,Bronze,24,10,340.49,129,Toys,12,14,11,6,3805.94,Net Banking,3
4764,45,Male,112427,Teacher,Chicago,Silver,11,30,111.71,75,Toys,10,20,0,1,3919.78,Debit Card,7
4765,63,Male,51181,Doctor,Chicago,Bronze,33,10,259.42,232,Home,29,20,9,4,2783.89,Cash,3
4766,44,Male,147019,Doctor,Boston,Bronze,87,36,160.03,229,Toys,85,27,4,10,5645.26,UPI,7
4767,21,Female,146094,Student,Miami,Silver,74,18,466.53,331,Fashion,13,3,9,15,8374.66,Debit Card,2
4768,32,Female,16128,Other,New York,Silver,57,44,121.86,350,Toys,87,16,1,9,4728.33,Cash,8
4769,52,Male,94522,Doctor,San Francisco,Bronze,52,43,215.76,309,Fashion,70,13,11,14,8855.73,Debit Card,2
4770,54,Female,63929,Engineer,Boston,Silver,64,48,480.15,188,Books,31,6,0,1,19948.28,Debit Card,2
4771,18,Female,96696,Other,San Francisco,Gold,43,19,166.18,1,Electronics,9,22,12,6,3123.9,Credit Card,4
4772,20,Female,130245,Student,Seattle,Bronze,92,43,325.85,335,Electronics,51,12,4,8,14829.37,Debit Card,10
4773,64,Female,24808,Engineer,Dallas,Bronze,81,23,165.2,64,Electronics,88,21,4,3,3429.67,Net Banking,1
4774,41,Female,110148,Freelancer,Seattle,Silver,44,4,64.23,51,Electronics,16,9,0,2,302.53,UPI,7
4775,44,Female,36725,Engineer,New York,Bronze,90,12,317.5,33,Home,59,17,12,5,4033.79,Credit Card,2
4776,57,Male,87534,Doctor,New York,Platinum,89,49,458.86,300,Toys,58,1,14,7,19965.18,Debit Card,6
4777,53,Female,54950,Freelancer,Miami,Silver,36,24,231.76,239,Electronics,11,21,12,7,4821.35,Credit Card,5
4778,51,Female,98576,Doctor,Houston,Silver,12,13,316.83,128,Toys,36,11,6,7,3575.06,UPI,5
4779,46,Female,35557,Engineer,Chicago,Silver,56,4,308.36,242,Home,1,12,2,4,1467.23,UPI,4
4780,41,Male,36825,Doctor,Dallas,Silver,3,27,213.39,355,Home,21,24,10,12,5154.55,Credit Card,5
4781,41,Female,23998,Other,Boston,Bronze,50,38,311.3,307,Beauty,44,20,12,10,10260.22,Cash,9
4782,59,Female,51080,Doctor,Miami,Platinum,29,39,137.07,322,Books,100,6,5,12,4627.24,UPI,1
4783,21,Female,57407,Doctor,Boston,Silver,88,8,195.24,97,Beauty,37,17,15,11,1464.64,Net Banking,2
4784,20,Male,135283,Teacher,Houston,Bronze,83,26,226.74,75,Toys,6,21,1,5,6167.17,Net Banking,7
4785,51,Female,28338,Freelancer,Miami,Silver,77,34,433.36,311,Electronics,14,10,13,11,12253.45,Debit Card,9
4786,66,Male,91289,Other,Phoenix,Bronze,16,9,180.68,364,Home,93,21,8,15,1404.6,Cash,3
4787,40,Female,146029,Freelancer,San Francisco,Bronze,40,10,321.22,218,Fashion,1,9,1,12,3824.38,Cash,6
4788,70,Male,124367,Retired,Chicago,Silver,27,1,114.57,305,Sports,8,21,1,1,119.97,Debit Card,5
4789,69,Male,80898,Freelancer,Chicago,Silver,70,48,133.76,100,Sports,44,5,0,15,5495.12,UPI,9
4790,40,Male,149526,Retired,Chicago,Silver,42,50,327.73,118,Toys,83,13,0,5,16714.87,Credit Card,9
4791,62,Female,132486,Engineer,Seattle,Bronze,57,8,383.53,139,Beauty,87,19,11,13,2750.29,Cash,10
4792,22,Male,101540,Retired,Dallas,Silver,10,10,236.44,224,Electronics,75,4,3,15,2812.33,Cash,3
4793,48,Male,140416,Retired,Miami,Bronze,38,43,174.2,254,Grocery,27,19,6,12,7157.45,UPI,10
4794,70,Male,54963,Business,Miami,Silver,8,49,456.03,72,Sports,36,5,3,4,19148.95,Credit Card,10
4795,58,Male,109929,Engineer,Seattle,Silver,18,25,76.55,311,Books,42,8,4,2,2000.23,Net Banking,2
4796,23,Female,89935,Freelancer,New York,Silver,96,31,363.15,305,Books,20,28,5,7,9624.42,Cash,10
4797,54,Female,28686,Student,Dallas,Gold,17,39,348.18,155,Home,8,4,4,3,13677.17,UPI,4
4798,27,Female,78528,Doctor,Houston,Gold,58,3,348.22,258,Books,46,4,4,13,1191.85,Cash,9
4799,57,Female,114811,Doctor,Houston,Platinum,66,39,468.36,63,Home,100,18,13,1,17138.88,Net Banking,3
4800,24,Male,37787,Business,Chicago,Platinum,44,38,366.81,309,Sports,52,12,3,10,13813.23,Debit Card,4
4801,56,Female,130613,Student,Miami,Gold,84,35,157.77,35,Fashion,26,26,13,2,4656.83,UPI,2
4802,55,Male,119887,Teacher,Los Angeles,Platinum,74,8,183.17,247,Sports,35,22,8,1,1551.14,Credit Card,1
4803,38,Female,76086,Retired,New York,Gold,9,1,201.64,43,Beauty,60,4,15,1,170.36,Debit Card,5
4804,37,Female,117231,Other,Boston,Gold,48,5,25.1,118,Books,3,13,4,2,116.81,Credit Card,4
4805,20,Female,78308,Engineer,Chicago,Bronze,39,27,457.62,348,Toys,4,1,8,12,14041.97,Net Banking,10
4806,68,Male,30797,Teacher,Houston,Bronze,89,45,46.04,180,Electronics,93,24,15,6,1781.68,Credit Card,2
4807,39,Female,20302,Student,Houston,Gold,89,26,352.9,69,Electronics,62,4,13,9,10423.88,Cash,6
4808,64,Female,53059,Business,Dallas,Silver,88,43,367.78,357,Toys,64,22,14,15,16640.51,Net Banking,5
4809,21,Female,146980,Student,New York,Gold,6,26,423.42,266,Home,50,27,3,13,9428.23,Debit Card,1
4810,45,Male,29239,Business,New York,Bronze,30,11,281.15,218,Sports,92,22,8,0,2682.55,Cash,10
4811,29,Female,42313,Teacher,Los Angeles,Bronze,74,34,365.38,189,Grocery,19,25,4,9,13233.95,Cash,3
4812,55,Female,57103,Teacher,Houston,Gold,95,41,158.33,255,Beauty,43,11,7,5,7086.6,Net Banking,4
4813,68,Male,103771,Other,San Francisco,Platinum,18,2,375.34,186,Home,92,23,0,10,797.44,Credit Card,1
4814,53,Male,141228,Student,Dallas,Bronze,43,21,178.27,226,Sports,82,19,14,0,4064.21,Credit Card,8
4815,64,Female,106665,Student,Miami,Gold,33,26,452.39,60,Toys,14,6,3,2,11110.91,Debit Card,3
4816,58,Female,25534,Retired,San Francisco,Gold,53,12,90.06,167,Beauty,14,2,12,11,865.2,Net Banking,5
4817,22,Female,58060,Doctor,Phoenix,Bronze,56,9,164.72,131,Toys,54,8,14,3,1499.62,Debit Card,3
4818,30,Male,32189,Business,Dallas,Bronze,19,41,254.4,154,Grocery,29,14,12,12,10824.74,UPI,4
4819,40,Male,143431,Doctor,Boston,Bronze,87,23,390.17,271,Home,3,14,3,15,9647.51,Net Banking,9
4820,67,Male,101067,Engineer,Miami,Bronze,69,42,376.91,209,Books,98,7,1,7,14128.87,UPI,3
4821,47,Female,25967,Engineer,New York,Silver,26,5,113.25,6,Beauty,73,27,2,1,491.56,Debit Card,8
4822,54,Male,80563,Student,Miami,Bronze,29,9,80.68,10,Home,5,30,7,14,822.06,UPI,6
4823,42,Female,23660,Teacher,Dallas,Bronze,24,50,158.95,199,Beauty,93,25,11,6,9032.48,UPI,6
4824,65,Male,133671,Engineer,Houston,Gold,6,10,247.04,250,Beauty,5,15,7,2,2952.24,Cash,1
4825,44,Male,144909,Engineer,Phoenix,Silver,54,49,274.11,63,Books,45,24,13,0,12570.5,Cash,7
4826,68,Male,90976,Other,New York,Silver,39,10,220.28,179,Home,64,1,0,5,1814.24,Debit Card,4
4827,31,Female,28107,Doctor,San Francisco,Bronze,4,14,334.91,127,Electronics,64,19,1,1,4643.51,Debit Card,8
4828,65,Female,109182,Other,Seattle,Gold,58,36,219.5,261,Books,43,0,3,12,7837.98,Credit Card,9
4829,64,Female,106787,Doctor,Phoenix,Gold,48,10,473.7,119,Grocery,43,23,10,2,3858.82,UPI,2
4830,53,Female,30954,Retired,Los Angeles,Silver,60,50,137.87,47,Home,51,28,12,13,7100.47,Credit Card,8
4831,56,Male,31943,Other,Seattle,Platinum,26,37,317.41,68,Toys,13,3,5,5,10620.58,Credit Card,8
4832,33,Female,55725,Retired,Boston,Gold,79,41,309.58,261,Toys,90,3,2,2,10759.04,Net Banking,6
4833,39,Male,60434,Engineer,San Francisco,Gold,77,38,147.97,229,Electronics,73,22,15,11,5858.78,Credit Card,3
4834,38,Female,100751,Student,Boston,Gold,40,48,211.73,251,Toys,68,29,6,4,9278.23,Credit Card,5
4835,38,Female,25110,Doctor,Miami,Bronze,86,22,189.08,230,Fashion,95,5,2,13,4262.21,UPI,2
4836,25,Male,31462,Engineer,Houston,Bronze,77,23,94.52,223,Sports,69,2,7,2,1752.39,Credit Card,6
4837,66,Male,94232,Teacher,Miami,Bronze,56,16,243.87,206,Home,7,7,5,11,3693.12,UPI,3
4838,33,Female,81567,Doctor,Houston,Bronze,39,11,199.46,340,Electronics,92,1,7,6,2514.76,UPI,4
4839,48,Female,142425,Engineer,Chicago,Bronze,81,47,97.38,27,Toys,78,28,6,6,4851.69,Credit Card,9
4840,59,Male,71063,Retired,Chicago,Gold,100,35,230.44,364,Home,88,16,11,11,9251.05,UPI,10
4841,27,Male,128394,Other,Boston,Bronze,39,48,216.7,218,Home,42,27,4,0,11402.13,Debit Card,5
4842,49,Male,70240,Business,Los Angeles,Platinum,48,20,74.37,336,Home,5,11,4,5,1618.12,Debit Card,7
4843,51,Male,96352,Doctor,Boston,Silver,25,37,74.28,100,Books,47,28,2,12,3155.14,UPI,9
4844,26,Male,95989,Business,Chicago,Bronze,34,41,327.28,57,Beauty,48,11,3,12,10839.68,Debit Card,5
4845,34,Female,37222,Doctor,Seattle,Silver,21,5,356.22,23,Fashion,98,14,14,14,1724.1,Net Banking,1
4846,28,Female,94794,Doctor,Seattle,Bronze,25,36,471.18,226,Grocery,92,17,7,2,20086.39,Cash,2
4847,49,Female,78924,Other,Los Angeles,Platinum,89,13,52.63,168,Grocery,47,8,4,6,595.84,Debit Card,3
4848,27,Female,114854,Retired,Los Angeles,Gold,22,17,67.75,245,Home,8,30,12,0,1222.57,Credit Card,3
4849,39,Male,93513,Freelancer,Los Angeles,Bronze,23,26,35.39,323,Electronics,21,20,14,9,1026.95,Debit Card,1
4850,34,Male,69649,Freelancer,Boston,Platinum,25,44,270.79,211,Toys,88,4,8,2,13981.28,Net Banking,9
4851,21,Male,117986,Business,San Francisco,Gold,78,20,315.15,362,Books,24,21,2,11,7240.38,Net Banking,9
4852,65,Female,98749,Student,Dallas,Bronze,78,39,207.73,265,Home,13,2,9,9,8673.7,Net Banking,4
4853,69,Male,54369,Engineer,New York,Silver,26,33,400.97,20,Beauty,15,16,2,1,14349.64,Debit Card,9
4854,64,Male,101379,Student,Los Angeles,Silver,30,30,346.48,123,Beauty,89,28,7,13,9741.78,Cash,4
4855,42,Female,84392,Student,New York,Bronze,90,16,493.06,96,Home,53,23,7,7,7017.82,Credit Card,8
4856,38,Female,27661,Freelancer,San Francisco,Gold,38,7,77.57,137,Grocery,92,22,11,7,642.6,Cash,3
4857,54,Female,86718,Engineer,Dallas,Bronze,86,30,38.57,337,Toys,72,11,6,10,1377.21,Debit Card,9
4858,55,Male,22970,Freelancer,Los Angeles,Silver,34,2,144.65,352,Beauty,31,30,5,13,280.58,Cash,4
4859,66,Male,62922,Other,Los Angeles,Bronze,89,12,19.33,92,Sports,71,13,6,8,223.69,UPI,8
4860,18,Female,45755,Other,Los Angeles,Platinum,100,43,466.98,94,Electronics,51,7,6,12,19692.33,Credit Card,2
4861,42,Female,135926,Freelancer,Seattle,Gold,77,40,158.94,23,Electronics,47,8,5,8,6259.47,UPI,7
4862,68,Male,34416,Retired,San Francisco,Bronze,93,1,280.69,135,Beauty,39,1,12,10,319.11,UPI,2
4863,53,Female,28672,Freelancer,New York,Bronze,73,3,165.85,333,Grocery,81,20,12,12,483.76,Cash,5
4864,34,Male,143145,Teacher,Houston,Bronze,15,8,130.45,132,Books,57,1,8,1,1203.21,UPI,9
4865,58,Female,89095,Student,Houston,Gold,95,26,84.66,53,Home,50,28,4,6,2373.01,Credit Card,5
4866,41,Female,15064,Retired,San Francisco,Bronze,44,40,166.98,291,Sports,57,23,4,6,7922.58,UPI,4
4867,19,Female,83835,Retired,Los Angeles,Gold,91,11,311.56,111,Sports,35,15,5,3,3666.46,Debit Card,8
4868,57,Male,102594,Student,Houston,Platinum,95,21,486.09,130,Home,86,19,9,5,9849.29,Credit Card,5
4869,32,Male,131916,Retired,New York,Silver,10,5,283.47,277,Books,7,10,10,0,1654.32,Debit Card,9
4870,49,Female,135308,Student,Houston,Bronze,37,40,271.03,263,Sports,53,19,12,13,9669.46,Debit Card,9
4871,56,Male,97516,Teacher,New York,Bronze,7,26,27.28,77,Fashion,10,9,3,5,841.19,Net Banking,2
4872,23,Female,79666,Doctor,Los Angeles,Silver,32,21,421.65,262,Beauty,92,7,9,14,7237.54,Net Banking,10
4873,18,Female,133294,Retired,Los Angeles,Silver,11,9,31.97,67,Sports,39,6,9,12,303.95,Debit Card,9
4874,64,Male,25866,Business,Boston,Silver,48,17,454.05,61,Books,58,0,8,0,6231.43,UPI,8
4875,40,Male,18889,Business,Chicago,Silver,92,37,273.95,362,Toys,93,22,11,4,8935.92,Debit Card,10
4876,56,Male,133194,Teacher,Seattle,Bronze,68,2,92.55,174,Beauty,35,29,15,3,182.43,Debit Card,7
4877,34,Male,139714,Student,Dallas,Gold,48,47,231.34,279,Grocery,59,9,1,5,9386.74,Net Banking,6
4878,51,Female,46335,Business,Dallas,Bronze,45,40,497.54,235,Grocery,22,18,10,10,23792.95,Cash,4
4879,58,Male,65547,Teacher,Miami,Silver,95,28,159.49,135,Home,9,4,11,14,4953.4,Cash,7
4880,46,Male,113756,Freelancer,Seattle,Gold,93,27,142.04,223,Grocery,100,23,2,10,4373.3,Cash,6
4881,26,Female,25995,Engineer,Los Angeles,Bronze,33,40,67.82,88,Fashion,8,21,8,4,3232.65,Debit Card,8
4882,30,Female,17631,Business,Dallas,Gold,4,1,302.6,106,Grocery,94,7,0,4,323.75,Debit Card,1
4883,23,Female,103294,Other,New York,Gold,47,46,53.72,40,Beauty,94,20,4,2,2240.41,UPI,3
4884,23,Female,102278,Engineer,Miami,Silver,90,11,385.34,185,Electronics,58,25,2,9,4674.4,Net Banking,8
4885,37,Male,79471,Other,Houston,Bronze,53,39,460.42,187,Electronics,95,8,13,14,18561.95,Debit Card,2
4886,69,Male,52116,Student,Houston,Bronze,31,18,466.62,8,Beauty,22,28,2,1,7618.03,Credit Card,9
4887,70,Female,107116,Business,Miami,Bronze,31,27,62.88,179,Electronics,95,30,0,6,1607.63,Credit Card,2
4888,20,Female,148014,Teacher,Chicago,Bronze,27,47,283.55,185,Sports,40,12,7,9,13901.87,Net Banking,9
4889,34,Male,62664,Doctor,Phoenix,Platinum,89,10,57.58,81,Electronics,28,13,13,14,551.72,Credit Card,7
4890,66,Male,102342,Business,New York,Silver,48,36,290.29,176,Books,46,26,2,11,9343.25,Credit Card,4
4891,29,Male,29407,Business,Dallas,Bronze,36,21,409.34,93,Fashion,69,5,3,7,8355.18,Net Banking,3
4892,65,Male,128926,Business,Chicago,Platinum,49,28,273.52,115,Toys,81,10,15,4,6842.47,Debit Card,8
4893,64,Male,74201,Business,New York,Gold,31,1,437.31,159,Grocery,52,30,4,8,502.93,Debit Card,10
4894,62,Female,95093,Other,Boston,Bronze,44,14,402.82,244,Electronics,11,8,4,0,6077.27,UPI,7
4895,18,Female,32878,Teacher,Dallas,Bronze,59,20,145.51,282,Electronics,22,12,11,12,2766.48,Debit Card,10
4896,34,Female,98100,Teacher,Boston,Bronze,23,9,318.75,212,Books,47,3,1,2,3379.89,Credit Card,1
4897,20,Female,93629,Other,Los Angeles,Platinum,99,45,13.63,151,Toys,89,1,6,7,586.1,Credit Card,7
4898,43,Male,58168,Doctor,Seattle,Silver,68,27,204.06,165,Home,13,29,5,4,5673.74,UPI,1
4899,32,Female,69862,Teacher,Los Angeles,Gold,92,49,126.6,142,Fashion,100,23,13,1,6232.86,Net Banking,1
4900,53,Male,43004,Teacher,Houston,Bronze,42,4,469.19,24,Home,45,20,10,9,1592.93,Credit Card,5
4901,49,Male,35471,Student,Chicago,Gold,42,37,208.64,199,Fashion,75,1,6,8,7484.36,Debit Card,10
4902,49,Male,106820,Retired,Miami,Bronze,13,18,330.49,232,Electronics,69,21,14,12,4943.58,Debit Card,5
4903,21,Male,117229,Student,Los Angeles,Platinum,1,31,368.67,3,Sports,78,12,9,0,9922.69,Debit Card,2
4904,35,Male,80308,Retired,Chicago,Platinum,76,49,388.87,287,Electronics,22,18,9,2,21246.13,Credit Card,7
4905,66,Male,98969,Engineer,San Francisco,Bronze,53,39,370.53,172,Sports,67,0,2,13,13310.0,Cash,3
4906,36,Male,29568,Doctor,Houston,Gold,40,10,151.69,183,Home,35,27,7,13,1267.49,Credit Card,1
4907,60,Female,24466,Retired,Dallas,Gold,90,9,346.17,250,Books,32,5,15,13,3388.4,Credit Card,7
4908,69,Male,72324,Student,Chicago,Platinum,46,28,279.01,290,Grocery,38,26,14,3,8757.24,Cash,4
4909,52,Female,117208,Doctor,New York,Bronze,87,28,302.71,285,Beauty,58,7,5,6,8740.59,Cash,4
4910,57,Female,90955,Doctor,Dallas,Silver,22,13,10.4,358,Grocery,40,16,6,3,157.68,Debit Card,3
4911,31,Male,109791,Business,Houston,Gold,52,18,136.55,111,Electronics,88,2,8,10,2801.46,Debit Card,7
4912,50,Male,123718,Freelancer,Los Angeles,Gold,28,12,466.04,304,Electronics,92,5,7,1,5710.4,Debit Card,2
4913,31,Female,37650,Freelancer,San Francisco,Bronze,53,8,152.14,349,Sports,21,30,7,1,1332.51,Credit Card,7
4914,51,Female,103290,Freelancer,Boston,Gold,63,23,224.63,338,Fashion,49,25,15,15,4813.6,Net Banking,10
4915,21,Female,92701,Doctor,Phoenix,Bronze,17,50,101.47,129,Home,97,28,2,9,5350.08,UPI,8
4916,41,Female,25683,Business,Dallas,Gold,64,5,77.92,186,Home,92,18,0,0,463.92,Net Banking,2
4917,46,Male,95978,Engineer,Dallas,Bronze,6,7,112.25,28,Home,39,6,11,6,880.0,Cash,8
4918,36,Male,19860,Engineer,Miami,Bronze,14,15,281.29,157,Sports,61,14,0,13,4007.6,Credit Card,7
4919,23,Male,149801,Freelancer,Los Angeles,Silver,17,3,460.32,234,Fashion,100,5,9,8,1619.79,Credit Card,10
4920,50,Female,46351,Engineer,Dallas,Silver,38,18,169.84,277,Fashion,10,24,1,11,3454.71,UPI,8
4921,66,Male,77744,Business,Miami,Silver,69,38,168.47,101,Books,40,28,7,9,5216.8,Net Banking,3
4922,57,Female,135198,Freelancer,Houston,Silver,13,26,286.43,224,Fashion,58,21,9,1,8180.0,Cash,6
4923,36,Male,89155,Retired,Dallas,Bronze,53,38,184.8,274,Fashion,89,22,14,6,8360.59,UPI,1
4924,70,Female,136449,Retired,San Francisco,Bronze,9,33,456.1,322,Electronics,45,17,5,13,13953.8,Credit Card,7
4925,18,Male,91700,Business,New York,Gold,44,21,195.15,231,Beauty,17,9,14,14,3729.87,UPI,4
4926,22,Male,21955,Other,Phoenix,Bronze,26,17,250.32,341,Home,68,3,5,7,4493.86,Debit Card,4
4927,44,Female,36662,Engineer,Houston,Silver,77,43,271.36,273,Beauty,10,4,0,2,9848.77,Net Banking,9
4928,33,Female,21408,Freelancer,Boston,Silver,19,2,393.21,364,Grocery,62,17,1,3,841.46,Cash,7
4929,23,Female,16225,Retired,Los Angeles,Platinum,48,25,286.31,112,Grocery,89,26,4,13,6374.92,Debit Card,8
4930,57,Female,32279,Business,Los Angeles,Gold,81,41,127.19,138,Grocery,32,9,2,8,5113.69,Net Banking,6
4931,30,Female,125401,Teacher,Los Angeles,Bronze,80,19,70.75,215,Sports,72,9,1,3,1555.01,Debit Card,2
4932,65,Male,107404,Retired,San Francisco,Gold,30,38,469.51,313,Grocery,42,9,13,5,19959.42,UPI,3
4933,52,Female,63481,Teacher,Houston,Platinum,32,25,402.77,273,Home,45,6,8,7,8490.36,Cash,4
4934,36,Male,59552,Business,Dallas,Silver,78,39,21.25,327,Books,76,19,9,9,915.4,UPI,2
4935,29,Male,89474,Business,San Francisco,Platinum,79,4,412.55,348,Grocery,21,13,6,1,1591.92,UPI,1
4936,33,Male,40168,Student,Miami,Silver,76,3,299.39,183,Grocery,27,24,0,0,1075.81,Net Banking,9
4937,60,Male,47099,Retired,Los Angeles,Silver,75,34,264.26,311,Books,30,29,14,6,8265.1,Cash,10
4938,27,Male,76455,Student,Boston,Bronze,69,42,15.99,193,Electronics,74,7,15,0,663.68,Cash,2
4939,42,Female,69240,Doctor,Miami,Silver,11,10,392.62,278,Grocery,85,25,10,3,3676.77,UPI,5
4940,37,Female,89796,Retired,Phoenix,Bronze,98,49,107.05,271,Books,1,8,0,4,5426.3,Cash,7
4941,48,Male,69592,Freelancer,Dallas,Bronze,83,27,366.71,299,Beauty,9,23,2,1,8973.93,Credit Card,2
4942,21,Male,137181,Doctor,Dallas,Bronze,26,48,17.78,71,Electronics,3,4,9,9,994.31,Cash,6
4943,61,Female,116611,Doctor,Chicago,Bronze,26,26,400.21,195,Toys,53,24,14,12,10892.39,UPI,10
4944,40,Female,73046,Engineer,Boston,Bronze,17,27,21.29,269,Fashion,42,20,5,3,676.62,Credit Card,8
4945,19,Male,31488,Teacher,San Francisco,Silver,95,1,125.59,330,Sports,19,7,12,10,134.66,Credit Card,7
4946,39,Female,133521,Engineer,San Francisco,Bronze,83,44,141.46,239,Electronics,6,19,1,10,5442.06,Net Banking,6
4947,68,Female,146467,Freelancer,Seattle,Platinum,44,20,87.18,107,Electronics,7,28,10,9,1405.63,UPI,8
4948,54,Female,33394,Business,Phoenix,Bronze,84,25,245.72,291,Beauty,43,4,7,10,5915.9,Cash,2
4949,25,Male,108993,Student,Los Angeles,Silver,23,10,149.01,299,Toys,80,26,13,6,1784.25,Credit Card,4
4950,24,Female,74332,Freelancer,Chicago,Bronze,25,1,496.71,99,Books,36,19,11,3,571.6,UPI,4
4951,31,Male,57628,Business,Miami,Bronze,92,16,294.18,80,Home,68,17,3,10,5359.82,Net Banking,7
4952,20,Male,36352,Freelancer,Dallas,Bronze,37,11,287.57,269,Home,82,3,7,0,3250.18,Debit Card,7
4953,67,Male,97971,Business,Seattle,Silver,76,4,118.23,348,Grocery,96,10,11,11,396.28,Debit Card,3
4954,33,Male,66993,Retired,Seattle,Gold,65,35,210.26,16,Fashion,96,30,6,12,5931.95,Cash,4
4955,36,Male,118027,Student,Phoenix,Bronze,2,13,70.75,192,Books,82,20,1,9,1044.33,Debit Card,1
4956,68,Female,135212,Business,New York,Bronze,74,21,383.64,211,Toys,39,21,8,3,7016.81,Credit Card,8
4957,35,Male,23539,Doctor,Dallas,Bronze,98,15,172.27,352,Beauty,43,19,4,10,2146.52,Credit Card,4
4958,69,Male,147335,Freelancer,San Francisco,Gold,32,10,378.46,125,Books,37,10,5,11,4102.14,UPI,5
4959,33,Male,68817,Student,Miami,Gold,89,38,192.13,309,Books,28,13,12,5,5844.18,Cash,5
4960,25,Female,64107,Business,Los Angeles,Bronze,74,11,494.49,125,Beauty,50,25,13,12,5963.35,UPI,1
4961,50,Female,144240,Doctor,Los Angeles,Bronze,55,32,93.85,129,Electronics,39,12,14,13,2633.6,UPI,1
4962,66,Female,114655,Doctor,Boston,Platinum,50,33,10.75,144,Fashion,2,27,1,11,329.41,Cash,7
4963,29,Female,71132,Retired,New York,Bronze,65,20,301.46,255,Books,37,3,2,4,5237.44,UPI,1
4964,70,Female,140701,Teacher,Phoenix,Silver,32,36,476.95,22,Beauty,66,15,9,12,19073.68,Debit Card,9
4965,28,Female,120494,Doctor,Los Angeles,Bronze,37,30,327.06,213,Home,19,5,11,3,9752.04,Net Banking,6
4966,22,Female,67979,Engineer,Chicago,Silver,76,10,52.0,128,Sports,69,30,7,1,450.49,UPI,1
4967,44,Male,73013,Student,Los Angeles,Platinum,82,15,274.84,11,Books,44,22,10,14,3361.62,Credit Card,1
4968,29,Male,78797,Student,Houston,Platinum,94,29,455.65,140,Sports,13,12,4,9,15786.37,Credit Card,5
4969,34,Female,66798,Other,Chicago,Gold,13,1,13.19,267,Beauty,22,22,15,10,14.32,Debit Card,3
4970,23,Male,91421,Student,Miami,Silver,54,21,91.79,56,Electronics,7,19,9,5,2066.34,UPI,8
4971,50,Male,22434,Business,Boston,Silver,3,15,409.14,85,Books,2,4,0,11,6144.0,UPI,8
4972,22,Female,45028,Freelancer,Los Angeles,Bronze,85,3,448.01,273,Sports,62,30,8,5,1309.08,Cash,10
4973,45,Male,81558,Business,San Francisco,Platinum,42,33,356.51,102,Electronics,78,18,14,5,13157.62,UPI,8
4974,31,Male,39331,Engineer,Chicago,Gold,78,38,495.86,338,Grocery,89,20,12,3,21304.35,UPI,6
4975,22,Female,82573,Other,Boston,Silver,40,19,54.21,349,Grocery,90,9,10,7,849.17,Credit Card,5
4976,50,Male,144473,Freelancer,Seattle,Bronze,74,4,277.38,142,Books,5,4,15,0,1269.03,Cash,5
4977,67,Female,97979,Retired,Houston,Silver,66,12,345.65,333,Electronics,20,13,11,9,4581.74,UPI,6
4978,65,Female,19123,Doctor,Houston,Platinum,60,25,354.3,328,Beauty,54,3,0,7,8808.65,Debit Card,6
4979,58,Male,31603,Other,Miami,Silver,11,34,398.81,175,Grocery,76,5,8,7,13431.13,UPI,10
4980,36,Male,80941,Business,Chicago,Bronze,1,17,459.64,132,Home,63,4,9,4,8860.3,Cash,9
4981,39,Male,57597,Freelancer,San Francisco,Bronze,26,6,187.2,343,Books,36,23,5,15,1255.09,Debit Card,7
4982,22,Female,99238,Doctor,New York,Bronze,42,12,31.05,263,Books,95,28,6,8,318.77,Debit Card,6
4983,19,Female,56751,Freelancer,San Francisco,Platinum,62,15,187.6,146,Grocery,81,28,12,11,2869.37,Debit Card,10
4984,47,Female,141462,Doctor,Boston,Platinum,61,17,339.09,11,Home,16,1,0,8,6846.78,Credit Card,7
4985,64,Male,101978,Freelancer,Los Angeles,Platinum,77,1,114.59,327,Sports,57,5,9,9,125.38,Credit Card,3
4986,56,Male,32693,Business,Dallas,Gold,92,14,406.89,54,Beauty,64,1,10,3,6774.18,Debit Card,2
4987,21,Female,109524,Other,Miami,Silver,100,2,117.68,229,Electronics,10,11,13,15,261.34,Credit Card,10
4988,50,Male,112869,Business,Dallas,Silver,85,4,14.93,121,Toys,99,21,0,13,60.31,Debit Card,7
4989,30,Male,78825,Engineer,Chicago,Silver,62,2,258.96,348,Grocery,97,3,14,13,539.65,Debit Card,3
4990,37,Female,145475,Retired,New York,Gold,74,26,365.97,232,Books,99,12,15,1,10312.27,Net Banking,4
4991,24,Female,60406,Retired,Houston,Silver,12,46,181.33,161,Beauty,51,16,4,0,9104.65,Credit Card,2
4992,32,Male,138371,Teacher,Houston,Silver,27,50,376.96,81,Grocery,27,5,1,7,20714.4,Net Banking,5
4993,40,Female,16617,Student,Seattle,Bronze,67,40,224.82,46,Sports,7,2,10,7,10540.49,Debit Card,5
4994,31,Male,58016,Business,Boston,Bronze,28,33,94.14,363,Beauty,91,12,9,10,2869.48,Debit Card,10
4995,40,Female,39276,Business,Boston,Gold,66,48,54.37,290,Fashion,41,30,11,6,2953.7,Net Banking,10
4996,36,Female,87240,Doctor,San Francisco,Platinum,28,39,358.19,159,Books,76,22,4,15,14358.77,Cash,1
4997,46,Female,121292,Teacher,Boston,Silver,95,6,199.0,178,Sports,97,2,4,12,1378.03,Debit Card,4
4998,37,Male,32959,Retired,San Francisco,Bronze,21,30,457.26,361,Electronics,13,25,5,12,14437.13,Credit Card,3
4999,46,Male,43522,Business,San Francisco,Platinum,7,22,274.72,207,Beauty,66,19,8,14,7095.83,UPI,7
5000,41,Female,41567,Freelancer,Los Angeles,Gold,95,27,180.73,39,Home,3,8,5,14,4731.43,UPI,5
